run,signal,time_s,value
5 m/s,distance,0.0,52.26631457369161
5 m/s,distance,0.041864,52.26631457369161
5 m/s,distance,0.083891,52.24123702448078
5 m/s,distance,0.125713,52.21550869132915
5 m/s,distance,0.167696,52.1643723085515
5 m/s,distance,0.209649,52.09534618606996
5 m/s,distance,0.252975,52.033631763221734
5 m/s,distance,0.29356,52.00629888359923
5 m/s,distance,0.881705,51.70135837200508
5 m/s,distance,0.924966,51.67322415897379
5 m/s,distance,0.966873,51.64497500628758
5 m/s,distance,1.006547,51.617510336887676
5 m/s,distance,1.048616,51.58855517578439
5 m/s,distance,1.090486,51.56084736914619
5 m/s,distance,1.132375,51.533126940439644
5 m/s,distance,1.174378,51.50414037034591
5 m/s,distance,1.216325,51.47478355262867
5 m/s,distance,1.258279,51.44572245554885
5 m/s,distance,1.845456,50.95146463173955
5 m/s,distance,1.887386,50.92520660045064
5 m/s,distance,1.930773,50.89803615904951
5 m/s,distance,1.971226,50.87200912011053
5 m/s,distance,2.013204,50.844684578056956
5 m/s,distance,2.055327,50.81775722870566
5 m/s,distance,2.10129,50.789691097469934
5 m/s,distance,2.14409,50.763537027743936
5 m/s,distance,2.181378,50.74001683262994
5 m/s,distance,2.228536,50.710270884865125
5 m/s,distance,2.264819,50.68797205840554
5 m/s,distance,2.857538,50.4594001406556
5 m/s,distance,2.894027,50.44237187728907
5 m/s,distance,2.935982,50.422792684495214
5 m/s,distance,2.977836,50.40340477004069
5 m/s,distance,3.019758,50.38401511572918
5 m/s,distance,3.061686,50.36544722815067
5 m/s,distance,3.103662,50.34789727804587
5 m/s,distance,3.145655,50.330349472200375
5 m/s,distance,3.187653,50.31294521060012
5 m/s,distance,3.229474,50.2956142604701
5 m/s,distance,3.271623,50.27930259938978
5 m/s,distance,3.858829,50.09647338851434
5 m/s,distance,3.900645,50.08796345760189
5 m/s,distance,3.94394,50.07917237862859
5 m/s,distance,3.984566,50.07189761935566
5 m/s,distance,4.026481,50.06439206307438
5 m/s,distance,4.068406,50.05795949330678
5 m/s,distance,4.110361,50.05223054927949
5 m/s,distance,4.152309,50.04675881576235
5 m/s,distance,4.194264,50.04220082386728
5 m/s,distance,4.236161,50.037649152011895
5 m/s,distance,4.278068,50.03449878061165
5 m/s,distance,4.86616,50.05648315963652
5 m/s,distance,4.908097,50.0631387062112
5 m/s,distance,4.95018,50.07016217779552
5 m/s,distance,4.992204,50.07888562143065
5 m/s,distance,5.034142,50.08759114919852
5 m/s,distance,5.076167,50.09727318298528
5 m/s,distance,5.117363,50.107019718117684
5 m/s,distance,5.159154,50.11787862249613
5 m/s,distance,5.201128,50.13035381623839
5 m/s,distance,5.242975,50.1427913117962
5 m/s,distance,5.284973,50.15663454811857
5 m/s,distance,5.872775,50.439983201500084
5 m/s,distance,5.914748,50.46591875638364
5 m/s,distance,5.956622,50.49289408639656
5 m/s,distance,5.998558,50.522228230137586
5 m/s,distance,6.040512,50.55157504867293
5 m/s,distance,6.082485,50.58173157392174
5 m/s,distance,6.123709,50.61140185000939
5 m/s,distance,6.165552,50.64348399251231
5 m/s,distance,6.207506,50.677358568438805
5 m/s,distance,6.249709,50.71163715584647
5 m/s,distance,6.292545,50.74754517502348
5 m/s,distance,6.878669,51.35220161554655
5 m/s,distance,6.920589,51.400454270019516
5 m/s,distance,6.962548,51.450372194369514
5 m/s,distance,7.004495,51.502156651274184
5 m/s,distance,7.04649,51.55389413319116
5 m/s,distance,7.088382,51.6042882588271
5 m/s,distance,7.130296,51.654709057581826
5 m/s,distance,7.172295,51.706605034714435
5 m/s,distance,7.214173,51.758953514660774
5 m/s,distance,7.25607,51.81111534453889
5 m/s,distance,7.843389,52.4095272070151
5 m/s,distance,7.885262,52.44729447165542
5 m/s,distance,7.927197,52.48511786206197
5 m/s,distance,7.96907,52.521985305039664
5 m/s,distance,8.011026,52.5583721825366
5 m/s,distance,8.054261,52.594574354517725
5 m/s,distance,8.096925,52.62661665083103
5 m/s,distance,8.136919,52.656653807944494
5 m/s,distance,8.178878,52.68682057662168
5 m/s,distance,8.220941,52.71682772945767
5 m/s,distance,8.262697,52.744474359987684
5 m/s,distance,8.849961,53.002303609546075
5 m/s,distance,8.891791,53.00953661276582
5 m/s,distance,8.935466,53.01708862206665
5 m/s,distance,8.975762,53.02219254141826
5 m/s,distance,9.017665,53.02704501025874
5 m/s,distance,9.05959,53.03095514208774
5 m/s,distance,9.101611,53.033409529175444
5 m/s,distance,9.143519,53.035837144486806
5 m/s,distance,9.185521,53.03612891773296
5 m/s,distance,9.22753,53.03642073900928
5 m/s,distance,9.269524,53.03580401715517
5 m/s,distance,9.856859,53.05738929367252
5 m/s,distance,9.898548,53.04872525437313
5 m/s,distance,9.9405,53.04000656190001
5 m/s,distance,9.983845,53.030069231097066
5 m/s,distance,10.025797,53.020393204152136
5 m/s,distance,10.066362,53.01081985254478
5 m/s,distance,10.108154,53.00079000999866
5 m/s,distance,10.150105,52.9905292044919
5 m/s,distance,10.192072,52.97929774601471
5 m/s,distance,10.234008,52.96807464622394
5 m/s,distance,10.276104,52.957076946169664
5 m/s,distance,10.86315,52.806249304238314
5 m/s,distance,10.905156,52.79711134418223
5 m/s,distance,10.947083,52.787991416393254
5 m/s,distance,10.989122,52.778854886344945
5 m/s,distance,11.030983,52.7697570631615
5 m/s,distance,11.072872,52.761288397054166
5 m/s,distance,11.114884,52.75305495811437
5 m/s,distance,11.156794,52.74459723849465
5 m/s,distance,11.198704,52.73563470785321
5 m/s,distance,11.240667,52.72666080725943
5 m/s,distance,11.283818,52.71765471152965
5 m/s,distance,11.869761,52.60207274295065
5 m/s,distance,11.911809,52.59529196373178
5 m/s,distance,11.953786,52.58861525724496
5 m/s,distance,11.995878,52.582192987542356
5 m/s,distance,12.045214,52.574753388399174
5 m/s,distance,12.07968,52.57094650111413
5 m/s,distance,12.12143,52.566335080009836
5 m/s,distance,12.163474,52.561388212503005
5 m/s,distance,12.205292,52.55614656430632
5 m/s,distance,12.252779,52.550360888970275
5 m/s,distance,12.289255,52.54641806822236
5 m/s,distance,12.876437,52.501827300099954
5 m/s,distance,12.918374,52.49962822377807
5 m/s,distance,12.960365,52.49747817673072
5 m/s,distance,13.007805,52.49513326877774
5 m/s,distance,13.044391,52.49333486644769
5 m/s,distance,13.086222,52.491598269954935
5 m/s,distance,13.13213,52.48969242033297
5 m/s,distance,13.170149,52.48857059651926
5 m/s,distance,13.211957,52.487541269628885
5 m/s,distance,13.253942,52.48646489663722
5 m/s,distance,13.841267,52.47732613664766
5 m/s,distance,13.884496,52.47704919674434
5 m/s,distance,13.926441,52.47679270529777
5 m/s,distance,13.967043,52.476347805105966
5 m/s,distance,14.008929,52.47574731812543
5 m/s,distance,14.050772,52.47515818714219
5 m/s,distance,14.092886,52.474613614512265
5 m/s,distance,14.134728,52.474072559550414
5 m/s,distance,14.176586,52.47392378682868
5 m/s,distance,14.218648,52.473873293344944
5 m/s,distance,14.260575,52.47369409741626
5 m/s,distance,14.848679,52.472798555128286
5 m/s,distance,14.89206,52.47343936297725
5 m/s,distance,14.931777,52.47402604731618
5 m/s,distance,14.973646,52.47432150893626
5 m/s,distance,15.015559,52.474497023811374
5 m/s,distance,15.057535,52.47468828545252
5 m/s,distance,15.099423,52.474908709011906
5 m/s,distance,15.141394,52.47512956917532
5 m/s,distance,15.185242,52.475373155988564
5 m/s,distance,15.225315,52.475596254295525
5 m/s,distance,15.270084,52.47594961210371
5 m/s,distance,15.854454,52.47463518230063
5 m/s,distance,15.896359,52.47280216326672
5 m/s,distance,15.938396,52.47096337703764
5 m/s,distance,15.981709,52.468378116704564
5 m/s,distance,16.023744,52.46578692689842
5 m/s,distance,16.066503,52.46241715281194
5 m/s,distance,16.10845,52.458514321208646
5 m/s,distance,16.150077,52.454376895098875
5 m/s,distance,16.190432,52.449087028977424
5 m/s,distance,16.232308,52.44359777052191
5 m/s,distance,16.274251,52.437163840992596
5 m/s,distance,16.861126,52.2466031505733
5 m/s,distance,16.903623,52.22375576641376
5 m/s,distance,16.945938,52.20072568183549
5 m/s,distance,16.987876,52.17399380638628
5 m/s,distance,17.029812,52.147263298677316
5 m/s,distance,17.071775,52.120190494685644
5 m/s,distance,17.113745,52.09296216616475
5 m/s,distance,17.155706,52.0651187163786
5 m/s,distance,17.196794,52.036434259942176
5 m/s,distance,17.239542,52.00659084061274
5 m/s,distance,17.282781,51.97750533171995
5 m/s,distance,17.867735,51.57003999431311
5 m/s,distance,17.909645,51.540653727948055
5 m/s,distance,17.951669,51.51087291361874
5 m/s,distance,17.993523,51.47998510177707
5 m/s,distance,18.035508,51.449000516992875
5 m/s,distance,18.077429,51.41965226001063
5 m/s,distance,18.119435,51.390598067652604
5 m/s,distance,18.16191,51.36044665258928
5 m/s,distance,18.212754,51.323187486906335
5 m/s,distance,18.245517,51.29925012090282
5 m/s,distance,18.287169,51.26997859317427
5 m/s,distance,18.875334,50.8528407813125
5 m/s,distance,18.91737,50.8253311615666
5 m/s,distance,18.959203,50.797751157371
5 m/s,distance,19.001163,50.76976061871881
5 m/s,distance,19.043145,50.741756393404536
5 m/s,distance,19.085071,50.71634393281194
5 m/s,distance,19.126976,50.690944189288054
5 m/s,distance,19.168942,50.664769301554834
5 m/s,distance,19.210872,50.638155682300436
5 m/s,distance,19.252789,50.612010571794336
5 m/s,distance,19.29475,50.58737569150261
5 m/s,distance,19.839032,50.294806387821296
5 m/s,distance,19.882371,50.27618648278962
5 m/s,distance,19.922896,50.25900956315694
5 m/s,distance,19.964789,50.241585820573576
5 m/s,distance,20.01721,50.22017263600764
5 m/s,distance,20.048776,50.20757499965452
5 m/s,distance,20.090728,50.192641556244105
5 m/s,distance,20.132603,50.17773544061333
5 m/s,distance,20.17465,50.16352635349617
5 m/s,distance,20.216535,50.149624211090696
5 m/s,distance,20.25997,50.135973769951356
5 m/s,distance,20.845783,50.12922811225204
5 m/s,distance,20.897809,50.127772036558056
5 m/s,distance,20.930066,50.12686924333725
5 m/s,distance,20.971499,50.12704745435112
5 m/s,distance,21.01411,50.12786410094585
5 m/s,distance,21.056398,50.12929279518674
5 m/s,distance,21.098343,50.13205068858869
5 m/s,distance,21.140254,50.134806340310675
5 m/s,distance,21.182275,50.139590621862794
5 m/s,distance,21.225364,50.1446486399643
5 m/s,distance,21.265126,50.15039175296343
5 m/s,distance,21.85788,50.34011124609373
5 m/s,distance,21.894247,50.35719874523278
5 m/s,distance,21.936136,50.37688083684013
5 m/s,distance,21.978141,50.39963409300203
5 m/s,distance,22.020042,50.42293187016285
5 m/s,distance,22.062028,50.446749591126604
5 m/s,distance,22.104003,50.47113833400307
5 m/s,distance,22.145854,50.49298600263615
5 m/s,distance,22.189223,50.47891738688873
5 m/s,distance,22.229718,50.46578104325458
5 m/s,distance,22.271603,50.480918348357626
5 m/s,distance,22.859026,50.982898842503815
5 m/s,distance,22.900872,51.02420311588318
5 m/s,distance,22.942819,51.065607405877664
5 m/s,distance,22.984969,51.11048894915921
5 m/s,distance,23.026972,51.15523789577995
5 m/s,distance,23.068649,51.19985565641829
5 m/s,distance,23.11061,51.244915091165026
5 m/s,distance,23.152496,51.29087994975389
5 m/s,distance,23.194497,51.34040183257284
5 m/s,distance,23.236571,51.39000973529439
5 m/s,distance,23.278471,51.43933018774579
5 m/s,distance,23.865669,52.19079702114446
5 m/s,distance,23.907565,52.241846890250976
5 m/s,distance,23.949503,52.292702406274195
5 m/s,distance,23.991505,52.34226414829752
5 m/s,distance,24.033377,52.39167256510811
5 m/s,distance,24.075245,52.43893954062133
5 m/s,distance,24.117302,52.48576842133929
5 m/s,distance,24.159136,52.532437311744346
5 m/s,distance,24.20115,52.57945064232038
5 m/s,distance,24.24306,52.62634738666635
5 m/s,distance,24.285018,52.66900534197779
5 m/s,distance,24.872154,53.14444581227155
5 m/s,distance,24.914134,53.16479793120173
5 m/s,distance,24.956095,53.183823532555216
5 m/s,distance,24.997977,53.19987338478641
5 m/s,distance,25.040023,53.21598618836355
5 m/s,distance,25.081903,53.22588533602161
5 m/s,distance,25.123786,53.23529282312746
5 m/s,distance,25.165747,53.24396398329898
5 m/s,distance,25.213249,53.25305052019394
5 m/s,distance,25.24964,53.25975702764169
5 m/s,distance,25.297134,53.26698522459952
5 m/s,distance,25.837101,53.26552242364061
5 m/s,distance,25.878861,53.26942222670808
5 m/s,distance,25.920783,53.27302597827113
5 m/s,distance,25.962631,53.27612840074678
5 m/s,distance,26.004565,53.27866893499039
5 m/s,distance,26.052058,53.28964644504612
5 m/s,distance,26.09239,53.328669090479515
5 m/s,distance,26.130482,53.3655247338841
5 m/s,distance,26.172442,53.37911258183302
5 m/s,distance,26.214391,53.3810491183681
5 m/s,distance,26.257777,53.382892360753466
5 m/s,distance,26.845143,53.3871637321419
5 m/s,distance,26.886837,53.38675732478311
5 m/s,distance,26.927402,53.3863619213805
5 m/s,distance,26.969433,53.38592727056744
5 m/s,distance,27.012278,53.38546899451084
5 m/s,distance,27.053243,53.385036721983525
5 m/s,distance,27.095243,53.38461196079431
5 m/s,distance,27.137069,53.38418895978849
5 m/s,distance,27.179134,53.348778928619524
5 m/s,distance,27.222652,53.30605631943993
5 m/s,distance,27.263073,53.28567078538919
5 m/s,distance,27.850175,53.27464153429504
5 m/s,distance,27.892037,53.27393686264317
5 m/s,distance,27.934194,53.27322722647993
5 m/s,distance,27.975939,53.27267578327687
5 m/s,distance,28.017889,53.272163013912305
5 m/s,distance,28.061246,53.27155991767984
5 m/s,distance,28.101802,53.270900508383356
5 m/s,distance,28.14368,53.27020437538813
5 m/s,distance,28.185701,53.268363748475025
5 m/s,distance,28.227591,53.2665288653948
5 m/s,distance,28.269569,53.26519437360118
5 m/s,distance,28.856773,53.24281536962606
5 m/s,distance,28.898649,53.24184183345346
5 m/s,distance,28.940625,53.2408659748638
5 m/s,distance,28.983886,53.2408833718118
5 m/s,distance,29.024558,53.240958773609734
5 m/s,distance,29.067026,53.24112707194946
5 m/s,distance,29.108503,53.241359409787314
5 m/s,distance,29.15039,53.2348014337173
5 m/s,distance,29.198071,53.190475387663874
5 m/s,distance,29.234296,53.15679909152955
5 m/s,distance,29.276281,53.117640143189135
5 m/s,distance,29.863454,52.479009379147016
5 m/s,distance,29.905401,52.44119156636632
5 m/s,distance,29.947286,52.40346743047337
5 m/s,distance,29.989272,52.3659980361836
5 m/s,distance,30.031207,52.32857417488254
5 m/s,distance,30.073179,52.29135370238879
5 m/s,distance,30.1151,52.254271905158916
5 m/s,distance,30.157077,52.203989825850755
5 m/s,distance,30.199114,52.12717607148407
5 m/s,distance,30.240932,52.050762252611094
5 m/s,distance,30.284142,52.008781510254266
5 m/s,distance,30.876548,51.36714329091842
5 m/s,distance,30.912067,51.33421914185516
5 m/s,distance,30.960918,51.28887303332603
5 m/s,distance,31.001835,51.250798073605466
5 m/s,distance,31.043119,51.21238145136717
5 m/s,distance,31.079858,51.14372798860164
5 m/s,distance,31.127713,51.0542920842465
5 m/s,distance,31.163735,51.006074384052106
5 m/s,distance,31.205787,50.96646551169452
5 m/s,distance,31.2478,50.926910181133096
5 m/s,distance,31.289636,50.88765439140065
5 m/s,distance,31.834745,50.19098334225962
5 m/s,distance,31.882775,50.14565961262142
5 m/s,distance,31.918785,50.11164573151716
5 m/s,distance,31.966907,50.04407871046935
5 m/s,distance,32.003365,49.975739768577704
5 m/s,distance,32.044562,49.899844911486944
5 m/s,distance,32.092605,49.854223640429595
5 m/s,distance,32.128505,49.82013339597426
5 m/s,distance,32.175959,49.80624825772126
5 m/s,power,0.0,5570.898850275421
5 m/s,power,0.041864,5831.275760929164
5 m/s,power,0.083891,5866.6904639668855
5 m/s,power,0.125713,6332.000710675891
5 m/s,power,0.167696,5680.121477574225
5 m/s,power,0.209649,5896.263901828004
5 m/s,power,0.252975,5538.430192753177
5 m/s,power,0.29356,5813.804348273168
5 m/s,power,0.881705,5792.447841802289
5 m/s,power,0.924966,6095.998851705928
5 m/s,power,0.966873,5534.821587007119
5 m/s,power,1.006547,5790.394200743158
5 m/s,power,1.048616,5715.708617485674
5 m/s,power,1.090486,5185.569689050567
5 m/s,power,1.132375,5497.948435553029
5 m/s,power,1.174378,5744.946736045514
5 m/s,power,1.216325,5847.564450264743
5 m/s,power,1.258279,4946.00363930315
5 m/s,power,1.845456,1879.7055620495462
5 m/s,power,1.887386,1723.246354993969
5 m/s,power,1.930773,2403.6258028237257
5 m/s,power,1.971226,3122.2571963244795
5 m/s,power,2.013204,4179.146443952402
5 m/s,power,2.055327,5442.721102536855
5 m/s,power,2.10129,6541.382499135791
5 m/s,power,2.14409,8170.194612125222
5 m/s,power,2.181378,7725.77588336602
5 m/s,power,2.228536,8040.4035968351745
5 m/s,power,2.264819,7476.737323191181
5 m/s,power,2.857538,9345.23814570822
5 m/s,power,2.894027,9325.24149821333
5 m/s,power,2.935982,10208.831176976139
5 m/s,power,2.977836,8769.204752997846
5 m/s,power,3.019758,7851.247098391439
5 m/s,power,3.061686,6654.760777067798
5 m/s,power,3.103662,5882.156407305062
5 m/s,power,3.145655,3918.3019281316233
5 m/s,power,3.187653,2532.6288713508734
5 m/s,power,3.229474,2821.0196738059094
5 m/s,power,3.271623,3537.2420047262813
5 m/s,power,3.858829,5606.319024101287
5 m/s,power,3.900645,4475.075083168997
5 m/s,power,3.94394,4671.041960847708
5 m/s,power,3.984566,5398.48802906888
5 m/s,power,4.026481,7926.73734899801
5 m/s,power,4.068406,8915.877971349764
5 m/s,power,4.110361,11368.345965882634
5 m/s,power,4.152309,11639.829079501123
5 m/s,power,4.194264,12576.3798447725
5 m/s,power,4.236161,13335.23603090699
5 m/s,power,4.278068,14055.458619340743
5 m/s,power,4.86616,14522.15607270491
5 m/s,power,4.908097,15109.830740282963
5 m/s,power,4.95018,13942.804775223673
5 m/s,power,4.992204,15448.224817110866
5 m/s,power,5.034142,14630.338478654552
5 m/s,power,5.076167,15935.548311871795
5 m/s,power,5.117363,16556.350352659247
5 m/s,power,5.159154,17254.73181478055
5 m/s,power,5.201128,19549.683680305418
5 m/s,power,5.242975,18774.99145139619
5 m/s,power,5.284973,19917.691081046516
5 m/s,power,5.872775,36027.88793421008
5 m/s,power,5.914748,36360.242600950834
5 m/s,power,5.956622,38245.41620900471
5 m/s,power,5.998558,38379.585524077775
5 m/s,power,6.040512,40444.13437075889
5 m/s,power,6.082485,41236.52773937204
5 m/s,power,6.123709,43132.517756328576
5 m/s,power,6.165552,42665.03984528786
5 m/s,power,6.207506,43962.42514921123
5 m/s,power,6.249709,44639.80253092525
5 m/s,power,6.292545,44003.41565151505
5 m/s,power,6.878669,40556.86295807406
5 m/s,power,6.920589,41815.00286978347
5 m/s,power,6.962548,42290.557267550874
5 m/s,power,7.004495,43070.98332984748
5 m/s,power,7.04649,43500.74166034413
5 m/s,power,7.088382,43482.206958708986
5 m/s,power,7.130296,44706.459712216085
5 m/s,power,7.172295,43556.089539810615
5 m/s,power,7.214173,44516.53149112137
5 m/s,power,7.25607,43828.72798747415
5 m/s,power,7.843389,27170.91660213177
5 m/s,power,7.885262,27179.950036745835
5 m/s,power,7.927197,27275.627380502177
5 m/s,power,7.96907,27673.595158562246
5 m/s,power,8.011026,25626.63530391768
5 m/s,power,8.054261,23935.94261774539
5 m/s,power,8.096925,22536.963526615556
5 m/s,power,8.136919,19786.208555455993
5 m/s,power,8.178878,17416.757476637264
5 m/s,power,8.220941,15248.693222699443
5 m/s,power,8.262697,15590.80385996822
5 m/s,power,8.849961,14907.249947592614
5 m/s,power,8.891791,12134.642186731342
5 m/s,power,8.935466,8422.234382870141
5 m/s,power,8.975762,6438.1305516430775
5 m/s,power,9.017665,6507.148069623127
5 m/s,power,9.05959,9266.858421277408
5 m/s,power,9.101611,11301.076054960431
5 m/s,power,9.143519,10969.557921812528
5 m/s,power,9.185521,8425.354591944484
5 m/s,power,9.22753,4959.409642286066
5 m/s,power,9.269524,1570.636813525011
5 m/s,power,9.856859,4600.380962485607
5 m/s,power,9.898548,4116.995263538689
5 m/s,power,9.9405,4014.3757920752764
5 m/s,power,9.983845,2270.955966107665
5 m/s,power,10.025797,2258.5705656454484
5 m/s,power,10.066362,3018.1618578200873
5 m/s,power,10.108154,3427.228617994428
5 m/s,power,10.150105,3232.7655343374345
5 m/s,power,10.192072,4724.108487323297
5 m/s,power,10.234008,4792.950031035166
5 m/s,power,10.276104,4989.8811609095455
5 m/s,power,10.86315,2189.002055732246
5 m/s,power,10.905156,3835.2016896116425
5 m/s,power,10.947083,3742.8128459756035
5 m/s,power,10.989122,4750.681845798559
5 m/s,power,11.030983,4358.013882492803
5 m/s,power,11.072872,5072.432355389276
5 m/s,power,11.114884,4814.566231759617
5 m/s,power,11.156794,5170.980951424981
5 m/s,power,11.198704,5584.43417008384
5 m/s,power,11.240667,5327.220851438393
5 m/s,power,11.283818,5571.4028753986195
5 m/s,power,11.869761,4762.496929132868
5 m/s,power,11.911809,5709.605327866367
5 m/s,power,11.953786,5132.005943098663
5 m/s,power,11.995878,6012.357690623538
5 m/s,power,12.045214,5792.624966282558
5 m/s,power,12.07968,5676.1008623878415
5 m/s,power,12.12143,6211.386479683904
5 m/s,power,12.163474,5685.706376519984
5 m/s,power,12.205292,5379.67749962765
5 m/s,power,12.252779,5097.307622657278
5 m/s,power,12.289255,5804.638145483317
5 m/s,power,12.876437,5416.704533200977
5 m/s,power,12.918374,5055.087931975071
5 m/s,power,12.960365,5010.789358973294
5 m/s,power,13.007805,5626.520239010964
5 m/s,power,13.044391,4562.096557505113
5 m/s,power,13.086222,5460.331491768608
5 m/s,power,13.13213,5205.157442383467
5 m/s,power,13.170149,4769.078003136456
5 m/s,power,13.211957,5387.100333203383
5 m/s,power,13.253942,5048.495419429436
5 m/s,power,13.841267,4761.000420079797
5 m/s,power,13.884496,4973.046752243538
5 m/s,power,13.926441,5099.655380513471
5 m/s,power,13.967043,4834.906617505658
5 m/s,power,14.008929,4706.57412562471
5 m/s,power,14.050772,4317.104237796442
5 m/s,power,14.092886,5023.89938195422
5 m/s,power,14.134728,4377.01382223086
5 m/s,power,14.176586,3681.950841605575
5 m/s,power,14.218648,3595.04770482952
5 m/s,power,14.260575,3620.536562444854
5 m/s,power,14.848679,2982.103452263184
5 m/s,power,14.89206,1384.6490530094618
5 m/s,power,14.931777,2905.0473318002933
5 m/s,power,14.973646,1981.4590583708764
5 m/s,power,15.015559,2359.9417365689346
5 m/s,power,15.057535,2134.727148841275
5 m/s,power,15.099423,2685.3565871220903
5 m/s,power,15.141394,2731.7036808555936
5 m/s,power,15.185242,2514.9194818124893
5 m/s,power,15.225315,3673.6428786696188
5 m/s,power,15.270084,3651.4951732132963
5 m/s,power,15.854454,5641.909074063495
5 m/s,power,15.896359,4750.876971675862
5 m/s,power,15.938396,4888.693588270797
5 m/s,power,15.981709,5397.979251534782
5 m/s,power,16.023744,5053.763449153512
5 m/s,power,16.066503,5432.325837060955
5 m/s,power,16.10845,3796.807738087353
5 m/s,power,16.150077,3871.1202512967743
5 m/s,power,16.190432,4406.977308768449
5 m/s,power,16.232308,4307.8207947870815
5 m/s,power,16.274251,4059.943349358461
5 m/s,power,16.861126,3685.7836344527877
5 m/s,power,16.903623,2767.166962797872
5 m/s,power,16.945938,3021.1476296268606
5 m/s,power,16.987876,4006.4863658822055
5 m/s,power,17.029812,3591.0235309727505
5 m/s,power,17.071775,3953.23829284297
5 m/s,power,17.113745,3978.957778112253
5 m/s,power,17.155706,3422.0211863750933
5 m/s,power,17.196794,4662.009223500099
5 m/s,power,17.239542,4732.487823544821
5 m/s,power,17.282781,4826.999482079939
5 m/s,power,17.867735,4909.613834101415
5 m/s,power,17.909645,3447.775514734102
5 m/s,power,17.951669,3797.8026541672757
5 m/s,power,17.993523,3664.8047696978347
5 m/s,power,18.035508,2676.346763780807
5 m/s,power,18.077429,2647.693713404177
5 m/s,power,18.119435,2174.579729510969
5 m/s,power,18.16191,3718.93385259808
5 m/s,power,18.212754,2293.2060526694936
5 m/s,power,18.245517,1358.1785596894101
5 m/s,power,18.287169,2048.7715831688024
5 m/s,power,18.875334,2122.6721367182454
5 m/s,power,18.91737,1396.5965773980688
5 m/s,power,18.959203,1450.0220687975752
5 m/s,power,19.001163,1522.3094297809496
5 m/s,power,19.043145,1323.8043662112616
5 m/s,power,19.085071,1825.4873321937898
5 m/s,power,19.126976,1815.2479169523926
5 m/s,power,19.168942,2699.408268491449
5 m/s,power,19.210872,3118.2357191206697
5 m/s,power,19.252789,4388.320065811061
5 m/s,power,19.29475,4364.066452289653
5 m/s,power,19.839032,8964.11925400371
5 m/s,power,19.882371,7687.813733435533
5 m/s,power,19.922896,7914.985407440749
5 m/s,power,19.964789,7958.941889472494
5 m/s,power,20.01721,6888.151711453516
5 m/s,power,20.048776,7194.908338540526
5 m/s,power,20.090728,7135.663809345281
5 m/s,power,20.132603,7054.291885086695
5 m/s,power,20.17465,6905.605404307432
5 m/s,power,20.216535,8468.192251006114
5 m/s,power,20.25997,9157.657833747666
5 m/s,power,20.845783,17105.628693503197
5 m/s,power,20.897809,18084.848492591802
5 m/s,power,20.930066,17373.568343895276
5 m/s,power,20.971499,16083.410987722724
5 m/s,power,21.01411,17766.181919590937
5 m/s,power,21.056398,17045.053006664428
5 m/s,power,21.098343,16844.021639739127
5 m/s,power,21.140254,17729.94689783362
5 m/s,power,21.182275,18143.324337066788
5 m/s,power,21.225364,17960.527831887346
5 m/s,power,21.265126,19065.549506898562
5 m/s,power,21.85788,38353.63789785788
5 m/s,power,21.894247,38897.973726146716
5 m/s,power,21.936136,40852.16450813836
5 m/s,power,21.978141,42424.289834951865
5 m/s,power,22.020042,43973.76356419814
5 m/s,power,22.062028,44575.683606648134
5 m/s,power,22.104003,45203.10795730754
5 m/s,power,22.145854,45667.76198808083
5 m/s,power,22.189223,47128.31540592131
5 m/s,power,22.229718,47320.90012880144
5 m/s,power,22.271603,48578.83209794159
5 m/s,power,22.859026,46315.669767369225
5 m/s,power,22.900872,46879.37868615581
5 m/s,power,22.942819,46324.45752515619
5 m/s,power,22.984969,47594.99742620016
5 m/s,power,23.026972,47574.98691539495
5 m/s,power,23.068649,47745.98674234307
5 m/s,power,23.11061,46879.30993519422
5 m/s,power,23.152496,46521.4333614088
5 m/s,power,23.194497,45598.25709388463
5 m/s,power,23.236571,45948.14874399185
5 m/s,power,23.278471,45074.225728236306
5 m/s,power,23.865669,21954.983602817836
5 m/s,power,23.907565,21999.82920388247
5 m/s,power,23.949503,21688.079121950843
5 m/s,power,23.991505,22384.482147237624
5 m/s,power,24.033377,21733.634785741662
5 m/s,power,24.075245,21878.278908543056
5 m/s,power,24.117302,21635.91093529459
5 m/s,power,24.159136,21067.350118133036
5 m/s,power,24.20115,18673.840740458294
5 m/s,power,24.24306,17875.332556347028
5 m/s,power,24.285018,14921.762429418315
5 m/s,power,24.872154,9512.891568813344
5 m/s,power,24.914134,12626.297715482555
5 m/s,power,24.956095,14105.611684716125
5 m/s,power,24.997977,12843.909840854536
5 m/s,power,25.040023,10232.390971811035
5 m/s,power,25.081903,7839.031827974677
5 m/s,power,25.123786,4972.312339344744
5 m/s,power,25.165747,5384.352978770987
5 m/s,power,25.213249,7821.742325083331
5 m/s,power,25.24964,9405.231948229664
5 m/s,power,25.297134,10455.701650295881
5 m/s,power,25.837101,5819.7573832592025
5 m/s,power,25.878861,3515.6623842456765
5 m/s,power,25.920783,1466.1599503464824
5 m/s,power,25.962631,1833.1167447819573
5 m/s,power,26.004565,4739.003481745925
5 m/s,power,26.052058,4790.03340280629
5 m/s,power,26.09239,4476.845429540761
5 m/s,power,26.130482,4834.998448810506
5 m/s,power,26.172442,2619.93988480652
5 m/s,power,26.214391,2004.2367624609624
5 m/s,power,26.257777,2642.668726874407
5 m/s,power,26.845143,4891.190141468638
5 m/s,power,26.886837,3228.858776719725
5 m/s,power,26.927402,3474.4556408162703
5 m/s,power,26.969433,3470.463513711101
5 m/s,power,27.012278,2555.873236293224
5 m/s,power,27.053243,2752.354083325763
5 m/s,power,27.095243,2891.2511132725913
5 m/s,power,27.137069,2608.7677167582397
5 m/s,power,27.179134,3339.1539347565276
5 m/s,power,27.222652,3122.51597273737
5 m/s,power,27.263073,3381.435493987724
5 m/s,power,27.850175,4107.734168614128
5 m/s,power,27.892037,2711.5008758988074
5 m/s,power,27.934194,3834.893609997545
5 m/s,power,27.975939,2848.3793637786384
5 m/s,power,28.017889,3545.9307663856043
5 m/s,power,28.061246,1912.2000418366274
5 m/s,power,28.101802,2880.5839685730393
5 m/s,power,28.14368,2267.559260526613
5 m/s,power,28.185701,2632.7835080006103
5 m/s,power,28.227591,3223.445516834432
5 m/s,power,28.269569,3200.281237641467
5 m/s,power,28.856773,4410.00283446621
5 m/s,power,28.898649,3753.656883626952
5 m/s,power,28.940625,3820.5392289570855
5 m/s,power,28.983886,3560.3450675461218
5 m/s,power,29.024558,3228.633147324112
5 m/s,power,29.067026,2866.102056801188
5 m/s,power,29.108503,2719.694835822578
5 m/s,power,29.15039,2911.8409984063346
5 m/s,power,29.198071,2845.6243603118105
5 m/s,power,29.234296,2053.598061939093
5 m/s,power,29.276281,2587.6019786667343
5 m/s,power,29.863454,4020.7244372127766
5 m/s,power,29.905401,4240.053065705664
5 m/s,power,29.947286,4104.542849088069
5 m/s,power,29.989272,3756.6008571579705
5 m/s,power,30.031207,3994.976845990475
5 m/s,power,30.073179,4506.846569387513
5 m/s,power,30.1151,3916.2279045019836
5 m/s,power,30.157077,3542.8587327185373
5 m/s,power,30.199114,3304.82798342062
5 m/s,power,30.240932,4152.333560782418
5 m/s,power,30.284142,2774.171047358111
5 m/s,power,30.876548,3920.3092990222085
5 m/s,power,30.912067,3294.954476165035
5 m/s,power,30.960918,3881.4360744446117
5 m/s,power,31.001835,3626.5709699384074
5 m/s,power,31.043119,3584.724536139423
5 m/s,power,31.079858,3720.9858908627966
5 m/s,power,31.127713,3368.4068934735305
5 m/s,power,31.163735,3580.82364826865
5 m/s,power,31.205787,3628.1506308310854
5 m/s,power,31.2478,3981.472717475281
5 m/s,power,31.289636,2877.4351426226795
5 m/s,power,31.834745,3959.403616707951
5 m/s,power,31.882775,3739.214489702349
5 m/s,power,31.918785,3006.317681150813
5 m/s,power,31.966907,3438.834831741705
5 m/s,power,32.003365,4291.390450658155
5 m/s,power,32.044562,4556.283573264509
5 m/s,power,32.092605,4053.2965595919577
5 m/s,power,32.128505,4013.5562784144436
5 m/s,power,32.175959,3928.056135036769
2.5 m/s,distance,0.0,51.620041064947316
2.5 m/s,distance,0.042225,51.62997458715102
2.5 m/s,distance,0.089267,51.64124352526161
2.5 m/s,distance,0.125933,51.65049986226966
2.5 m/s,distance,0.168538,51.66125550582225
2.5 m/s,distance,0.212264,51.67207388138557
2.5 m/s,distance,0.254582,51.68248887510806
2.5 m/s,distance,0.294575,51.692539711691005
2.5 m/s,distance,0.336473,51.70336225441704
2.5 m/s,distance,0.378518,51.7142092343421
2.5 m/s,distance,0.420419,51.72446972132602
2.5 m/s,distance,1.012272,51.97087753909891
2.5 m/s,distance,1.04865,51.980093204996855
2.5 m/s,distance,1.090638,51.990935551878856
2.5 m/s,distance,1.132508,52.00219827200976
2.5 m/s,distance,1.174465,52.01348433642664
2.5 m/s,distance,1.217975,52.02465144669879
2.5 m/s,distance,1.258376,52.03498307677493
2.5 m/s,distance,1.300332,52.046104817418176
2.5 m/s,distance,1.3422,52.05753175418315
2.5 m/s,distance,1.384111,52.06888635770849
2.5 m/s,distance,1.426115,52.07981574625898
2.5 m/s,distance,2.017448,52.239401694218714
2.5 m/s,distance,2.05532,52.24957916277874
2.5 m/s,distance,2.097162,52.26110041422172
2.5 m/s,distance,2.139052,52.27294801260069
2.5 m/s,distance,2.180985,52.2847664353
2.5 m/s,distance,2.22305,52.296162194233325
2.5 m/s,distance,2.265013,52.30753037335411
2.5 m/s,distance,2.306928,52.319422376667546
2.5 m/s,distance,2.348881,52.331553557503675
2.5 m/s,distance,2.390792,52.34351917532918
2.5 m/s,distance,2.977947,52.51532428231357
2.5 m/s,distance,3.019958,52.52733236771053
2.5 m/s,distance,3.067617,52.5409548017711
2.5 m/s,distance,3.105041,52.55196624753524
2.5 m/s,distance,3.146037,52.56415245480467
2.5 m/s,distance,3.187783,52.57620870940942
2.5 m/s,distance,3.23061,52.587467246571656
2.5 m/s,distance,3.273102,52.59863778577046
2.5 m/s,distance,3.313705,52.60882167712129
2.5 m/s,distance,3.355523,52.61924879924112
2.5 m/s,distance,3.397458,52.628640258323436
2.5 m/s,distance,3.984635,52.68610017028253
2.5 m/s,distance,4.032439,52.6419634544508
2.5 m/s,distance,4.069649,52.607608115482414
2.5 m/s,distance,4.110495,52.632971297099544
2.5 m/s,distance,4.152405,52.674426560645635
2.5 m/s,distance,4.19439,52.699802688968305
2.5 m/s,distance,4.23928,52.701241130549704
2.5 m/s,distance,4.278297,52.70248621591841
2.5 m/s,distance,4.320843,52.70356961405629
2.5 m/s,distance,4.362035,52.70461853428132
2.5 m/s,distance,4.404015,52.705555275701286
2.5 m/s,distance,4.991238,52.691259568506695
2.5 m/s,distance,5.033185,52.68923385304543
2.5 m/s,distance,5.076606,52.68713695965897
2.5 m/s,distance,5.11704,52.6851107586702
2.5 m/s,distance,5.15895,52.683008841165176
2.5 m/s,distance,5.20103,52.680828612461596
2.5 m/s,distance,5.242958,52.67860140145101
2.5 m/s,distance,5.284832,52.67630396528779
2.5 m/s,distance,5.327038,52.67364057708344
2.5 m/s,distance,5.368765,52.67100742986365
2.5 m/s,distance,5.410744,52.6679355782749
2.5 m/s,distance,5.997975,52.63346926694764
2.5 m/s,distance,6.039964,52.63148872001782
2.5 m/s,distance,6.082163,52.629475062895075
2.5 m/s,distance,6.124033,52.627291096343484
2.5 m/s,distance,6.165883,52.62510818685479
2.5 m/s,distance,6.207951,52.62322510369506
2.5 m/s,distance,6.249708,52.62147396709744
2.5 m/s,distance,6.291765,52.61967244013876
2.5 m/s,distance,6.333844,52.61779616436667
2.5 m/s,distance,6.375615,52.61593362376841
2.5 m/s,distance,6.418211,52.61420693617672
2.5 m/s,distance,7.004562,52.59279412408703
2.5 m/s,distance,7.046529,52.591799818881
2.5 m/s,distance,7.088463,52.59082227224436
2.5 m/s,distance,7.1319,52.58985652413541
2.5 m/s,distance,7.173782,52.588925348057366
2.5 m/s,distance,7.215885,52.588257814360105
2.5 m/s,distance,7.256267,52.587642613938975
2.5 m/s,distance,7.302355,52.587007609552764
2.5 m/s,distance,7.34007,52.586534946313996
2.5 m/s,distance,7.382041,52.58601050823831
2.5 m/s,distance,7.423997,52.58549915588337
2.5 m/s,distance,8.011068,52.565533136414395
2.5 m/s,distance,8.052996,52.56193011972087
2.5 m/s,distance,8.096275,52.55753302258256
2.5 m/s,distance,8.136998,52.552561948989336
2.5 m/s,distance,8.178927,52.54737298066824
2.5 m/s,distance,8.220905,52.54015029369189
2.5 m/s,distance,8.26282,52.532938395539595
2.5 m/s,distance,8.304834,52.52478311658658
2.5 m/s,distance,8.352245,52.515018002765366
2.5 m/s,distance,8.388633,52.50709412669689
2.5 m/s,distance,8.97583,52.266892750143185
2.5 m/s,distance,9.017784,52.24488501493986
2.5 m/s,distance,9.059698,52.22296265687558
2.5 m/s,distance,9.101789,52.20031880063367
2.5 m/s,distance,9.143632,52.17734970441909
2.5 m/s,distance,9.186966,52.15378070011356
2.5 m/s,distance,9.227569,52.132431200531954
2.5 m/s,distance,9.269485,52.11039119975719
2.5 m/s,distance,9.312846,52.08646080743967
2.5 m/s,distance,9.354791,52.0630633550956
2.5 m/s,distance,9.396694,52.02165200235625
2.5 m/s,distance,9.982518,51.608857011476005
2.5 m/s,distance,10.024553,51.584090491333214
2.5 m/s,distance,10.066421,51.55942216239997
2.5 m/s,distance,10.108346,51.53396428473536
2.5 m/s,distance,10.151606,51.507415151100616
2.5 m/s,distance,10.192074,51.48297672461787
2.5 m/s,distance,10.23405,51.458360696744215
2.5 m/s,distance,10.276234,51.433622889712886
2.5 m/s,distance,10.318069,51.40755022567763
2.5 m/s,distance,10.360089,51.38131363899719
2.5 m/s,distance,10.403575,51.355128029850924
2.5 m/s,distance,10.989077,51.006480958656375
2.5 m/s,distance,11.030991,50.98329053490749
2.5 m/s,distance,11.073071,50.96000816732839
2.5 m/s,distance,11.115138,50.93653285765127
2.5 m/s,distance,11.157078,50.913104617392506
2.5 m/s,distance,11.198982,50.89051675090954
2.5 m/s,distance,11.24619,50.86594932363037
2.5 m/s,distance,11.28273,50.8468581318867
2.5 m/s,distance,11.324666,50.8244280678795
2.5 m/s,distance,11.366627,50.80198474168076
2.5 m/s,distance,11.408622,50.78071614415952
2.5 m/s,distance,11.995732,50.609820055273026
2.5 m/s,distance,12.03769,50.59351503461858
2.5 m/s,distance,12.079777,50.57716126460945
2.5 m/s,distance,12.121757,50.56087320324033
2.5 m/s,distance,12.163549,50.54465812857828
2.5 m/s,distance,12.211096,50.52722224009971
2.5 m/s,distance,12.247484,50.5142005970244
2.5 m/s,distance,12.289376,50.49914766077796
2.5 m/s,distance,12.331249,50.4839457054491
2.5 m/s,distance,12.373231,50.4687041932524
2.5 m/s,distance,12.416694,50.453960563668396
2.5 m/s,distance,13.002441,50.27785159319619
2.5 m/s,distance,13.044352,50.267547021611065
2.5 m/s,distance,13.086222,50.257291240592174
2.5 m/s,distance,13.128126,50.24717489825002
2.5 m/s,distance,13.170067,50.23704963436197
2.5 m/s,distance,13.214032,50.22722204842087
2.5 m/s,distance,13.264334,50.21616140153249
2.5 m/s,distance,13.296587,50.209078728569736
2.5 m/s,distance,13.342634,50.19897609322899
2.5 m/s,distance,13.381254,50.19058862370541
2.5 m/s,distance,13.422427,50.18249851373025
2.5 m/s,distance,14.00909,50.085698605927114
2.5 m/s,distance,14.051563,50.080691829755295
2.5 m/s,distance,14.093054,50.07592704133293
2.5 m/s,distance,14.134922,50.07133154642877
2.5 m/s,distance,14.176872,50.06672707553974
2.5 m/s,distance,14.218819,50.06287008005917
2.5 m/s,distance,14.260743,50.0590267747266
2.5 m/s,distance,14.302686,50.05536918193224
2.5 m/s,distance,14.344624,50.05183689670176
2.5 m/s,distance,14.386494,50.04846137969303
2.5 m/s,distance,14.973718,50.0269075323269
2.5 m/s,distance,15.021676,50.027096897516756
2.5 m/s,distance,15.057834,50.02726996164157
2.5 m/s,distance,15.099686,50.02777350666313
2.5 m/s,distance,15.141519,50.02854582256685
2.5 m/s,distance,15.183459,50.02938951612658
2.5 m/s,distance,15.225435,50.03065436956067
2.5 m/s,distance,15.26728,50.03191527167482
2.5 m/s,distance,15.309226,50.033557828596905
2.5 m/s,distance,15.35117,50.03532245247138
2.5 m/s,distance,15.393108,50.037263562155935
2.5 m/s,distance,15.980397,50.08946712279703
2.5 m/s,distance,16.022246,50.09459884666655
2.5 m/s,distance,16.06421,50.099744691569455
2.5 m/s,distance,16.106129,50.105588372976484
2.5 m/s,distance,16.148025,50.11175566554971
2.5 m/s,distance,16.190106,50.11803372660956
2.5 m/s,distance,16.232028,50.12448304474805
2.5 m/s,distance,16.275325,50.13114385081484
2.5 m/s,distance,16.316064,50.13860807344417
2.5 m/s,distance,16.358848,50.14651831445475
2.5 m/s,distance,16.400886,50.154180286073355
2.5 m/s,distance,16.986951,50.28124566093442
2.5 m/s,distance,17.028908,50.29154551866624
2.5 m/s,distance,17.077029,50.30335850691749
2.5 m/s,distance,17.113428,50.31302584446593
2.5 m/s,distance,17.155344,50.32416988960446
2.5 m/s,distance,17.196747,50.335199186646406
2.5 m/s,distance,17.23908,50.346501911020496
2.5 m/s,distance,17.280551,50.35766163884857
2.5 m/s,distance,17.322645,50.37010856969895
2.5 m/s,distance,17.364492,50.38248246370325
2.5 m/s,distance,17.406428,50.39484161755487
2.5 m/s,distance,17.995072,50.59247549208091
2.5 m/s,distance,18.03564,50.607081906125316
2.5 m/s,distance,18.077556,50.62217473846691
2.5 m/s,distance,18.119522,50.638413419162745
2.5 m/s,distance,18.161345,50.65459683863679
2.5 m/s,distance,18.203358,50.67072197310097
2.5 m/s,distance,18.246705,50.68727407976642
2.5 m/s,distance,18.28712,50.70304206421248
2.5 m/s,distance,18.329044,50.72051453932755
2.5 m/s,distance,18.376842,50.74043516017507
2.5 m/s,distance,18.413016,50.755340325650444
2.5 m/s,distance,19.00159,51.01581117755439
2.5 m/s,distance,19.0421,51.03423978229322
2.5 m/s,distance,19.084053,51.05364441277422
2.5 m/s,distance,19.131238,51.07741480694617
2.5 m/s,distance,19.168017,51.095942954094106
2.5 m/s,distance,19.209911,51.11726407650174
2.5 m/s,distance,19.255852,51.1407144022852
2.5 m/s,distance,19.295972,51.162024110712224
2.5 m/s,distance,19.335872,51.184186630697404
2.5 m/s,distance,19.378249,51.20773598183631
2.5 m/s,distance,19.419861,51.231472297012644
2.5 m/s,distance,20.006784,51.57203572525538
2.5 m/s,distance,20.048857,51.596624603955675
2.5 m/s,distance,20.090726,51.621419725658384
2.5 m/s,distance,20.132659,51.64695988872296
2.5 m/s,distance,20.174655,51.67253838817058
2.5 m/s,distance,20.21656,51.69765595512707
2.5 m/s,distance,20.25854,51.72278880806158
2.5 m/s,distance,20.305986,51.752451568187396
2.5 m/s,distance,20.342416,51.775870697371566
2.5 m/s,distance,20.384358,51.80265930344149
2.5 m/s,distance,20.426148,51.828463187745555
2.5 m/s,distance,20.971551,52.17268397294394
2.5 m/s,distance,21.013546,52.198427401503416
2.5 m/s,distance,21.060944,52.22743618316599
2.5 m/s,distance,21.097774,52.25136569940965
2.5 m/s,distance,21.139631,52.2798516774205
2.5 m/s,distance,21.181216,52.308091669949285
2.5 m/s,distance,21.223143,52.33593623831641
2.5 m/s,distance,21.266027,52.36441653826766
2.5 m/s,distance,21.312438,52.394523894473366
2.5 m/s,distance,21.349025,52.418072849416454
2.5 m/s,distance,21.396416,52.44725413315501
2.5 m/s,distance,21.978235,52.69969453359451
2.5 m/s,distance,22.020117,52.70789174022129
2.5 m/s,distance,22.061969,52.716083067235424
2.5 m/s,distance,22.10403,52.72286220725291
2.5 m/s,distance,22.145929,52.728766762586154
2.5 m/s,distance,22.187899,52.73413714337492
2.5 m/s,distance,22.229853,52.737851225412854
2.5 m/s,distance,22.27608,52.74194357951323
2.5 m/s,distance,22.313917,52.74479198849133
2.5 m/s,distance,22.355851,52.74792695482677
2.5 m/s,distance,22.397633,52.75016849081299
2.5 m/s,distance,22.984884,52.728382127832056
2.5 m/s,distance,23.026762,52.72380053970039
2.5 m/s,distance,23.068704,52.71921196111835
2.5 m/s,distance,23.116031,52.71322391720371
2.5 m/s,distance,23.152621,52.708451086480444
2.5 m/s,distance,23.194557,52.7028813368344
2.5 m/s,distance,23.236491,52.69716637651381
2.5 m/s,distance,23.278514,52.69143054935972
2.5 m/s,distance,23.320343,52.68536432767985
2.5 m/s,distance,23.362481,52.679253329563764
2.5 m/s,distance,23.404137,52.673105415597746
2.5 m/s,distance,23.991492,52.58735738335795
2.5 m/s,distance,24.033416,52.58238378291137
2.5 m/s,distance,24.080828,52.57670002914852
2.5 m/s,distance,24.117419,52.57170673182721
2.5 m/s,distance,24.159159,52.566010805728716
2.5 m/s,distance,24.20114,52.56053650897485
2.5 m/s,distance,24.243054,52.55526835072921
2.5 m/s,distance,24.285029,52.549957666599575
2.5 m/s,distance,24.327083,52.54447689624372
2.5 m/s,distance,24.368912,52.539025427176774
2.5 m/s,distance,24.416566,52.53316795620137
2.5 m/s,distance,24.998058,52.46272354365983
2.5 m/s,distance,25.040874,52.45866220401424
2.5 m/s,distance,25.082019,52.45473938137719
2.5 m/s,distance,25.129972,52.449977755778754
2.5 m/s,distance,25.166455,52.44635508034148
2.5 m/s,distance,25.207829,52.442622470178335
2.5 m/s,distance,25.249735,52.43898067968316
2.5 m/s,distance,25.292062,52.43534755070169
2.5 m/s,distance,25.333705,52.43185819626748
2.5 m/s,distance,25.376943,52.42823519142554
2.5 m/s,distance,25.417535,52.42566486714279
2.5 m/s,distance,26.004695,52.39473789388587
2.5 m/s,distance,26.046659,52.39277172080874
2.5 m/s,distance,26.088607,52.39090400646565
2.5 m/s,distance,26.136207,52.38909296110352
2.5 m/s,distance,26.176423,52.387562858225
2.5 m/s,distance,26.214503,52.38585134047377
2.5 m/s,distance,26.256379,52.38396071597025
2.5 m/s,distance,26.298401,52.38199969446426
2.5 m/s,distance,26.340169,52.379986361590134
2.5 m/s,distance,26.382135,52.378001889532236
2.5 m/s,distance,26.429634,52.37610693563214
2.5 m/s,distance,26.96971,52.36560323349456
2.5 m/s,distance,27.011447,52.36554900382899
2.5 m/s,distance,27.053259,52.365524717448096
2.5 m/s,distance,27.095637,52.36580931545088
2.5 m/s,distance,27.141175,52.36655979643145
2.5 m/s,distance,27.181155,52.367186954612734
2.5 m/s,distance,27.221019,52.36749672126759
2.5 m/s,distance,27.262943,52.36782249481171
2.5 m/s,distance,27.306181,52.36831541404799
2.5 m/s,distance,27.348117,52.36887084844188
2.5 m/s,distance,27.388809,52.369468328787455
2.5 m/s,distance,27.977369,52.37760954096469
2.5 m/s,distance,28.023667,52.376128388897904
2.5 m/s,distance,28.059971,52.374965008480295
2.5 m/s,distance,28.101908,52.37294359743998
2.5 m/s,distance,28.143833,52.370435721756415
2.5 m/s,distance,28.191643,52.36721624659953
2.5 m/s,distance,28.227809,52.364132567398514
2.5 m/s,distance,28.269916,52.360542337918766
2.5 m/s,distance,28.312625,52.35502294508383
2.5 m/s,distance,28.354995,52.349144286467975
2.5 m/s,distance,28.397003,52.34242186818821
2.5 m/s,distance,28.982683,52.12719656265874
2.5 m/s,distance,29.026125,52.10433130032858
2.5 m/s,distance,29.066609,52.083022982549636
2.5 m/s,distance,29.108543,52.060151855373434
2.5 m/s,distance,29.151647,52.03635382822494
2.5 m/s,distance,29.192396,52.01437278079986
2.5 m/s,distance,29.234338,51.99267272175782
2.5 m/s,distance,29.277549,51.97031492440291
2.5 m/s,distance,29.318273,51.947828675541395
2.5 m/s,distance,29.360158,51.924701177334384
2.5 m/s,distance,29.402091,51.90242276125833
2.5 m/s,distance,29.989302,51.59654588882528
2.5 m/s,distance,30.031219,51.57480968656743
2.5 m/s,distance,30.073166,51.55305803024598
2.5 m/s,distance,30.116676,51.529233587347896
2.5 m/s,distance,30.157139,51.50694726472482
2.5 m/s,distance,30.199085,51.484278118143024
2.5 m/s,distance,30.241035,51.462016937360914
2.5 m/s,distance,30.288629,51.43642876856367
2.5 m/s,distance,30.324712,51.416203050619785
2.5 m/s,distance,30.366821,51.3925996976503
2.5 m/s,distance,30.40869,51.36990432472874
2.5 m/s,distance,30.995956,50.96127511653513
2.5 m/s,distance,31.043584,50.9391362373634
2.5 m/s,distance,31.079884,50.922076755892746
2.5 m/s,distance,31.121779,50.89931254008969
2.5 m/s,distance,31.163705,50.87653161265946
2.5 m/s,distance,31.21112,50.852074091894536
2.5 m/s,distance,31.247646,50.83364669607486
2.5 m/s,distance,31.289582,50.81212077629637
2.5 m/s,distance,31.331656,50.78960777016741
2.5 m/s,distance,31.373414,50.76726379879838
2.5 m/s,distance,31.415488,50.74701700147284
2.5 m/s,distance,32.002606,50.48693209744928
2.5 m/s,distance,32.044587,50.47149433908937
2.5 m/s,distance,32.086516,50.45593688152074
2.5 m/s,distance,32.128394,50.439891299915296
2.5 m/s,distance,32.170367,50.423809269556585
2.5 m/s,distance,32.216367,50.40732902578406
2.5 m/s,distance,32.256187,50.393245126772605
2.5 m/s,distance,32.296182,50.37897169001207
2.5 m/s,distance,32.338041,50.36388043738132
2.5 m/s,distance,32.385557,50.34701149234785
2.5 m/s,distance,32.425939,50.33376739631638
2.5 m/s,distance,32.967226,50.172542145134905
2.5 m/s,distance,33.009175,50.16216133484478
2.5 m/s,distance,33.052652,50.151724057861806
2.5 m/s,distance,33.093084,50.142204031169236
2.5 m/s,distance,33.135145,50.13260974927249
2.5 m/s,distance,33.176982,50.12306658844107
2.5 m/s,distance,33.220265,50.11383294491249
2.5 m/s,distance,33.260853,50.10518169487183
2.5 m/s,distance,33.302883,50.12152490556126
2.5 m/s,distance,33.344757,50.15436120192731
2.5 m/s,distance,33.38762,50.17814526780926
2.5 m/s,distance,33.97396,50.08511564620097
2.5 m/s,distance,34.021238,50.07982815309858
2.5 m/s,distance,34.057859,50.07578567600114
2.5 m/s,distance,34.105097,50.07087051566666
2.5 m/s,distance,34.141721,50.0672250450682
2.5 m/s,distance,34.183719,50.0631207267499
2.5 m/s,distance,34.225588,50.05946619322701
2.5 m/s,distance,34.26762,50.05579742539688
2.5 m/s,distance,34.309931,50.052324998902115
2.5 m/s,distance,34.353993,50.04877903633143
2.5 m/s,distance,34.393493,50.04586912141583
2.5 m/s,distance,34.980761,50.02714644334307
2.5 m/s,distance,35.022548,50.027509543924516
2.5 m/s,distance,35.064538,50.02787440751229
2.5 m/s,distance,35.107792,50.028615769709276
2.5 m/s,distance,35.14987,50.02948934893292
2.5 m/s,distance,35.190314,50.03044790036513
2.5 m/s,distance,35.232191,50.031706270724904
2.5 m/s,distance,35.274071,50.03296473422034
2.5 m/s,distance,35.322086,50.03503182557726
2.5 m/s,distance,35.358227,50.036624027968564
2.5 m/s,distance,35.408904,50.03914122736438
2.5 m/s,distance,35.987694,50.087295851570666
2.5 m/s,distance,36.029105,50.092151048427226
2.5 m/s,distance,36.071051,50.097068972336274
2.5 m/s,distance,36.114511,50.10312020546845
2.5 m/s,distance,36.155051,50.10892056728777
2.5 m/s,distance,36.196894,50.11521237950169
2.5 m/s,distance,36.23892,50.12188678570975
2.5 m/s,distance,36.286511,50.1295918190528
2.5 m/s,distance,36.322832,50.13595284530331
2.5 m/s,distance,36.364702,50.143285723425485
2.5 m/s,distance,36.406654,50.15076234822663
2.5 m/s,distance,36.993902,50.27855847398469
2.5 m/s,distance,37.036158,50.28909727184241
2.5 m/s,distance,37.078224,50.299606009820714
2.5 m/s,distance,37.119839,50.31099597896799
2.5 m/s,distance,37.161934,50.32251730608333
2.5 m/s,distance,37.203817,50.3340612304813
2.5 m/s,distance,37.24569,50.345650125406266
2.5 m/s,distance,37.291537,50.358692160350635
2.5 m/s,distance,37.334735,50.37173577776668
2.5 m/s,distance,37.371895,50.38295623316015
2.5 m/s,distance,37.413571,50.39580945601314
2.5 m/s,distance,38.005987,50.60454512869475
2.5 m/s,distance,38.042643,50.61816053602129
2.5 m/s,distance,38.090609,50.63640160644084
2.5 m/s,distance,38.126561,50.65092140664992
2.5 m/s,distance,38.175102,50.67052545749656
2.5 m/s,distance,38.210414,50.68463758618584
2.5 m/s,distance,38.261048,50.70485734563286
2.5 m/s,distance,38.294187,50.71846453945624
2.5 m/s,distance,38.342027,50.738640922012344
2.5 m/s,distance,38.378196,50.75389993945682
2.5 m/s,distance,38.42031,50.77196108619124
2.5 m/s,distance,38.967568,51.029225503605176
2.5 m/s,distance,39.007296,51.047966316213596
2.5 m/s,distance,39.050743,51.06800210253689
2.5 m/s,distance,39.090972,51.08723271202354
2.5 m/s,distance,39.133401,51.108938880725
2.5 m/s,distance,39.174947,51.13019338645331
2.5 m/s,distance,39.217868,51.15199264340234
2.5 m/s,distance,39.270837,51.17888286179171
2.5 m/s,distance,39.301754,51.19585165777702
2.5 m/s,distance,39.342754,51.21881940298209
2.5 m/s,distance,39.385831,51.242849227870046
2.5 m/s,distance,39.973092,51.58262643053205
2.5 m/s,distance,40.014184,51.60722035764215
2.5 m/s,distance,40.056185,51.63226432612382
2.5 m/s,distance,40.110488,51.66545495894235
2.5 m/s,distance,40.139832,51.683674020741684
2.5 m/s,distance,40.18167,51.70967392618316
2.5 m/s,distance,40.223925,51.73614995178612
2.5 m/s,distance,40.266006,51.76251707357672
2.5 m/s,distance,40.309034,51.7911943293687
2.5 m/s,distance,40.350738,51.819596861148824
2.5 m/s,distance,40.391379,51.833604765854105
2.5 m/s,distance,40.980262,52.165015421924785
2.5 m/s,distance,41.020679,52.19362344803844
2.5 m/s,distance,41.07453,52.23174031281751
2.5 m/s,distance,41.104714,52.25293900274122
2.5 m/s,distance,41.146318,52.28213300575235
2.5 m/s,distance,41.198232,52.338102786189204
2.5 m/s,distance,41.230169,52.390634531606956
2.5 m/s,distance,41.278336,52.4690944105588
2.5 m/s,distance,41.31412,52.494539036718265
2.5 m/s,distance,41.356487,52.524664932946905
2.5 m/s,distance,41.404052,52.556378059628585
2.5 m/s,distance,41.985095,52.82698763986555
2.5 m/s,distance,42.034153,52.83804802431097
2.5 m/s,distance,42.069074,52.84592113840934
2.5 m/s,distance,42.116915,52.85474933421332
2.5 m/s,distance,42.154257,52.86131278680875
2.5 m/s,distance,42.195085,52.86745002621795
2.5 m/s,distance,42.236903,52.87232761764324
2.5 m/s,distance,42.280082,52.877420432204346
2.5 m/s,distance,42.320792,52.88306354687698
2.5 m/s,distance,42.366534,52.88940419348685
2.5 m/s,distance,42.404836,52.89432751489487
2.5 m/s,distance,42.446422,52.8995045575463
2.5 m/s,distance,42.488455,52.89447430711723
2.5 m/s,distance,42.530383,52.860367860548
2.5 m/s,distance,42.572289,52.82627925664298
2.5 m/s,distance,42.615139,52.82202979343223
2.5 m/s,distance,42.657629,52.82202979343223
2.5 m/s,power,0.0,2797.4268533779396
2.5 m/s,power,0.042225,2974.8023463753016
2.5 m/s,power,0.089267,4079.395666027016
2.5 m/s,power,0.125933,3968.911689619712
2.5 m/s,power,0.168538,5031.418587237599
2.5 m/s,power,0.212264,5637.754960975158
2.5 m/s,power,0.254582,7091.878806071068
2.5 m/s,power,0.294575,7268.941669871894
2.5 m/s,power,0.336473,7336.861726923848
2.5 m/s,power,0.378518,7517.028801328355
2.5 m/s,power,0.420419,7866.254318288978
2.5 m/s,power,1.012272,406.3557554655772
2.5 m/s,power,1.04865,1517.0
2.5 m/s,power,1.090638,2288.57379168774
2.5 m/s,power,1.132508,2864.8158754097967
2.5 m/s,power,1.174465,3809.500885942934
2.5 m/s,power,1.217975,4305.7580052761905
2.5 m/s,power,1.258376,6092.240064212834
2.5 m/s,power,1.300332,5882.372650555216
2.5 m/s,power,1.3422,5932.183409167319
2.5 m/s,power,1.384111,7400.681049741301
2.5 m/s,power,1.426115,7994.00206404777
2.5 m/s,power,2.017448,3367.009949495249
2.5 m/s,power,2.05532,4320.715797179907
2.5 m/s,power,2.097162,5414.342527029483
2.5 m/s,power,2.139052,5146.047512411832
2.5 m/s,power,2.180985,6255.489109574086
2.5 m/s,power,2.22305,5673.275068247617
2.5 m/s,power,2.265013,6613.60794120728
2.5 m/s,power,2.306928,6298.149331351235
2.5 m/s,power,2.348881,6433.109434791234
2.5 m/s,power,2.390792,5884.327659129801
2.5 m/s,power,2.977947,5002.558645333405
2.5 m/s,power,3.019958,4811.729522739199
2.5 m/s,power,3.067617,5873.06844843477
2.5 m/s,power,3.105041,5664.178757772393
2.5 m/s,power,3.146037,5798.193253074615
2.5 m/s,power,3.187783,5786.954725933148
2.5 m/s,power,3.23061,5073.744573783745
2.5 m/s,power,3.273102,4945.436886666334
2.5 m/s,power,3.313705,4311.875693941095
2.5 m/s,power,3.355523,4254.703279900961
2.5 m/s,power,3.397458,3358.275301401003
2.5 m/s,power,3.984635,4140.390802810768
2.5 m/s,power,4.032439,3935.9720527463096
2.5 m/s,power,4.069649,5263.848497059922
2.5 m/s,power,4.110495,4862.567634491063
2.5 m/s,power,4.152405,5168.931224150694
2.5 m/s,power,4.19439,4968.98953510671
2.5 m/s,power,4.23928,6083.168417855944
2.5 m/s,power,4.278297,5842.356117184231
2.5 m/s,power,4.320843,5181.648000395241
2.5 m/s,power,4.362035,6200.611098915977
2.5 m/s,power,4.404015,5278.203482246588
2.5 m/s,power,4.991238,2495.791858308701
2.5 m/s,power,5.033185,2406.314401735567
2.5 m/s,power,5.076606,2471.071832221799
2.5 m/s,power,5.11704,1837.3306724702552
2.5 m/s,power,5.15895,1886.1487216017724
2.5 m/s,power,5.20103,2159.8807837471027
2.5 m/s,power,5.242958,2253.9587396401025
2.5 m/s,power,5.284832,2686.350870604955
2.5 m/s,power,5.327038,3223.8711202527934
2.5 m/s,power,5.368765,1751.368036707305
2.5 m/s,power,5.410744,2916.502871591249
2.5 m/s,power,5.997975,5407.765157622879
2.5 m/s,power,6.039964,4632.57552555811
2.5 m/s,power,6.082163,5816.27415103518
2.5 m/s,power,6.124033,5780.634307755508
2.5 m/s,power,6.165883,5653.909797653301
2.5 m/s,power,6.207951,5351.131188823538
2.5 m/s,power,6.249708,5169.535762522589
2.5 m/s,power,6.291765,5635.689842423907
2.5 m/s,power,6.333844,5587.430983913806
2.5 m/s,power,6.375615,5749.028613600735
2.5 m/s,power,6.418211,5864.858139801849
2.5 m/s,power,7.004562,2688.729439716834
2.5 m/s,power,7.046529,2736.7266944289486
2.5 m/s,power,7.088463,2997.0108441578923
2.5 m/s,power,7.1319,2194.937128940144
2.5 m/s,power,7.173782,2789.301346215572
2.5 m/s,power,7.215885,2768.4656400251747
2.5 m/s,power,7.256267,3341.834974980063
2.5 m/s,power,7.302355,3259.0013807913615
2.5 m/s,power,7.34007,3154.186582940204
2.5 m/s,power,7.382041,4062.0748392908768
2.5 m/s,power,7.423997,3501.0001428163355
2.5 m/s,power,8.011068,5591.381940093164
2.5 m/s,power,8.052996,5488.488680866528
2.5 m/s,power,8.096275,5277.94884401128
2.5 m/s,power,8.136998,4684.974813166022
2.5 m/s,power,8.178927,5356.188570242836
2.5 m/s,power,8.220905,5929.094703240959
2.5 m/s,power,8.26282,4834.575989680998
2.5 m/s,power,8.304834,5297.05219910093
2.5 m/s,power,8.352245,5170.182298526814
2.5 m/s,power,8.388633,4569.921224703989
2.5 m/s,power,8.97583,6450.042557999132
2.5 m/s,power,9.017784,6896.137542131827
2.5 m/s,power,9.059698,6799.1275910957875
2.5 m/s,power,9.101789,7965.32397332337
2.5 m/s,power,9.143632,8010.607217932983
2.5 m/s,power,9.186966,7740.140115010838
2.5 m/s,power,9.227569,7102.481608564713
2.5 m/s,power,9.269485,7662.0193813380565
2.5 m/s,power,9.312846,6632.5358649614545
2.5 m/s,power,9.354791,6907.543195666604
2.5 m/s,power,9.396694,6365.832624252698
2.5 m/s,power,9.982518,3619.549695749459
2.5 m/s,power,10.024553,3952.8521348514923
2.5 m/s,power,10.066421,4623.299687452675
2.5 m/s,power,10.108346,5657.406649693833
2.5 m/s,power,10.151606,5744.963881522668
2.5 m/s,power,10.192074,6506.775852909027
2.5 m/s,power,10.23405,7465.307093482491
2.5 m/s,power,10.276234,7485.8554621365765
2.5 m/s,power,10.318069,8293.836265564929
2.5 m/s,power,10.360089,8934.314187446062
2.5 m/s,power,10.403575,9149.036288046955
2.5 m/s,power,10.989077,13815.407123932326
2.5 m/s,power,11.030991,12862.244166551964
2.5 m/s,power,11.073071,12481.195816106725
2.5 m/s,power,11.115138,12011.185828218628
2.5 m/s,power,11.157078,12035.591634813803
2.5 m/s,power,11.198982,12152.37561137739
2.5 m/s,power,11.24619,11975.336362708149
2.5 m/s,power,11.28273,11654.816557972932
2.5 m/s,power,11.324666,12405.789334016597
2.5 m/s,power,11.366627,11812.573639982102
2.5 m/s,power,11.408622,12054.739358443217
2.5 m/s,power,11.995732,11352.702585728211
2.5 m/s,power,12.03769,12328.55109086222
2.5 m/s,power,12.079777,12340.07147467145
2.5 m/s,power,12.121757,13371.846319786959
2.5 m/s,power,12.163549,13342.7116434404
2.5 m/s,power,12.211096,14174.398223557853
2.5 m/s,power,12.247484,15290.699951277575
2.5 m/s,power,12.289376,15690.953603908209
2.5 m/s,power,12.331249,16086.376005800685
2.5 m/s,power,12.373231,16891.093777491144
2.5 m/s,power,12.416694,17963.062238939103
2.5 m/s,power,13.002441,28523.96993758057
2.5 m/s,power,13.044352,29884.11372284612
2.5 m/s,power,13.086222,30315.197409880086
2.5 m/s,power,13.128126,31037.43575104103
2.5 m/s,power,13.170067,31183.742719564627
2.5 m/s,power,13.214032,32775.14950385429
2.5 m/s,power,13.264334,32879.396968314366
2.5 m/s,power,13.296587,32633.74406959765
2.5 m/s,power,13.342634,34610.50391138506
2.5 m/s,power,13.381254,35163.12574274363
2.5 m/s,power,13.422427,35403.7967737925
2.5 m/s,power,14.00909,39072.261797853476
2.5 m/s,power,14.051563,38892.37592382343
2.5 m/s,power,14.093054,40031.19286256656
2.5 m/s,power,14.134922,40067.00179699001
2.5 m/s,power,14.176872,40709.92294269298
2.5 m/s,power,14.218819,41048.17819343509
2.5 m/s,power,14.260743,41620.102078202544
2.5 m/s,power,14.302686,42429.17979409925
2.5 m/s,power,14.344624,41987.3341497171
2.5 m/s,power,14.386494,43369.02804998055
2.5 m/s,power,14.973718,53516.30893475372
2.5 m/s,power,15.021676,53713.61043534497
2.5 m/s,power,15.057834,53683.10322624802
2.5 m/s,power,15.099686,53291.10359150015
2.5 m/s,power,15.141519,51858.02873229949
2.5 m/s,power,15.183459,50615.271815925276
2.5 m/s,power,15.225435,50222.742467929806
2.5 m/s,power,15.26728,48439.59712879536
2.5 m/s,power,15.309226,47335.75232316479
2.5 m/s,power,15.35117,46751.55309719668
2.5 m/s,power,15.393108,46737.66302458863
2.5 m/s,power,15.980397,50681.376471047035
2.5 m/s,power,16.022246,50213.88984135764
2.5 m/s,power,16.06421,48762.14438475814
2.5 m/s,power,16.106129,47185.81422419243
2.5 m/s,power,16.148025,45983.7382125464
2.5 m/s,power,16.190106,43844.20332267426
2.5 m/s,power,16.232028,41766.2988544592
2.5 m/s,power,16.275325,40148.34398826433
2.5 m/s,power,16.316064,39668.18968644775
2.5 m/s,power,16.358848,40188.214254928025
2.5 m/s,power,16.400886,39769.47856082601
2.5 m/s,power,16.986951,32263.10792530689
2.5 m/s,power,17.028908,30330.25758215713
2.5 m/s,power,17.077029,30731.45705950175
2.5 m/s,power,17.113428,31139.157422769167
2.5 m/s,power,17.155344,32147.1866420687
2.5 m/s,power,17.196747,32269.619923389244
2.5 m/s,power,17.23908,33333.67426492315
2.5 m/s,power,17.280551,34315.79171460277
2.5 m/s,power,17.322645,33668.64083980819
2.5 m/s,power,17.364492,33835.13726882159
2.5 m/s,power,17.406428,31846.823342368076
2.5 m/s,power,17.995072,24943.278252868044
2.5 m/s,power,18.03564,24497.818066105396
2.5 m/s,power,18.077556,22166.835994340734
2.5 m/s,power,18.119522,19660.48791357936
2.5 m/s,power,18.161345,17738.26319006458
2.5 m/s,power,18.203358,16244.269451101825
2.5 m/s,power,18.246705,15750.284600603254
2.5 m/s,power,18.28712,15886.207634297116
2.5 m/s,power,18.329044,17139.160364498606
2.5 m/s,power,18.376842,18885.109584008245
2.5 m/s,power,18.413016,19899.3616229265
2.5 m/s,power,19.00159,16981.451321957145
2.5 m/s,power,19.0421,16387.84393994524
2.5 m/s,power,19.084053,16325.222816243582
2.5 m/s,power,19.131238,14293.556660257796
2.5 m/s,power,19.168017,11473.035169474553
2.5 m/s,power,19.209911,10096.263170104075
2.5 m/s,power,19.255852,8814.314267145233
2.5 m/s,power,19.295972,8892.494869270377
2.5 m/s,power,19.335872,10488.925445440063
2.5 m/s,power,19.378249,11620.860768462893
2.5 m/s,power,19.419861,13757.148832516135
2.5 m/s,power,20.006784,6301.2527325921465
2.5 m/s,power,20.048857,5283.651956743555
2.5 m/s,power,20.090726,3317.786310177314
2.5 m/s,power,20.132659,924.8491768931841
2.5 m/s,power,20.174655,2447.836800115563
2.5 m/s,power,20.21656,4254.514895966402
2.5 m/s,power,20.25854,5356.308150209433
2.5 m/s,power,20.305986,6375.905974839968
2.5 m/s,power,20.342416,6582.788542859326
2.5 m/s,power,20.384358,6040.167547345024
2.5 m/s,power,20.426148,5985.548262273056
2.5 m/s,power,20.971551,1029.6858744296728
2.5 m/s,power,21.013546,1874.4497859371959
2.5 m/s,power,21.060944,3474.5050007159293
2.5 m/s,power,21.097774,5654.079589110856
2.5 m/s,power,21.139631,5848.733623614603
2.5 m/s,power,21.181216,6673.097107041078
2.5 m/s,power,21.223143,5513.634463763444
2.5 m/s,power,21.266027,5077.842553683601
2.5 m/s,power,21.312438,4048.9298586169652
2.5 m/s,power,21.349025,3376.525581126256
2.5 m/s,power,21.396416,2310.9792296773244
2.5 m/s,power,21.978235,2878.062716481348
2.5 m/s,power,22.020117,3683.1160720237963
2.5 m/s,power,22.061969,4077.274212019594
2.5 m/s,power,22.10403,4217.700084169096
2.5 m/s,power,22.145929,4752.57845805832
2.5 m/s,power,22.187899,4947.028704181936
2.5 m/s,power,22.229853,4731.228276039954
2.5 m/s,power,22.27608,5803.621714067863
2.5 m/s,power,22.313917,6145.471910276704
2.5 m/s,power,22.355851,5423.858773972641
2.5 m/s,power,22.397633,5629.533728471658
2.5 m/s,power,22.984884,3019.2013844723906
2.5 m/s,power,23.026762,3002.7350865502603
2.5 m/s,power,23.068704,2562.0132708477527
2.5 m/s,power,23.116031,3734.8168629800307
2.5 m/s,power,23.152621,4333.152432121446
2.5 m/s,power,23.194557,5179.54303003653
2.5 m/s,power,23.236491,5652.428239261425
2.5 m/s,power,23.278514,5048.177691008905
2.5 m/s,power,23.320343,6205.618905475907
2.5 m/s,power,23.362481,5528.15710702943
2.5 m/s,power,23.404137,5433.0286213124255
2.5 m/s,power,23.991492,3368.099909444493
2.5 m/s,power,24.033416,3104.2841364797778
2.5 m/s,power,24.080828,2312.35291424125
2.5 m/s,power,24.117419,2804.907306846342
2.5 m/s,power,24.159159,2124.853406708331
2.5 m/s,power,24.20114,2948.825189800169
2.5 m/s,power,24.243054,3670.2072148585835
2.5 m/s,power,24.285029,2889.711577303174
2.5 m/s,power,24.327083,4270.652057941504
2.5 m/s,power,24.368912,3396.6608603156133
2.5 m/s,power,24.416566,4434.835397170903
2.5 m/s,power,24.998058,5737.139356857214
2.5 m/s,power,25.040874,4381.982313976176
2.5 m/s,power,25.082019,3924.162203579256
2.5 m/s,power,25.129972,2953.6218444479314
2.5 m/s,power,25.166455,4050.46775076657
2.5 m/s,power,25.207829,2877.607513195641
2.5 m/s,power,25.249735,2433.852090822283
2.5 m/s,power,25.292062,1685.8615008357006
2.5 m/s,power,25.333705,1956.1822512230299
2.5 m/s,power,25.376943,1010.5389651072344
2.5 m/s,power,25.417535,2324.6746008850355
2.5 m/s,power,26.004695,6118.5334844225545
2.5 m/s,power,26.046659,5614.533284254355
2.5 m/s,power,26.088607,5150.100581542073
2.5 m/s,power,26.136207,4600.112281238361
2.5 m/s,power,26.176423,5312.497717646569
2.5 m/s,power,26.214503,3620.9922673212104
2.5 m/s,power,26.256379,3230.4132862530146
2.5 m/s,power,26.298401,2726.2195436171314
2.5 m/s,power,26.340169,1707.2800004685816
2.5 m/s,power,26.382135,1849.117627410436
2.5 m/s,power,26.429634,1667.7080080157916
2.5 m/s,power,26.96971,6535.184771680139
2.5 m/s,power,27.011447,5731.307442460228
2.5 m/s,power,27.053259,6445.289752990163
2.5 m/s,power,27.095637,5153.003493109625
2.5 m/s,power,27.141175,4910.428290892761
2.5 m/s,power,27.181155,5032.0
2.5 m/s,power,27.221019,4540.096254486241
2.5 m/s,power,27.262943,3135.0470490887374
2.5 m/s,power,27.306181,2451.4520187023854
2.5 m/s,power,27.348117,3301.709405747271
2.5 m/s,power,27.388809,2036.7339050548553
2.5 m/s,power,27.977369,5851.657542953108
2.5 m/s,power,28.023667,5737.612133980476
2.5 m/s,power,28.059971,5665.427874397485
2.5 m/s,power,28.101908,4240.242681734148
2.5 m/s,power,28.143833,4566.49197962725
2.5 m/s,power,28.191643,3971.3913179136603
2.5 m/s,power,28.227809,3422.0311220092667
2.5 m/s,power,28.269916,1661.9377244650293
2.5 m/s,power,28.312625,1535.605743672509
2.5 m/s,power,28.354995,2086.9942501118685
2.5 m/s,power,28.397003,1692.9279370368959
2.5 m/s,power,28.982683,2669.026039588224
2.5 m/s,power,29.026125,2864.2299139559314
2.5 m/s,power,29.066609,3136.619996110463
2.5 m/s,power,29.108543,2987.688236747603
2.5 m/s,power,29.151647,2402.9625465246017
2.5 m/s,power,29.192396,2419.3356526120965
2.5 m/s,power,29.234338,2481.13381340064
2.5 m/s,power,29.277549,2174.2607939251448
2.5 m/s,power,29.318273,2339.4401039565
2.5 m/s,power,29.360158,1843.7895758464413
2.5 m/s,power,29.402091,2804.2590821819585
2.5 m/s,power,29.989302,6055.014616002177
2.5 m/s,power,30.031219,6641.915461672182
2.5 m/s,power,30.073166,6664.663982527551
2.5 m/s,power,30.116676,7584.6195026514015
2.5 m/s,power,30.157139,8016.800172138506
2.5 m/s,power,30.199085,8935.364626023944
2.5 m/s,power,30.241035,9628.198793128442
2.5 m/s,power,30.288629,10355.27174921064
2.5 m/s,power,30.324712,10572.017073387653
2.5 m/s,power,30.366821,10888.300693864034
2.5 m/s,power,30.40869,11531.479219943985
2.5 m/s,power,30.995956,16797.424951462057
2.5 m/s,power,31.043584,17350.019740622774
2.5 m/s,power,31.079884,18169.204935824793
2.5 m/s,power,31.121779,18337.272016306022
2.5 m/s,power,31.163705,18145.754572351074
2.5 m/s,power,31.21112,17674.982121631696
2.5 m/s,power,31.247646,18661.47628136638
2.5 m/s,power,31.289582,18714.334666239138
2.5 m/s,power,31.331656,19173.41513658952
2.5 m/s,power,31.373414,19173.041412358132
2.5 m/s,power,31.415488,19068.278212780515
2.5 m/s,power,32.002606,21802.49398578062
2.5 m/s,power,32.044587,22986.456033934417
2.5 m/s,power,32.086516,24534.201780371826
2.5 m/s,power,32.128394,24218.057725589806
2.5 m/s,power,32.170367,24614.267407339183
2.5 m/s,power,32.216367,25554.30394278036
2.5 m/s,power,32.256187,26148.84052878827
2.5 m/s,power,32.296182,26949.90933194396
2.5 m/s,power,32.338041,27164.83451081563
2.5 m/s,power,32.385557,27371.406412532036
2.5 m/s,power,32.425939,28527.151154645635
2.5 m/s,power,32.967226,37262.56616230289
2.5 m/s,power,33.009175,39730.26399358554
2.5 m/s,power,33.052652,40201.394814110616
2.5 m/s,power,33.093084,41486.79863522854
2.5 m/s,power,33.135145,41858.52401841231
2.5 m/s,power,33.176982,43702.78097558552
2.5 m/s,power,33.220265,43460.154486609914
2.5 m/s,power,33.260853,44670.44245359565
2.5 m/s,power,33.302883,45149.36682833991
2.5 m/s,power,33.344757,45665.40564803953
2.5 m/s,power,33.38762,46207.462817168394
2.5 m/s,power,33.97396,49843.927814729854
2.5 m/s,power,34.021238,48894.96874935089
2.5 m/s,power,34.057859,49515.35229603037
2.5 m/s,power,34.105097,49507.41363674738
2.5 m/s,power,34.141721,49314.716028787996
2.5 m/s,power,34.183719,50223.57479311882
2.5 m/s,power,34.225588,48231.283810406705
2.5 m/s,power,34.26762,49327.99841874795
2.5 m/s,power,34.309931,48215.17318230849
2.5 m/s,power,34.353993,48153.46123592778
2.5 m/s,power,34.393493,48274.71590801959
2.5 m/s,power,34.980761,50738.9337688525
2.5 m/s,power,35.022548,50937.90675911211
2.5 m/s,power,35.064538,51676.14804723742
2.5 m/s,power,35.107792,53035.32808421195
2.5 m/s,power,35.14987,53397.40672542066
2.5 m/s,power,35.190314,53387.51483258984
2.5 m/s,power,35.232191,53020.078177988384
2.5 m/s,power,35.274071,52778.369101365766
2.5 m/s,power,35.322086,52766.601719269354
2.5 m/s,power,35.358227,52327.77420261634
2.5 m/s,power,35.408904,53023.05163794328
2.5 m/s,power,35.987694,37019.456411460174
2.5 m/s,power,36.029105,36283.76751386218
2.5 m/s,power,36.071051,34741.806588028776
2.5 m/s,power,36.114511,36017.30078726056
2.5 m/s,power,36.155051,35862.60905176867
2.5 m/s,power,36.196894,35186.7476189545
2.5 m/s,power,36.23892,36367.29632513256
2.5 m/s,power,36.286511,35883.767500082824
2.5 m/s,power,36.322832,36481.6787031518
2.5 m/s,power,36.364702,36658.62279191623
2.5 m/s,power,36.406654,37089.40658732625
2.5 m/s,power,36.993902,21674.595382613257
2.5 m/s,power,37.036158,20787.68698051806
2.5 m/s,power,37.078224,20399.93443616915
2.5 m/s,power,37.119839,20631.069821994206
2.5 m/s,power,37.161934,20311.017625909342
2.5 m/s,power,37.203817,19249.704932803514
2.5 m/s,power,37.24569,19075.779852996835
2.5 m/s,power,37.291537,19031.816939010318
2.5 m/s,power,37.334735,20050.724725056698
2.5 m/s,power,37.371895,19269.119128802955
2.5 m/s,power,37.413571,20132.731608005903
2.5 m/s,power,38.005987,10403.375606023268
2.5 m/s,power,38.042643,10573.32643967829
2.5 m/s,power,38.090609,10804.76010839667
2.5 m/s,power,38.126561,10923.221548609185
2.5 m/s,power,38.175102,12210.620172620225
2.5 m/s,power,38.210414,12861.584350304593
2.5 m/s,power,38.261048,12964.908406926752
2.5 m/s,power,38.294187,13941.460648009592
2.5 m/s,power,38.342027,14886.548088794798
2.5 m/s,power,38.378196,15550.919747719103
2.5 m/s,power,38.42031,15210.822890297555
2.5 m/s,power,38.967568,12082.254508161961
2.5 m/s,power,39.007296,13871.614794248002
2.5 m/s,power,39.050743,14240.299891505094
2.5 m/s,power,39.090972,14926.459191650241
2.5 m/s,power,39.133401,13241.033985304924
2.5 m/s,power,39.174947,11199.18001462607
2.5 m/s,power,39.217868,9521.677215701025
2.5 m/s,power,39.270837,8201.188755296393
2.5 m/s,power,39.301754,6258.073345687153
2.5 m/s,power,39.342754,5842.6717347460135
2.5 m/s,power,39.385831,6366.876863894888
2.5 m/s,power,39.973092,4440.441419498742
2.5 m/s,power,40.014184,4489.628269690042
2.5 m/s,power,40.056185,5956.902550822869
2.5 m/s,power,40.110488,7122.022886792769
2.5 m/s,power,40.139832,8039.585188304182
2.5 m/s,power,40.18167,9948.307645021841
2.5 m/s,power,40.223925,10084.789040926935
2.5 m/s,power,40.266006,9977.464657917862
2.5 m/s,power,40.309034,10286.570371119813
2.5 m/s,power,40.350738,9652.600116030912
2.5 m/s,power,40.391379,8357.547786282768
2.5 m/s,power,40.980262,3830.606348869589
2.5 m/s,power,41.020679,1487.739896621718
2.5 m/s,power,41.07453,970.2994383178833
2.5 m/s,power,41.104714,1764.5945709992423
2.5 m/s,power,41.146318,3431.7389178082876
2.5 m/s,power,41.198232,4632.038967884446
2.5 m/s,power,41.230169,5514.101558731033
2.5 m/s,power,41.278336,5474.52472822984
2.5 m/s,power,41.31412,4550.628637891693
2.5 m/s,power,41.356487,4483.868084589465
2.5 m/s,power,41.404052,3474.7100598467205
2.5 m/s,power,41.985095,3988.1420486236443
2.5 m/s,power,42.034153,4013.795336087778
2.5 m/s,power,42.069074,3848.7557729739096
2.5 m/s,power,42.116915,3683.379562304162
2.5 m/s,power,42.154257,3344.0216805517275
2.5 m/s,power,42.195085,3502.774471758066
2.5 m/s,power,42.236903,3799.000526454294
2.5 m/s,power,42.280082,3540.743001122787
2.5 m/s,power,42.320792,3992.4645270809856
2.5 m/s,power,42.366534,3144.9594591981627
2.5 m/s,power,42.404836,2953.629970053798
2.5 m/s,power,42.446422,1270.8737152054093
2.5 m/s,power,42.488455,0.0
2.5 m/s,power,42.530383,0.0
2.5 m/s,power,42.572289,0.0
2.5 m/s,power,42.615139,0.0
2.5 m/s,power,42.657629,0.0
1 m/s,distance,0.0,52.62689494986075
1 m/s,distance,0.041909,52.62647870080055
1 m/s,distance,0.08394,52.62606123931156
1 m/s,distance,0.126236,52.625452091370136
1 m/s,distance,0.168848,52.62474116148876
1 m/s,distance,0.209662,52.623849121988655
1 m/s,distance,0.251615,52.6223741630141
1 m/s,distance,0.293493,52.62090183605376
1 m/s,distance,0.33562,52.61993637768699
1 m/s,distance,0.377572,52.61904006878133
1 m/s,distance,0.419654,52.61817588242367
1 m/s,distance,1.006426,52.60179702657116
1 m/s,distance,1.048366,52.5993558644875
1 m/s,distance,1.090371,52.59691091386972
1 m/s,distance,1.133214,52.59354294825661
1 m/s,distance,1.174192,52.590133572792865
1 m/s,distance,1.216166,52.586280509712495
1 m/s,distance,1.257599,52.58199946877239
1 m/s,distance,1.300106,52.57752320358907
1 m/s,distance,1.342699,52.57120377107667
1 m/s,distance,1.384576,52.56499056564677
1 m/s,distance,1.428166,52.55776350980982
1 m/s,distance,2.012644,52.39659987116519
1 m/s,distance,2.054333,52.3825297582312
1 m/s,distance,2.096549,52.36828173307402
1 m/s,distance,2.139009,52.353679684121396
1 m/s,distance,2.18098,52.339234695541215
1 m/s,distance,2.223067,52.325214740686256
1 m/s,distance,2.265482,52.31141113236365
1 m/s,distance,2.306818,52.29776308235509
1 m/s,distance,2.348831,52.283132353334445
1 m/s,distance,2.3907,52.26855185579708
1 m/s,distance,2.432745,52.2548307366008
1 m/s,distance,3.022415,52.05798275781469
1 m/s,distance,3.061164,52.04483239319088
1 m/s,distance,3.103091,52.03062806641845
1 m/s,distance,3.145656,52.01639759378493
1 m/s,distance,3.187473,52.002417247029406
1 m/s,distance,3.240244,51.98567288334003
1 m/s,distance,3.270882,51.97608498991758
1 m/s,distance,3.312672,51.96287682907819
1 m/s,distance,3.355154,51.94919896013608
1 m/s,distance,3.397466,51.93557574678593
1 m/s,distance,3.439405,51.92262922030168
1 m/s,distance,4.029152,51.741900746991774
1 m/s,distance,4.071215,51.72977002102439
1 m/s,distance,4.110668,51.717987398655474
1 m/s,distance,4.152184,51.704663466188734
1 m/s,distance,4.206493,51.68755692922839
1 m/s,distance,4.235621,51.679348841328114
1 m/s,distance,4.27738,51.66758134662205
1 m/s,distance,4.3199,51.65548214149391
1 m/s,distance,4.362244,51.64332059834769
1 m/s,distance,4.404095,51.63134603382477
1 m/s,distance,4.446062,51.61961774294645
1 m/s,distance,5.032437,51.468987510053715
1 m/s,distance,5.075174,51.45874458305338
1 m/s,distance,5.117921,51.4480704112921
1 m/s,distance,5.159081,51.43730884499411
1 m/s,distance,5.20101,51.42640758670501
1 m/s,distance,5.242939,51.416372743469076
1 m/s,distance,5.284925,51.40632426275662
1 m/s,distance,5.328243,51.39571892732365
1 m/s,distance,5.370931,51.38516375099854
1 m/s,distance,5.410243,51.37561525068493
1 m/s,distance,5.452191,51.36584341919306
1 m/s,distance,5.997746,51.237021426615286
1 m/s,distance,6.039603,51.22793957577013
1 m/s,distance,6.08162,51.21882999464548
1 m/s,distance,6.123726,51.20955690704313
1 m/s,distance,6.165969,51.20015940152226
1 m/s,distance,6.207387,51.191069987269564
1 m/s,distance,6.258825,51.18032678670008
1 m/s,distance,6.291068,51.17359261095063
1 m/s,distance,6.332516,51.164647951078244
1 m/s,distance,6.375114,51.155393323434154
1 m/s,distance,6.41786,51.14633620274515
1 m/s,distance,7.007559,51.024648784782336
1 m/s,distance,7.046045,51.01737894486644
1 m/s,distance,7.087735,51.00950386292263
1 m/s,distance,7.130114,51.00128800907791
1 m/s,distance,7.17202,50.99309520063323
1 m/s,distance,7.213975,50.9849738917289
1 m/s,distance,7.255935,50.976986624761096
1 m/s,distance,7.297963,50.968986423352234
1 m/s,distance,7.339855,50.96086374457914
1 m/s,distance,7.381771,50.9527354728095
1 m/s,distance,7.423988,50.944843251493204
1 m/s,distance,8.010882,50.838157256245665
1 m/s,distance,8.05274,50.831264669618996
1 m/s,distance,8.098108,50.82379410526147
1 m/s,distance,8.137202,50.81727798910053
1 m/s,distance,8.178147,50.810453069104184
1 m/s,distance,8.219993,50.80370828897288
1 m/s,distance,8.262797,50.79702661213122
1 m/s,distance,8.304632,50.79039987774126
1 m/s,distance,8.346626,50.78321244405446
1 m/s,distance,8.38849,50.7760472090444
1 m/s,distance,8.432287,50.769101849158154
1 m/s,distance,9.01756,50.679032840216315
1 m/s,distance,9.059667,50.67297706232406
1 m/s,distance,9.101517,50.666943159092895
1 m/s,distance,9.147556,50.66011026416929
1 m/s,distance,9.185135,50.65453293814783
1 m/s,distance,9.226851,50.6485944953732
1 m/s,distance,9.272666,50.642199647142576
1 m/s,distance,9.311436,50.636650171489
1 m/s,distance,9.352637,50.63046884942845
1 m/s,distance,9.395001,50.6241130071153
1 m/s,distance,9.437619,50.618178395664145
1 m/s,distance,10.024899,50.53202586202101
1 m/s,distance,10.067732,50.525839943218436
1 m/s,distance,10.108513,50.51997425977768
1 m/s,distance,10.150284,50.514038776704375
1 m/s,distance,10.192266,50.508073311310746
1 m/s,distance,10.234166,50.50249010229353
1 m/s,distance,10.276109,50.496962841115575
1 m/s,distance,10.318109,50.49137311329533
1 m/s,distance,10.360195,50.48571065438942
1 m/s,distance,10.401926,50.48012046340236
1 m/s,distance,10.443904,50.47475085942182
1 m/s,distance,11.030283,50.40035096990507
1 m/s,distance,11.07218,50.39545576330587
1 m/s,distance,11.118054,50.38992150728997
1 m/s,distance,11.156923,50.38503812600933
1 m/s,distance,11.198067,50.37986889133197
1 m/s,distance,11.240503,50.37520194313489
1 m/s,distance,11.282463,50.37058994036865
1 m/s,distance,11.335815,50.36462957510962
1 m/s,distance,11.365926,50.36124287967444
1 m/s,distance,11.407656,50.35660300005808
1 m/s,distance,11.450124,50.352068488442136
1 m/s,distance,11.995857,50.29627585112452
1 m/s,distance,12.037932,50.29213106351971
1 m/s,distance,12.081158,50.28788685206258
1 m/s,distance,12.121189,50.28381777002087
1 m/s,distance,12.163289,50.27942994953239
1 m/s,distance,12.217252,50.273970371826124
1 m/s,distance,12.246701,50.271156055001406
1 m/s,distance,12.288376,50.26717334031749
1 m/s,distance,12.331323,50.262886384343496
1 m/s,distance,12.37327,50.25864609825207
1 m/s,distance,12.425268,50.25357746975886
1 m/s,distance,13.002425,50.200307178871164
1 m/s,distance,13.044376,50.19674678926201
1 m/s,distance,13.086463,50.19317486589662
1 m/s,distance,13.129365,50.189407369031464
1 m/s,distance,13.172628,50.18555995363316
1 m/s,distance,13.21169,50.182135218589345
1 m/s,distance,13.253614,50.17855978655499
1 m/s,distance,13.295586,50.174980267545756
1 m/s,distance,13.33801,50.171440521447295
1 m/s,distance,13.379832,50.16795614777191
1 m/s,distance,13.421743,50.16461957722368
1 m/s,distance,14.008254,50.12213816688903
1 m/s,distance,14.050013,50.11954924935077
1 m/s,distance,14.092475,50.11691674221605
1 m/s,distance,14.13477,50.11422476678134
1 m/s,distance,14.176712,50.1115443480249
1 m/s,distance,14.218625,50.10893597903923
1 m/s,distance,14.263016,50.106251892439985
1 m/s,distance,14.305568,50.103700064001075
1 m/s,distance,14.343643,50.10150725048069
1 m/s,distance,14.385567,50.09909277878674
1 m/s,distance,14.433209,50.096534160536955
1 m/s,distance,15.01471,50.069007878710856
1 m/s,distance,15.056724,50.067429913645775
1 m/s,distance,15.098714,50.06585299848274
1 m/s,distance,15.140604,50.06429319694642
1 m/s,distance,15.182586,50.062729959743464
1 m/s,distance,15.22441,50.06127312265955
1 m/s,distance,15.266505,50.059867320040276
1 m/s,distance,15.308354,50.05846413999625
1 m/s,distance,15.350306,50.05703995389649
1 m/s,distance,15.392316,50.05561379289685
1 m/s,distance,15.434345,50.05433857789953
1 m/s,distance,16.021582,50.03896953761007
1 m/s,distance,16.063226,50.038144739854836
1 m/s,distance,16.105208,50.03732113228219
1 m/s,distance,16.147161,50.03653768962668
1 m/s,distance,16.189133,50.03575388633367
1 m/s,distance,16.231095,50.03506261062632
1 m/s,distance,16.274276,50.03437757178646
1 m/s,distance,16.314898,50.03374470178109
1 m/s,distance,16.356829,50.03310861226803
1 m/s,distance,16.398733,50.03247453228828
1 m/s,distance,16.440764,50.03197171704222
1 m/s,distance,17.028115,50.02780578815522
1 m/s,distance,17.071292,50.02774307233906
1 m/s,distance,17.111812,50.02770142483011
1 m/s,distance,17.153727,50.02769366915362
1 m/s,distance,17.200891,50.027689090854906
1 m/s,distance,17.238701,50.027741153766286
1 m/s,distance,17.279633,50.02779751533873
1 m/s,distance,17.321519,50.0278970895469
1 m/s,distance,17.363517,50.028030492937695
1 m/s,distance,17.405485,50.02817698619676
1 m/s,distance,17.447369,50.028386195160536
1 m/s,distance,17.992646,50.0335858874143
1 m/s,distance,18.034571,50.03419310703767
1 m/s,distance,18.076516,50.0348053310958
1 m/s,distance,18.118614,50.035469073865045
1 m/s,distance,18.160451,50.036180899776454
1 m/s,distance,18.20793,50.036991242738644
1 m/s,distance,18.244447,50.0376220566149
1 m/s,distance,18.286316,50.038345328465404
1 m/s,distance,18.330908,50.03920226211984
1 m/s,distance,18.370545,50.03999206810308
1 m/s,distance,18.412692,50.04085027794443
1 m/s,distance,18.999289,50.0561430380311
1 m/s,distance,19.041209,50.05749778262605
1 m/s,distance,19.083184,50.05885430709304
1 m/s,distance,19.125132,50.060353089256836
1 m/s,distance,19.16704,50.061930456285616
1 m/s,distance,19.208937,50.063491937411385
1 m/s,distance,19.252297,50.06506126505193
1 m/s,distance,19.292745,50.06652519710893
1 m/s,distance,19.334735,50.06818460131238
1 m/s,distance,19.37669,50.06986360948244
1 m/s,distance,19.41882,50.07155802121536
1 m/s,distance,20.005836,50.10033853455274
1 m/s,distance,20.047861,50.10269312140467
1 m/s,distance,20.089757,50.10504046814181
1 m/s,distance,20.131726,50.10760099935278
1 m/s,distance,20.17768,50.11046260564105
1 m/s,distance,20.217628,50.11297943216419
1 m/s,distance,20.257544,50.1155251927725
1 m/s,distance,20.299546,50.118208537580784
1 m/s,distance,20.341492,50.121029322698796
1 m/s,distance,20.383386,50.12384659656582
1 m/s,distance,20.425335,50.12663274325539
1 m/s,distance,21.0126,50.16978452652493
1 m/s,distance,21.05456,50.17299775947779
1 m/s,distance,21.096659,50.17622163668816
1 m/s,distance,21.142432,50.18006064629852
1 m/s,distance,21.182181,50.183404782840654
1 m/s,distance,21.22435,50.187040281175776
1 m/s,distance,21.264361,50.190540965128044
1 m/s,distance,21.30642,50.19424094944311
1 m/s,distance,21.348518,50.1980277810423
1 m/s,distance,21.39033,50.20178887697604
1 m/s,distance,21.432221,50.20548360449145
1 m/s,distance,22.019224,50.26153998181089
1 m/s,distance,22.061203,50.26556497671698
1 m/s,distance,22.103107,50.26961864084674
1 m/s,distance,22.145027,50.27394646270874
1 m/s,distance,22.187169,50.27829717580601
1 m/s,distance,22.229401,50.28252493668893
1 m/s,distance,22.270827,50.286625938074685
1 m/s,distance,22.312759,50.2909201627481
1 m/s,distance,22.354731,50.29548879327347
1 m/s,distance,22.396654,50.30005210368241
1 m/s,distance,22.438789,50.30428564873586
1 m/s,distance,23.025905,50.36824993171972
1 m/s,distance,23.069095,50.373061986582705
1 m/s,distance,23.109741,50.37756405129745
1 m/s,distance,23.151678,50.382139817609705
1 m/s,distance,23.193622,50.386716338324945
1 m/s,distance,23.235579,50.39118241179648
1 m/s,distance,23.277578,50.39563914679016
1 m/s,distance,23.319423,50.40021080099103
1 m/s,distance,23.361303,50.404914338116626
1 m/s,distance,23.403334,50.409644845247264
1 m/s,distance,23.44534,50.414444873690115
1 m/s,distance,23.990566,50.4833471213788
1 m/s,distance,24.032439,50.48912039339711
1 m/s,distance,24.074472,50.49495851712077
1 m/s,distance,24.116359,50.50084622829779
1 m/s,distance,24.158256,50.50682707778348
1 m/s,distance,24.200253,50.512812739492915
1 m/s,distance,24.245292,50.51903125460565
1 m/s,distance,24.284165,50.52439840579329
1 m/s,distance,24.326084,50.53043418663363
1 m/s,distance,24.369556,50.536823560506946
1 m/s,distance,24.409923,50.54277135012857
1 m/s,distance,24.997207,50.631492260326596
1 m/s,distance,25.039047,50.637765276098676
1 m/s,distance,25.081067,50.644058672968804
1 m/s,distance,25.122887,50.65046387393288
1 m/s,distance,25.164834,50.65698752727041
1 m/s,distance,25.206826,50.66346025669021
1 m/s,distance,25.248716,50.669692604242286
1 m/s,distance,25.290738,50.67594456754961
1 m/s,distance,25.332693,50.68247637320365
1 m/s,distance,25.374688,50.68907752940391
1 m/s,distance,25.41659,50.695571174021026
1 m/s,distance,26.003766,50.792878545047586
1 m/s,distance,26.045779,50.800087836019024
1 m/s,distance,26.087708,50.80728272600064
1 m/s,distance,26.130967,50.81565692478497
1 m/s,distance,26.171539,50.82379780217705
1 m/s,distance,26.213486,50.83188074967381
1 m/s,distance,26.255381,50.83936995429457
1 m/s,distance,26.302707,50.84786098932978
1 m/s,distance,26.339378,50.85467009200743
1 m/s,distance,26.381278,50.86245012122336
1 m/s,distance,26.423218,50.87003267932065
1 m/s,distance,27.010451,50.98074084845755
1 m/s,distance,27.052406,50.9887809562319
1 m/s,distance,27.094304,50.99681014416811
1 m/s,distance,27.136243,51.00558320158764
1 m/s,distance,27.178251,51.01444692090455
1 m/s,distance,27.220332,51.02333656381884
1 m/s,distance,27.26211,51.03217155026917
1 m/s,distance,27.304067,51.04102558225544
1 m/s,distance,27.346029,51.049763719522545
1 m/s,distance,27.387797,51.05846149278263
1 m/s,distance,27.430866,51.0670749768458
1 m/s,distance,28.018534,51.18497733169572
1 m/s,distance,28.060488,51.19317930325637
1 m/s,distance,28.106974,51.202378390333294
1 m/s,distance,28.147014,51.2107149906054
1 m/s,distance,28.190592,51.21978820402171
1 m/s,distance,28.226939,51.22740271019311
1 m/s,distance,28.274729,51.237430763218306
1 m/s,distance,28.316609,51.24637232859117
1 m/s,distance,28.352774,51.2542633574499
1 m/s,distance,28.394774,51.26342756753239
1 m/s,distance,28.436572,51.27228346646528
1 m/s,distance,29.02377,51.405916969421234
1 m/s,distance,29.065476,51.415278778179726
1 m/s,distance,29.111493,51.42568693999889
1 m/s,distance,29.151648,51.43493890015771
1 m/s,distance,29.191494,51.444119666883566
1 m/s,distance,29.243399,51.455720862018715
1 m/s,distance,29.275327,51.46282409566634
1 m/s,distance,29.31796,51.472678135253574
1 m/s,distance,29.359262,51.482639828664055
1 m/s,distance,29.402322,51.492993498482754
1 m/s,distance,29.443133,51.50251662534016
1 m/s,distance,30.030591,51.649793915722945
1 m/s,distance,30.072412,51.66050553235596
1 m/s,distance,30.114235,51.67136123780375
1 m/s,distance,30.156294,51.68251111696368
1 m/s,distance,30.198107,51.69359576849622
1 m/s,distance,30.239814,51.704255631862786
1 m/s,distance,30.282041,51.71504716239316
1 m/s,distance,30.323887,51.7266698920122
1 m/s,distance,30.373091,51.74102553723101
1 m/s,distance,30.408549,51.75104182451976
1 m/s,distance,30.994982,51.90862065124798
1 m/s,distance,31.037434,51.9198049053673
1 m/s,distance,31.07925,51.93079035428427
1 m/s,distance,31.131064,51.94471213915843
1 m/s,distance,31.163334,51.95349422663694
1 m/s,distance,31.204928,51.96471961346563
1 m/s,distance,31.247329,51.9756620392414
1 m/s,distance,31.289643,51.98658206849113
1 m/s,distance,31.331592,51.997772289227555
1 m/s,distance,31.373599,52.00907195516595
1 m/s,distance,31.415491,52.02012521324876
1 m/s,distance,32.002155,52.18276490256479
1 m/s,distance,32.043936,52.19435943458637
1 m/s,distance,32.086119,52.206065583546355
1 m/s,distance,32.140401,52.22257330168169
1 m/s,distance,32.169713,52.23171142357586
1 m/s,distance,32.22101,52.24709047044785
1 m/s,distance,32.253559,52.25636171343588
1 m/s,distance,32.295158,52.26821071252986
1 m/s,distance,32.337917,52.28103850551497
1 m/s,distance,32.3792,52.29347202332473
1 m/s,distance,32.421157,52.30614786811728
1 m/s,distance,33.016056,52.48737965986117
1 m/s,distance,33.050497,52.49745663241634
1 m/s,distance,33.092453,52.50973237951143
1 m/s,distance,33.134749,52.5221285841103
1 m/s,distance,33.177177,52.53456675204134
1 m/s,distance,33.224118,52.54729422706258
1 m/s,distance,33.259901,52.55635533473394
1 m/s,distance,33.308382,52.56845590963649
1 m/s,distance,33.34396,52.57684816977959
1 m/s,distance,33.386013,52.5867677678417
1 m/s,distance,33.433881,52.596450975198024
1 m/s,distance,34.016489,52.65831069579932
1 m/s,distance,34.05746,52.660959233461675
1 m/s,distance,34.099054,52.66365628151625
1 m/s,distance,34.141757,52.666846317366776
1 m/s,distance,34.190693,52.67050199311969
1 m/s,distance,34.225461,52.67331083473358
1 m/s,distance,34.266779,52.67671851724252
1 m/s,distance,34.308793,52.68004994562455
1 m/s,distance,34.350959,52.68299385353786
1 m/s,distance,34.393078,52.68593448224899
1 m/s,distance,34.434973,52.688394112884005
1 m/s,distance,35.022317,52.7077742448541
1 m/s,distance,35.064209,52.70789710547651
1 m/s,distance,35.106218,52.70796707273448
1 m/s,distance,35.148182,52.7078102923824
1 m/s,distance,35.190091,52.70765371779283
1 m/s,distance,35.232156,52.707360623626755
1 m/s,distance,35.27399,52.70703668022964
1 m/s,distance,35.315949,52.70667568612096
1 m/s,distance,35.357294,52.70627131198303
1 m/s,distance,35.398869,52.70586446748621
1 m/s,distance,35.440906,52.705438728142134
1 m/s,distance,36.03219,52.70113355148164
1 m/s,distance,36.070106,52.700932690616014
1 m/s,distance,36.117486,52.70061961956483
1 m/s,distance,36.154078,52.70030778176734
1 m/s,distance,36.196069,52.69994993368223
1 m/s,distance,36.238774,52.699575756581254
1 m/s,distance,36.279794,52.69921581878231
1 m/s,distance,36.321768,52.69903202038086
1 m/s,distance,36.364026,52.69899254680413
1 m/s,distance,36.405705,52.69890990851268
1 m/s,distance,36.993484,52.70787358908706
1 m/s,distance,37.034754,52.70930451222555
1 m/s,distance,37.076775,52.710759267238906
1 m/s,distance,37.119994,52.7119068768343
1 m/s,distance,37.160821,52.7126661681363
1 m/s,distance,37.202721,52.71340429692691
1 m/s,distance,37.244651,52.713799804767206
1 m/s,distance,37.28649,52.714194453526524
1 m/s,distance,37.333861,52.71475432455168
1 m/s,distance,37.370369,52.71521452780441
1 m/s,distance,37.418917,52.7156575720403
1 m/s,distance,38.010856,52.720898484763076
1 m/s,distance,38.042188,52.72192003672293
1 m/s,distance,38.083426,52.723264558799265
1 m/s,distance,38.125513,52.723849502231296
1 m/s,distance,38.167084,52.7240051078705
1 m/s,distance,38.20967,52.72415148784172
1 m/s,distance,38.251546,52.724260534734036
1 m/s,distance,38.293836,52.724370659423705
1 m/s,distance,38.335576,52.724515234872406
1 m/s,distance,38.37744,52.72466447961952
1 m/s,distance,38.419663,52.72493669521876
1 m/s,distance,39.006844,52.8203440804917
1 m/s,distance,39.049019,52.82052473447342
1 m/s,distance,39.090815,52.82070376466798
1 m/s,distance,39.13262,52.82073634348327
1 m/s,distance,39.174882,52.82073732119567
1 m/s,distance,39.231606,52.82057837074085
1 m/s,distance,39.261752,52.82043429263312
1 m/s,distance,39.30019,52.82025121525798
1 m/s,distance,39.341879,52.82006539566446
1 m/s,distance,39.384613,52.8198749193431
1 m/s,distance,39.425335,52.819778133823185
1 m/s,distance,40.012734,52.82166614975689
1 m/s,distance,40.054704,52.82230069422823
1 m/s,distance,40.09855,52.82296873196863
1 m/s,distance,40.138772,52.82423223301176
1 m/s,distance,40.186172,52.82572122041794
1 m/s,distance,40.226788,52.82659704309159
1 m/s,distance,40.26558,52.82727210989737
1 m/s,distance,40.30645,52.82800859863386
1 m/s,distance,40.353028,52.82896239609637
1 m/s,distance,40.390619,52.82973216369867
1 m/s,distance,40.432591,52.830411584810506
1 m/s,distance,41.019381,52.74507879988197
1 m/s,distance,41.066749,52.745865444447496
1 m/s,distance,41.103344,52.746492984804874
1 m/s,distance,41.146337,52.74737365655399
1 m/s,distance,41.187283,52.748212396204366
1 m/s,distance,41.230557,52.74925354020824
1 m/s,distance,41.272575,52.75031537551744
1 m/s,distance,41.313596,52.75097493408886
1 m/s,distance,41.35488,52.751004786594635
1 m/s,distance,41.398079,52.7510360238203
1 m/s,distance,41.438727,52.75071528990878
1 m/s,distance,42.02618,52.7472756866624
1 m/s,distance,42.068545,52.74716166240794
1 m/s,distance,42.11003,52.747043258196165
1 m/s,distance,42.152324,52.746905226916425
1 m/s,distance,42.193625,52.746770437224974
1 m/s,distance,42.235685,52.746806882647064
1 m/s,distance,42.277883,52.74686490146083
1 m/s,distance,42.32,52.74663033127787
1 m/s,distance,42.361864,52.74612532372089
1 m/s,distance,42.404197,52.74561854359585
1 m/s,distance,42.445608,52.74514598031097
1 m/s,distance,42.487155,52.74467186621993
1 m/s,distance,42.529438,52.74416914867335
1 m/s,distance,42.571491,52.74366202737621
1 m/s,distance,42.613274,52.74333951717248
1 m/s,distance,42.655491,52.74333951717248
1 m/s,power,0.0,3647.874038395514
1 m/s,power,0.041909,3801.7514384820056
1 m/s,power,0.08394,3453.1465361319374
1 m/s,power,0.126236,3331.1649613911345
1 m/s,power,0.168848,2327.8023971119196
1 m/s,power,0.209662,3062.6166916543766
1 m/s,power,0.251615,2612.2453942920447
1 m/s,power,0.293493,2042.6377554524934
1 m/s,power,0.33562,2284.040717675585
1 m/s,power,0.377572,2515.0530809507777
1 m/s,power,0.419654,2492.5683541279263
1 m/s,power,1.006426,4864.163751355416
1 m/s,power,1.048366,5476.005295833816
1 m/s,power,1.090371,5959.5684407513945
1 m/s,power,1.133214,5118.569819783646
1 m/s,power,1.174192,4907.090482149274
1 m/s,power,1.216166,4714.0802920612205
1 m/s,power,1.257599,5562.942476783308
1 m/s,power,1.300106,5053.406178014983
1 m/s,power,1.342699,4761.597316027469
1 m/s,power,1.384576,4853.8002637109
1 m/s,power,1.428166,5480.922641307758
1 m/s,power,2.012644,5003.113930343781
1 m/s,power,2.054333,5964.141933254104
1 m/s,power,2.096549,5497.294789257712
1 m/s,power,2.139009,5256.964998932369
1 m/s,power,2.18098,5965.071416169299
1 m/s,power,2.223067,6607.826041899107
1 m/s,power,2.265482,6088.894891521778
1 m/s,power,2.306818,6029.653804324093
1 m/s,power,2.348831,5862.358910882206
1 m/s,power,2.3907,6752.994150745282
1 m/s,power,2.432745,6360.42718691127
1 m/s,power,3.022415,8033.31594050676
1 m/s,power,3.061164,8312.32398309883
1 m/s,power,3.103091,8094.892525537322
1 m/s,power,3.145656,8086.127008648825
1 m/s,power,3.187473,8177.062797851073
1 m/s,power,3.240244,8061.425432266926
1 m/s,power,3.270882,8272.625943435372
1 m/s,power,3.312672,8603.685024453185
1 m/s,power,3.355154,7989.486716929943
1 m/s,power,3.397466,8403.30339806912
1 m/s,power,3.439405,8028.100958508184
1 m/s,power,4.029152,8781.49246996204
1 m/s,power,4.071215,9096.963559342206
1 m/s,power,4.110668,9650.378230929604
1 m/s,power,4.152184,10257.425115495605
1 m/s,power,4.206493,9902.86084926977
1 m/s,power,4.235621,9309.02599631132
1 m/s,power,4.27738,9883.471707856505
1 m/s,power,4.3199,9156.073667244056
1 m/s,power,4.362244,9108.90339173712
1 m/s,power,4.404095,9524.748920575283
1 m/s,power,4.446062,9733.790474424648
1 m/s,power,5.032437,9730.027029767183
1 m/s,power,5.075174,8794.862705011374
1 m/s,power,5.117921,9012.926827618207
1 m/s,power,5.159081,8558.000934797798
1 m/s,power,5.20101,7855.787738985823
1 m/s,power,5.242939,8222.071028639924
1 m/s,power,5.284925,9305.064642440697
1 m/s,power,5.328243,9185.33494217821
1 m/s,power,5.370931,9381.301615447614
1 m/s,power,5.410243,8969.122253598733
1 m/s,power,5.452191,7668.174358998366
1 m/s,power,5.997746,10630.977800748151
1 m/s,power,6.039603,9753.879279548215
1 m/s,power,6.08162,10034.388571308169
1 m/s,power,6.123726,10511.94582368079
1 m/s,power,6.165969,10436.480680765906
1 m/s,power,6.207387,10569.962819234512
1 m/s,power,6.258825,11726.266242926604
1 m/s,power,6.291068,11610.405892990993
1 m/s,power,6.332516,11506.320002502975
1 m/s,power,6.375114,11253.878709138464
1 m/s,power,6.41786,11849.153978238279
1 m/s,power,7.007559,13625.28667588319
1 m/s,power,7.046045,13155.31759403778
1 m/s,power,7.087735,12728.920810500787
1 m/s,power,7.130114,13327.539495345716
1 m/s,power,7.17202,13968.86852969846
1 m/s,power,7.213975,13899.389087294447
1 m/s,power,7.255935,13894.231356933711
1 m/s,power,7.297963,13324.729265542323
1 m/s,power,7.339855,14553.245960953178
1 m/s,power,7.381771,13801.70007643986
1 m/s,power,7.423988,14548.753417389407
1 m/s,power,8.010882,14684.014777982213
1 m/s,power,8.05274,15393.168387307403
1 m/s,power,8.098108,15305.818566806547
1 m/s,power,8.137202,15628.792819664608
1 m/s,power,8.178147,14995.182292989972
1 m/s,power,8.219993,15178.823307489944
1 m/s,power,8.262797,14580.790273507126
1 m/s,power,8.304632,14393.170950141599
1 m/s,power,8.346626,14284.958837882594
1 m/s,power,8.38849,14513.467194299232
1 m/s,power,8.432287,14664.734467422177
1 m/s,power,9.01756,11666.002743013565
1 m/s,power,9.059667,11958.744499319317
1 m/s,power,9.101517,11249.978888869082
1 m/s,power,9.147556,11444.294036767842
1 m/s,power,9.185135,10543.738852987588
1 m/s,power,9.226851,10668.41656479536
1 m/s,power,9.272666,10721.588035361181
1 m/s,power,9.311436,9814.482003651543
1 m/s,power,9.352637,10152.541455221939
1 m/s,power,9.395001,9985.38712319157
1 m/s,power,9.437619,9894.307504823166
1 m/s,power,10.024899,10129.074686268237
1 m/s,power,10.067732,11389.102730241746
1 m/s,power,10.108513,11048.811022005943
1 m/s,power,10.150284,11549.658393216658
1 m/s,power,10.192266,11509.594475914431
1 m/s,power,10.234166,12011.674987278002
1 m/s,power,10.276109,12223.231855773662
1 m/s,power,10.318109,12597.963327458927
1 m/s,power,10.360195,13346.462977133679
1 m/s,power,10.401926,14382.786273876145
1 m/s,power,10.443904,15455.256969717457
1 m/s,power,11.030283,22102.630092366835
1 m/s,power,11.07218,21398.257148655823
1 m/s,power,11.118054,22478.065619621277
1 m/s,power,11.156923,22461.02139262594
1 m/s,power,11.198067,21480.246390579414
1 m/s,power,11.240503,21153.959440256094
1 m/s,power,11.282463,21824.41513534784
1 m/s,power,11.335815,21578.20245062132
1 m/s,power,11.365926,20879.708451029677
1 m/s,power,11.407656,20406.18122040476
1 m/s,power,11.450124,19493.43656208417
1 m/s,power,11.995857,17978.201522955518
1 m/s,power,12.037932,19412.875109060995
1 m/s,power,12.081158,19220.79561308532
1 m/s,power,12.121189,20509.374636980036
1 m/s,power,12.163289,21788.98037999943
1 m/s,power,12.217252,21813.475674454083
1 m/s,power,12.246701,22479.35624078234
1 m/s,power,12.288376,24171.77204923131
1 m/s,power,12.331323,25315.32962455753
1 m/s,power,12.37327,26361.617875236716
1 m/s,power,12.425268,26315.745856805956
1 m/s,power,13.002425,29353.96617154145
1 m/s,power,13.044376,29607.413075106717
1 m/s,power,13.086463,29056.935850154605
1 m/s,power,13.129365,29150.522808347712
1 m/s,power,13.172628,29698.64773015768
1 m/s,power,13.21169,28400.650151008867
1 m/s,power,13.253614,28219.933043861034
1 m/s,power,13.295586,28116.638792714893
1 m/s,power,13.33801,28130.315639892848
1 m/s,power,13.379832,27977.216534172945
1 m/s,power,13.421743,28796.539549049987
1 m/s,power,14.008254,35839.01540221215
1 m/s,power,14.050013,35597.619822117325
1 m/s,power,14.092475,37337.92506286336
1 m/s,power,14.13477,38214.17366632439
1 m/s,power,14.176712,38029.85671811031
1 m/s,power,14.218625,38730.07075903683
1 m/s,power,14.263016,39891.0974780088
1 m/s,power,14.305568,40124.58006010779
1 m/s,power,14.343643,41654.834485327156
1 m/s,power,14.385567,41781.80452062836
1 m/s,power,14.433209,41359.23003393559
1 m/s,power,15.01471,38315.38658293819
1 m/s,power,15.056724,38339.19567492255
1 m/s,power,15.098714,38083.8462343288
1 m/s,power,15.140604,38698.93086378485
1 m/s,power,15.182586,38206.02000994085
1 m/s,power,15.22441,38794.82362377744
1 m/s,power,15.266505,39123.694367991375
1 m/s,power,15.308354,40245.43248618407
1 m/s,power,15.350306,41121.20583105511
1 m/s,power,15.392316,42129.14531532772
1 m/s,power,15.434345,41436.074259031826
1 m/s,power,16.021582,49228.4421853871
1 m/s,power,16.063226,48196.457888521225
1 m/s,power,16.105208,48739.74331077257
1 m/s,power,16.147161,47225.72699281611
1 m/s,power,16.189133,48337.0351283568
1 m/s,power,16.231095,46620.29637400431
1 m/s,power,16.274276,47197.586304810124
1 m/s,power,16.314898,46031.13964481001
1 m/s,power,16.356829,45460.22949788089
1 m/s,power,16.398733,45427.9230980242
1 m/s,power,16.440764,44593.964255266656
1 m/s,power,17.028115,48457.3735359233
1 m/s,power,17.071292,48454.46357148122
1 m/s,power,17.111812,50918.93630075161
1 m/s,power,17.153727,51210.09866227559
1 m/s,power,17.200891,50036.78890576413
1 m/s,power,17.238701,50924.8825820934
1 m/s,power,17.279633,50642.329429045814
1 m/s,power,17.321519,51098.447177972055
1 m/s,power,17.363517,52076.89427183614
1 m/s,power,17.405485,51897.49108579335
1 m/s,power,17.447369,52094.03360270732
1 m/s,power,17.992646,46944.58303148512
1 m/s,power,18.034571,46497.8065074042
1 m/s,power,18.076516,46839.52700444359
1 m/s,power,18.118614,47065.47062337739
1 m/s,power,18.160451,46508.27200617112
1 m/s,power,18.20793,46082.78405218157
1 m/s,power,18.244447,45645.12426316747
1 m/s,power,18.286316,45786.99165701979
1 m/s,power,18.330908,45168.199078555255
1 m/s,power,18.370545,46510.21393199563
1 m/s,power,18.412692,45121.60706357875
1 m/s,power,18.999289,52504.34225852182
1 m/s,power,19.041209,52163.64904797209
1 m/s,power,19.083184,53138.59637777422
1 m/s,power,19.125132,53535.590255455296
1 m/s,power,19.16704,53064.069284215286
1 m/s,power,19.208937,52402.23755718833
1 m/s,power,19.252297,51665.77607081887
1 m/s,power,19.292745,51870.207595497435
1 m/s,power,19.334735,51918.303140607364
1 m/s,power,19.37669,51153.034875752965
1 m/s,power,19.41882,50678.463275833456
1 m/s,power,20.005836,43575.45378994922
1 m/s,power,20.047861,44646.34570712366
1 m/s,power,20.089757,44844.15111249181
1 m/s,power,20.131726,45788.55564439656
1 m/s,power,20.17768,46054.617596935925
1 m/s,power,20.217628,46253.29788242131
1 m/s,power,20.257544,46865.54265129126
1 m/s,power,20.299546,47319.181364431905
1 m/s,power,20.341492,47231.983284634574
1 m/s,power,20.383386,49285.24192899939
1 m/s,power,20.425335,48464.844052158056
1 m/s,power,21.0126,41162.96211401701
1 m/s,power,21.05456,39481.469096273504
1 m/s,power,21.096659,39200.522062850134
1 m/s,power,21.142432,38152.22621289615
1 m/s,power,21.182181,38211.63216875197
1 m/s,power,21.22435,37893.20258304911
1 m/s,power,21.264361,36832.03640853978
1 m/s,power,21.30642,37176.32914907011
1 m/s,power,21.348518,37170.6515546876
1 m/s,power,21.39033,35969.84765049749
1 m/s,power,21.432221,37174.18329970411
1 m/s,power,22.019224,39582.27634939658
1 m/s,power,22.061203,39895.08457191186
1 m/s,power,22.103107,39794.8172002335
1 m/s,power,22.145027,39675.37116398535
1 m/s,power,22.187169,39268.69736826013
1 m/s,power,22.229401,38275.25388550675
1 m/s,power,22.270827,37409.18984688121
1 m/s,power,22.312759,36895.72441354147
1 m/s,power,22.354731,35808.209673202036
1 m/s,power,22.396654,34891.25788790081
1 m/s,power,22.438789,33951.09201483805
1 m/s,power,23.025905,29624.953940892465
1 m/s,power,23.069095,30077.13764639182
1 m/s,power,23.109741,31345.00151539317
1 m/s,power,23.151678,31150.037255194417
1 m/s,power,23.193622,31937.73813218463
1 m/s,power,23.235579,31963.94820731632
1 m/s,power,23.277578,32269.693227547115
1 m/s,power,23.319423,31990.261143041644
1 m/s,power,23.361303,32512.80020238183
1 m/s,power,23.403334,32506.842864233986
1 m/s,power,23.44534,31996.095074243043
1 m/s,power,23.990566,24295.838676612915
1 m/s,power,24.032439,22869.21085214792
1 m/s,power,24.074472,22320.30488143027
1 m/s,power,24.116359,22042.014358946417
1 m/s,power,24.158256,22103.335675865757
1 m/s,power,24.200253,22311.07281149878
1 m/s,power,24.245292,21354.959143018747
1 m/s,power,24.284165,22083.88564089209
1 m/s,power,24.326084,21362.487963718086
1 m/s,power,24.369556,21890.502141339744
1 m/s,power,24.409923,22550.859141061563
1 m/s,power,24.997207,25914.81201938382
1 m/s,power,25.039047,25468.842219464943
1 m/s,power,25.081067,24711.373272240457
1 m/s,power,25.122887,23983.2043313649
1 m/s,power,25.164834,23073.063017293563
1 m/s,power,25.206826,22256.117046780644
1 m/s,power,25.248716,21271.665496617796
1 m/s,power,25.290738,19864.492064988724
1 m/s,power,25.332693,18838.446857424315
1 m/s,power,25.374688,17761.165558600034
1 m/s,power,25.41659,17647.65916488643
1 m/s,power,26.003766,20715.00540670941
1 m/s,power,26.045779,20858.042333833728
1 m/s,power,26.087708,20844.58116633673
1 m/s,power,26.130967,21428.001143363796
1 m/s,power,26.171539,21281.886781956153
1 m/s,power,26.213486,20967.60904347465
1 m/s,power,26.255381,20663.101509695975
1 m/s,power,26.302707,20884.61656339422
1 m/s,power,26.339378,20264.014261739947
1 m/s,power,26.381278,19326.675994593585
1 m/s,power,26.423218,18965.486257937075
1 m/s,power,27.010451,11511.387448956793
1 m/s,power,27.052406,12844.962319913591
1 m/s,power,27.094304,13379.648575355035
1 m/s,power,27.136243,14308.288856463585
1 m/s,power,27.178251,14708.423844858427
1 m/s,power,27.220332,15797.594405478325
1 m/s,power,27.26211,16000.481024019247
1 m/s,power,27.304067,16359.689025161817
1 m/s,power,27.346029,16861.726661288278
1 m/s,power,27.387797,16564.729427310307
1 m/s,power,27.430866,16981.5462782398
1 m/s,power,28.018534,9323.326123224479
1 m/s,power,28.060488,9323.08157209836
1 m/s,power,28.106974,9010.292170623547
1 m/s,power,28.147014,7645.813560374069
1 m/s,power,28.190592,8796.696027486683
1 m/s,power,28.226939,8336.872854973859
1 m/s,power,28.274729,8329.286223920992
1 m/s,power,28.316609,8899.137598666513
1 m/s,power,28.352774,9197.089593996572
1 m/s,power,28.394774,10620.722433055107
1 m/s,power,28.436572,10628.241623147263
1 m/s,power,29.02377,12172.495307043664
1 m/s,power,29.065476,11260.889884906965
1 m/s,power,29.111493,11311.025594525016
1 m/s,power,29.151648,10129.394157598963
1 m/s,power,29.191494,9470.223651002123
1 m/s,power,29.243399,9465.105282034638
1 m/s,power,29.275327,7736.891494650807
1 m/s,power,29.31796,7026.8709963966185
1 m/s,power,29.359262,6857.81488522401
1 m/s,power,29.402322,5832.072873344434
1 m/s,power,29.443133,5459.540273686054
1 m/s,power,30.030591,10843.95472141045
1 m/s,power,30.072412,11505.277397785765
1 m/s,power,30.114235,11579.25109840874
1 m/s,power,30.156294,10739.732073008152
1 m/s,power,30.198107,11842.143809293992
1 m/s,power,30.239814,10165.341951946328
1 m/s,power,30.282041,9191.180337693304
1 m/s,power,30.323887,8160.226038535942
1 m/s,power,30.373091,7778.822661560038
1 m/s,power,30.408549,7336.001226826506
1 m/s,power,30.994982,6080.814830267404
1 m/s,power,31.037434,7894.777134283146
1 m/s,power,31.07925,7606.45811136826
1 m/s,power,31.131064,8001.3664458016165
1 m/s,power,31.163334,8024.6647905068285
1 m/s,power,31.204928,7903.510738905843
1 m/s,power,31.247329,7704.2679730134
1 m/s,power,31.289643,8430.363515293988
1 m/s,power,31.331592,8909.525352116128
1 m/s,power,31.373599,8269.507421848051
1 m/s,power,31.415491,8020.22443576238
1 m/s,power,32.002155,1455.6665140065566
1 m/s,power,32.043936,1616.5187904877569
1 m/s,power,32.086119,1625.3030486650791
1 m/s,power,32.140401,3219.3069129860855
1 m/s,power,32.169713,3618.2604936626662
1 m/s,power,32.22101,4690.499546956593
1 m/s,power,32.253559,5069.469104354025
1 m/s,power,32.295158,4359.514881268327
1 m/s,power,32.337917,5661.098126688849
1 m/s,power,32.3792,6094.921820663495
1 m/s,power,32.421157,7100.195631107639
1 m/s,power,33.016056,3430.670196914883
1 m/s,power,33.050497,2518.6839817650803
1 m/s,power,33.092453,2419.85330133874
1 m/s,power,33.134749,1980.2949275297353
1 m/s,power,33.177177,2754.025780561976
1 m/s,power,33.224118,2751.409275262406
1 m/s,power,33.259901,2761.5220440909034
1 m/s,power,33.308382,2433.3031048350717
1 m/s,power,33.34396,3676.9695402600223
1 m/s,power,33.386013,2957.980392091875
1 m/s,power,33.433881,4400.541898448417
1 m/s,power,34.016489,4979.386006326483
1 m/s,power,34.05746,4466.924893033237
1 m/s,power,34.099054,5168.926871218048
1 m/s,power,34.141757,3716.5259315656604
1 m/s,power,34.190693,3810.6630656619323
1 m/s,power,34.225461,3737.0582013128987
1 m/s,power,34.266779,4308.060468470701
1 m/s,power,34.308793,4535.4995314739035
1 m/s,power,34.350959,4329.520181267204
1 m/s,power,34.393078,4496.628625981914
1 m/s,power,34.434973,3367.6289878785637
1 m/s,power,35.022317,2004.802733437881
1 m/s,power,35.064209,2611.0614699772964
1 m/s,power,35.106218,2742.2829905026215
1 m/s,power,35.148182,2389.644743471297
1 m/s,power,35.190091,2626.507376726743
1 m/s,power,35.232156,2800.35890556907
1 m/s,power,35.27399,2606.2956470822724
1 m/s,power,35.315949,2783.4857642890865
1 m/s,power,35.357294,2620.748366402238
1 m/s,power,35.398869,2006.7710382602197
1 m/s,power,35.440906,2440.6706045675232
1 m/s,power,36.03219,3978.3828372845164
1 m/s,power,36.070106,4600.580832894907
1 m/s,power,36.117486,4676.437960670493
1 m/s,power,36.154078,4592.400788258795
1 m/s,power,36.196069,4054.349886233303
1 m/s,power,36.238774,4353.445761692685
1 m/s,power,36.279794,5229.676280612405
1 m/s,power,36.321768,4720.481543232639
1 m/s,power,36.364026,4140.5700090688
1 m/s,power,36.405705,5122.591629243932
1 m/s,power,36.993484,4690.599322048303
1 m/s,power,37.034754,4875.8228023585925
1 m/s,power,37.076775,5981.371498243526
1 m/s,power,37.119994,5090.855821961569
1 m/s,power,37.160821,5017.959744756827
1 m/s,power,37.202721,3925.245724792271
1 m/s,power,37.244651,4499.079127999417
1 m/s,power,37.28649,4981.1695413828265
1 m/s,power,37.333861,4641.551464758309
1 m/s,power,37.370369,5039.353629186981
1 m/s,power,37.418917,4674.1501901415195
1 m/s,power,38.010856,2558.520080046276
1 m/s,power,38.042188,3147.3787506431445
1 m/s,power,38.083426,2656.250176470582
1 m/s,power,38.125513,2579.7420413677023
1 m/s,power,38.167084,2289.930129938466
1 m/s,power,38.20967,2732.709278353627
1 m/s,power,38.251546,2921.7955096139085
1 m/s,power,38.293836,1833.3537574619907
1 m/s,power,38.335576,2804.679126032067
1 m/s,power,38.37744,2542.0749398867056
1 m/s,power,38.419663,2838.244527872819
1 m/s,power,39.006844,4473.462305642018
1 m/s,power,39.049019,4933.951053668854
1 m/s,power,39.090815,4664.466743369493
1 m/s,power,39.13262,5053.491862069237
1 m/s,power,39.174882,4808.081738073928
1 m/s,power,39.231606,4618.822035974107
1 m/s,power,39.261752,4476.61311707858
1 m/s,power,39.30019,5351.101755713491
1 m/s,power,39.341879,4873.093883766247
1 m/s,power,39.384613,5092.341799211832
1 m/s,power,39.425335,4726.292627419509
1 m/s,power,40.012734,2538.206650373448
1 m/s,power,40.054704,2566.613527588445
1 m/s,power,40.09855,2473.4271770157293
1 m/s,power,40.138772,2318.486575333142
1 m/s,power,40.186172,2261.516526581223
1 m/s,power,40.226788,2733.2123956985124
1 m/s,power,40.26558,1805.5807929860132
1 m/s,power,40.30645,2484.7317762688185
1 m/s,power,40.353028,2252.0008880992923
1 m/s,power,40.390619,2657.937734409894
1 m/s,power,40.432591,3057.0974796365263
1 m/s,power,41.019381,3368.2922972925016
1 m/s,power,41.066749,4355.776050257865
1 m/s,power,41.103344,3952.8558030871804
1 m/s,power,41.146337,4297.364890255423
1 m/s,power,41.187283,4428.288721391142
1 m/s,power,41.230557,5173.284546591265
1 m/s,power,41.272575,4850.177110168246
1 m/s,power,41.313596,4632.226786330739
1 m/s,power,41.35488,4795.285288697639
1 m/s,power,41.398079,3955.6118363661512
1 m/s,power,41.438727,5053.241533906726
1 m/s,power,42.02618,4441.358013040606
1 m/s,power,42.068545,4522.010614759766
1 m/s,power,42.11003,4404.21843236686
1 m/s,power,42.152324,4258.436919809897
1 m/s,power,42.193625,4652.543497915952
1 m/s,power,42.235685,4521.80638683259
1 m/s,power,42.277883,3945.218118178005
1 m/s,power,42.32,4217.035570160631
1 m/s,power,42.361864,4421.0556431694
1 m/s,power,42.404197,4420.683205116603
1 m/s,power,42.445608,3630.090494739766
1 m/s,power,42.487155,80.23091673413684
1 m/s,power,42.529438,0.0
1 m/s,power,42.571491,0.0
1 m/s,power,42.613274,0.0
1 m/s,power,42.655491,0.0
0.1 m/s,distance,0.0,51.524943948783076
0.1 m/s,distance,0.04203,51.52396546959215
0.1 m/s,distance,0.092408,51.52268625898756
0.1 m/s,distance,0.125771,51.52170306682766
0.1 m/s,distance,0.167574,51.52047114322542
0.1 m/s,distance,0.209831,51.51946328089943
0.1 m/s,distance,0.251695,51.518516739541596
0.1 m/s,distance,0.293436,51.51751800070953
0.1 m/s,distance,0.335305,51.516444971297865
0.1 m/s,distance,0.377496,51.51536370842158
0.1 m/s,distance,0.420242,51.51426837893547
0.1 m/s,distance,1.006817,51.49175999792038
0.1 m/s,distance,1.048571,51.49001874162744
0.1 m/s,distance,1.091584,51.48821800333019
0.1 m/s,distance,1.133288,51.486461061334495
0.1 m/s,distance,1.175227,51.48469423162907
0.1 m/s,distance,1.218862,51.48294199924987
0.1 m/s,distance,1.258729,51.48134106635097
0.1 m/s,distance,1.303533,51.47966535630298
0.1 m/s,distance,1.342808,51.4782594658598
0.1 m/s,distance,1.38514,51.47675996677616
0.1 m/s,distance,1.427094,51.47532511094977
0.1 m/s,distance,2.013412,51.44488698437225
0.1 m/s,distance,2.055798,51.4423683234932
0.1 m/s,distance,2.097373,51.43981778336675
0.1 m/s,distance,2.139821,51.43714200811866
0.1 m/s,distance,2.181292,51.434475235128005
0.1 m/s,distance,2.233648,51.43072153959887
0.1 m/s,distance,2.266672,51.4283538586705
0.1 m/s,distance,2.313002,51.42544170630498
0.1 m/s,distance,2.349558,51.423217007065695
0.1 m/s,distance,2.397199,51.42046522470982
0.1 m/s,distance,2.435787,51.41837584959023
0.1 m/s,distance,3.021332,51.39457289194565
0.1 m/s,distance,3.062116,51.39315013863146
0.1 m/s,distance,3.103956,51.391583361399725
0.1 m/s,distance,3.146042,51.389958219106695
0.1 m/s,distance,3.188124,51.38836626205967
0.1 m/s,distance,3.22997,51.386857510069234
0.1 m/s,distance,3.271734,51.38535172374804
0.1 m/s,distance,3.313863,51.383418828450196
0.1 m/s,distance,3.35626,51.38143606823919
0.1 m/s,distance,3.397438,51.379897885183546
0.1 m/s,distance,3.439347,51.378668971465785
0.1 m/s,distance,4.027085,51.36626597193137
0.1 m/s,distance,4.073873,51.36548601953929
0.1 m/s,distance,4.110885,51.36480742293747
0.1 m/s,distance,4.152423,51.36404323691273
0.1 m/s,distance,4.195613,51.36317595048188
0.1 m/s,distance,4.236416,51.36227981844425
0.1 m/s,distance,4.278247,51.36131770264417
0.1 m/s,distance,4.321555,51.35974573468571
0.1 m/s,distance,4.362154,51.358272101805234
0.1 m/s,distance,4.404105,51.35692568281448
0.1 m/s,distance,4.445927,51.35566290527837
0.1 m/s,distance,5.033032,51.34026173449405
0.1 m/s,distance,5.075193,51.339161914125214
0.1 m/s,distance,5.117557,51.338322290710856
0.1 m/s,distance,5.159206,51.33749699394154
0.1 m/s,distance,5.201455,51.336637916243156
0.1 m/s,distance,5.243193,51.33577602624694
0.1 m/s,distance,5.284935,51.33489274331996
0.1 m/s,distance,5.328301,51.33390209665336
0.1 m/s,distance,5.369064,51.33297091895968
0.1 m/s,distance,5.411111,51.33192826270239
0.1 m/s,distance,5.99803,51.32501896302127
0.1 m/s,distance,6.039971,51.324904788995916
0.1 m/s,distance,6.081798,51.32475644473899
0.1 m/s,distance,6.124264,51.32441827542843
0.1 m/s,distance,6.179143,51.323979477578845
0.1 m/s,distance,6.207789,51.32373838222564
0.1 m/s,distance,6.249376,51.32338837157006
0.1 m/s,distance,6.291575,51.32299579772317
0.1 m/s,distance,6.333527,51.32254676058791
0.1 m/s,distance,6.375395,51.322096444816886
0.1 m/s,distance,6.417313,51.321129152959315
0.1 m/s,distance,7.004567,51.31000743802488
0.1 m/s,distance,7.046457,51.30892981890584
0.1 m/s,distance,7.088442,51.30775303192524
0.1 m/s,distance,7.130401,51.30636671985848
0.1 m/s,distance,7.176434,51.30486403373428
0.1 m/s,distance,7.21433,51.3041804023912
0.1 m/s,distance,7.256184,51.30342537486637
0.1 m/s,distance,7.298074,51.30275390521759
0.1 m/s,distance,7.339908,51.302153370266964
0.1 m/s,distance,7.382124,51.30156742481487
0.1 m/s,distance,7.425256,51.301073641075035
0.1 m/s,distance,8.011187,51.29036356855934
0.1 m/s,distance,8.053179,51.289334653839674
0.1 m/s,distance,8.096083,51.28830552504977
0.1 m/s,distance,8.143125,51.287202785340966
0.1 m/s,distance,8.183088,51.286240770719694
0.1 m/s,distance,8.228476,51.285031358641305
0.1 m/s,distance,8.263035,51.284110496271644
0.1 m/s,distance,8.304869,51.28315248611087
0.1 m/s,distance,8.352248,51.28214042712917
0.1 m/s,distance,8.388739,51.281433958769796
0.1 m/s,distance,8.430684,51.280764487576725
0.1 m/s,distance,9.017773,51.26639470271029
0.1 m/s,distance,9.059734,51.26524437317918
0.1 m/s,distance,9.101647,51.26426618226043
0.1 m/s,distance,9.143595,51.26338734913257
0.1 m/s,distance,9.185926,51.26256735914781
0.1 m/s,distance,9.227481,51.261956269414604
0.1 m/s,distance,9.269481,51.26133863381906
0.1 m/s,distance,9.318358,51.261493283481386
0.1 m/s,distance,9.354158,51.2616916491286
0.1 m/s,distance,9.39611,51.26204437898381
0.1 m/s,distance,9.43793,51.26251687471702
0.1 m/s,distance,10.025555,51.25961328472485
0.1 m/s,distance,10.066424,51.25847954994176
0.1 m/s,distance,10.108382,51.257261422583596
0.1 m/s,distance,10.150244,51.256031755706125
0.1 m/s,distance,10.197745,51.254677253912895
0.1 m/s,distance,10.234065,51.25367618581225
0.1 m/s,distance,10.276069,51.252505491524815
0.1 m/s,distance,10.317925,51.25071375717415
0.1 m/s,distance,10.359829,51.24891997141792
0.1 m/s,distance,10.401772,51.24761319389519
0.1 m/s,distance,10.443667,51.24659081142577
0.1 m/s,distance,11.031078,51.23277803337302
0.1 m/s,distance,11.072925,51.23204241749031
0.1 m/s,distance,11.114983,51.23169404005483
0.1 m/s,distance,11.157191,51.23136705541656
0.1 m/s,distance,11.198984,51.231160631096095
0.1 m/s,distance,11.2409,51.23104288003196
0.1 m/s,distance,11.282541,51.23089362597239
0.1 m/s,distance,11.325027,51.23058699195916
0.1 m/s,distance,11.366542,51.23028736479613
0.1 m/s,distance,11.408934,51.230102607943316
0.1 m/s,distance,11.9962,51.12782333370136
0.1 m/s,distance,12.037669,51.12676948302106
0.1 m/s,distance,12.079646,51.125747360011495
0.1 m/s,distance,12.12162,51.12510386460341
0.1 m/s,distance,12.173618,51.124306695976955
0.1 m/s,distance,12.206,51.12381184171836
0.1 m/s,distance,12.247456,51.12317842684898
0.1 m/s,distance,12.29287,51.122462445304464
0.1 m/s,distance,12.331166,51.1218293816025
0.1 m/s,distance,12.378416,51.12102196423786
0.1 m/s,distance,12.414919,51.12011783250513
0.1 m/s,distance,13.00332,51.10397577119063
0.1 m/s,distance,13.044294,51.10416935702226
0.1 m/s,distance,13.086841,51.10444264551127
0.1 m/s,distance,13.12876,51.10490136736336
0.1 m/s,distance,13.170154,51.10535434413655
0.1 m/s,distance,13.212925,51.10633452553103
0.1 m/s,distance,13.253911,51.10733971610232
0.1 m/s,distance,13.296021,51.10848132755695
0.1 m/s,distance,13.338152,51.10973504976845
0.1 m/s,distance,13.380042,51.11096154212827
0.1 m/s,distance,13.421623,51.11202597645012
0.1 m/s,distance,14.009044,51.118747378478474
0.1 m/s,distance,14.050976,51.11818189998491
0.1 m/s,distance,14.09273,51.11715668777255
0.1 m/s,distance,14.134728,51.11548193666998
0.1 m/s,distance,14.176718,51.11380754319626
0.1 m/s,distance,14.218706,51.11213388808855
0.1 m/s,distance,14.260655,51.110461791540146
0.1 m/s,distance,14.302559,51.10843372731762
0.1 m/s,distance,14.344633,51.106206081193136
0.1 m/s,distance,14.387208,51.1038511341488
0.1 m/s,distance,14.433719,51.100997650933316
0.1 m/s,distance,15.015698,51.149714712228764
0.1 m/s,distance,15.068875,51.14544161741455
0.1 m/s,distance,15.09966,51.14309614850909
0.1 m/s,distance,15.149448,51.13935673775159
0.1 m/s,distance,15.184612,51.13681715565966
0.1 m/s,distance,15.232728,51.13372305809691
0.1 m/s,distance,15.267875,51.13146291789531
0.1 m/s,distance,15.316371,51.128775022096384
0.1 m/s,distance,15.351735,51.126871015581806
0.1 m/s,distance,15.392917,51.12480731253474
0.1 m/s,distance,15.435073,51.12290337673485
0.1 m/s,distance,16.023225,51.0051862550707
0.1 m/s,distance,16.064352,51.004557803663914
0.1 m/s,distance,16.106096,51.00404983940168
0.1 m/s,distance,16.148086,51.003584874470675
0.1 m/s,distance,16.191407,51.00292365241923
0.1 m/s,distance,16.231921,51.00202074872945
0.1 m/s,distance,16.273854,51.00108622470719
0.1 m/s,distance,16.315821,51.0007054891956
0.1 m/s,distance,16.357782,51.00034345326336
0.1 m/s,distance,16.40747,50.99992195632496
0.1 m/s,distance,16.442472,50.999627780658855
0.1 m/s,distance,17.028866,50.993849218159156
0.1 m/s,distance,17.070837,50.993382340288306
0.1 m/s,distance,17.112817,50.99276854883257
0.1 m/s,distance,17.154771,50.992138036517254
0.1 m/s,distance,17.196593,50.9914170420747
0.1 m/s,distance,17.238554,50.99060489628022
0.1 m/s,distance,17.280553,50.98972082739761
0.1 m/s,distance,17.327826,50.98817497824362
0.1 m/s,distance,17.364481,50.986976334495324
0.1 m/s,distance,17.406365,51.01635512013798
0.1 m/s,distance,17.995039,51.068518615467674
0.1 m/s,distance,18.04062,51.06759989423348
0.1 m/s,distance,18.077513,51.06686595278718
0.1 m/s,distance,18.119413,51.066198061526435
0.1 m/s,distance,18.1613,51.06553037548887
0.1 m/s,distance,18.204622,51.0648888884166
0.1 m/s,distance,18.245253,51.06430903128508
0.1 m/s,distance,18.292472,51.06345198764667
0.1 m/s,distance,18.33302,51.06244283130916
0.1 m/s,distance,18.371589,51.06148293091039
0.1 m/s,distance,18.412966,51.06051823949205
0.1 m/s,distance,19.00022,51.03684164058108
0.1 m/s,distance,19.043099,51.03483866908399
0.1 m/s,distance,19.084127,51.033043853856924
0.1 m/s,distance,19.126974,51.0316276972681
0.1 m/s,distance,19.167938,51.03027377771687
0.1 m/s,distance,19.209894,51.029084465497476
0.1 m/s,distance,19.25177,51.02793880231974
0.1 m/s,distance,19.293747,51.026857601508006
0.1 m/s,distance,19.335707,51.02586190069376
0.1 m/s,distance,19.383795,51.024757913053406
0.1 m/s,distance,19.420253,51.024050600128156
0.1 m/s,distance,20.007633,51.01458774727491
0.1 m/s,distance,20.049628,51.01435401246609
0.1 m/s,distance,20.091529,51.01397875784682
0.1 m/s,distance,20.133456,51.01338026603033
0.1 m/s,distance,20.175414,51.012782442266634
0.1 m/s,distance,20.217362,51.012423233518675
0.1 m/s,distance,20.259297,51.01206413705982
0.1 m/s,distance,20.301235,51.01168601535354
0.1 m/s,distance,20.355359,51.01118301806008
0.1 m/s,distance,20.387673,51.010832091058695
0.1 m/s,distance,20.437002,51.01017316187479
0.1 m/s,distance,21.014035,50.978947365582684
0.1 m/s,distance,21.056027,50.938230299508575
0.1 m/s,distance,21.09792,50.919714935276225
0.1 m/s,distance,21.1399,50.91988866225627
0.1 m/s,distance,21.18231,50.920024975771895
0.1 m/s,distance,21.223973,50.91996711834808
0.1 m/s,distance,21.265432,50.91990954400837
0.1 m/s,distance,21.307932,50.91968181119229
0.1 m/s,distance,21.349865,50.91940731406787
0.1 m/s,distance,21.390919,50.91908409157317
0.1 m/s,distance,21.432888,50.918663727611616
0.1 m/s,distance,22.020024,51.01019757747209
0.1 m/s,distance,22.068496,51.0098334116471
0.1 m/s,distance,22.10394,50.98138521991958
0.1 m/s,distance,22.146124,50.93967577218908
0.1 m/s,distance,22.187796,50.9107279590046
0.1 m/s,distance,22.231353,50.910103672776884
0.1 m/s,distance,22.273221,50.90950359378234
0.1 m/s,distance,22.313737,50.908728434055554
0.1 m/s,distance,22.355669,50.907915748178446
0.1 m/s,distance,22.402799,50.90699385757034
0.1 m/s,distance,22.439548,50.90627035497217
0.1 m/s,distance,23.028803,50.88950840120533
0.1 m/s,distance,23.073858,50.88818728851991
0.1 m/s,distance,23.11062,50.887065019079415
0.1 m/s,distance,23.152686,50.885778876156
0.1 m/s,distance,23.194535,50.88437092249791
0.1 m/s,distance,23.236466,50.88281006252727
0.1 m/s,distance,23.278521,50.8812636336175
0.1 m/s,distance,23.320312,50.87994894180506
0.1 m/s,distance,23.36237,50.878625849597675
0.1 m/s,distance,23.404235,50.87731768107526
0.1 m/s,distance,23.446163,50.87601147330675
0.1 m/s,distance,23.991399,50.85741018776687
0.1 m/s,distance,24.035574,50.856130870554075
0.1 m/s,distance,24.081387,50.854792514206
0.1 m/s,distance,24.120806,50.85357672271045
0.1 m/s,distance,24.159432,50.85238539617296
0.1 m/s,distance,24.201558,50.85109149715189
0.1 m/s,distance,24.243783,50.84979778904084
0.1 m/s,distance,24.28569,50.848428964517275
0.1 m/s,distance,24.336848,50.84644698714878
0.1 m/s,distance,24.369949,50.84516457467216
0.1 m/s,distance,24.410855,50.84392715190214
0.1 m/s,distance,24.99802,50.82307504416739
0.1 m/s,distance,25.039925,50.82136706651569
0.1 m/s,distance,25.081857,50.81969010066488
0.1 m/s,distance,25.123864,50.818181223462076
0.1 m/s,distance,25.165783,50.816675506346044
0.1 m/s,distance,25.207756,50.81531727285386
0.1 m/s,distance,25.249673,50.814004119412566
0.1 m/s,distance,25.29168,50.81257640985852
0.1 m/s,distance,25.333609,50.810978259373776
0.1 m/s,distance,25.37554,50.80938296640896
0.1 m/s,distance,25.422639,50.80801781277098
0.1 m/s,distance,26.004697,50.8209075322188
0.1 m/s,distance,26.046702,50.8609299912633
0.1 m/s,distance,26.088556,50.88784392763374
0.1 m/s,distance,26.130546,50.8870344929035
0.1 m/s,distance,26.178056,50.886122455181514
0.1 m/s,distance,26.214519,50.885468437403674
0.1 m/s,distance,26.256372,50.884717739071604
0.1 m/s,distance,26.2983,50.883941665531125
0.1 m/s,distance,26.34025,50.88314554367417
0.1 m/s,distance,26.387324,50.88219286850158
0.1 m/s,distance,26.424324,50.881309405244465
0.1 m/s,distance,27.015866,50.86624198087131
0.1 m/s,distance,27.05479,50.86557213361218
0.1 m/s,distance,27.095763,50.88507215608631
0.1 m/s,distance,27.137445,50.92534921824755
0.1 m/s,distance,27.17997,50.961792971611
0.1 m/s,distance,27.222023,50.96128949489384
0.1 m/s,distance,27.263872,50.960788458732715
0.1 m/s,distance,27.305741,50.96013558972088
0.1 m/s,distance,27.347674,50.959425275796946
0.1 m/s,distance,27.389658,50.95855502556631
0.1 m/s,distance,27.431612,50.95738216567602
0.1 m/s,distance,28.018771,50.8474667688548
0.1 m/s,distance,28.060748,50.84730500487179
0.1 m/s,distance,28.102532,50.84704295729952
0.1 m/s,distance,28.143732,50.84673179496239
0.1 m/s,distance,28.189178,50.84658299794281
0.1 m/s,distance,28.229327,50.846839007306706
0.1 m/s,distance,28.269619,50.84709592578828
0.1 m/s,distance,28.311532,50.84755228973432
0.1 m/s,distance,28.3535,50.848038456127234
0.1 m/s,distance,28.395445,50.84850203899248
0.1 m/s,distance,28.442562,50.848995866235576
0.1 m/s,distance,29.024645,50.84840542295959
0.1 m/s,distance,29.066605,50.8481248772648
0.1 m/s,distance,29.108567,50.84775356341904
0.1 m/s,distance,29.150473,50.84735933144109
0.1 m/s,distance,29.198707,50.84675987852925
0.1 m/s,distance,29.234385,50.846202935735604
0.1 m/s,distance,29.276228,50.84555315784815
0.1 m/s,distance,29.318277,50.84503872715896
0.1 m/s,distance,29.360173,50.8445261661616
0.1 m/s,distance,29.402146,50.8440322117975
0.1 m/s,distance,29.443941,50.84355122584057
0.1 m/s,distance,29.989286,50.835291714847145
0.1 m/s,distance,30.032106,50.8348131010361
0.1 m/s,distance,30.073184,50.83435395955867
0.1 m/s,distance,30.115952,50.833829826158
0.1 m/s,distance,30.157093,50.833323415989675
0.1 m/s,distance,30.198928,50.83262106659694
0.1 m/s,distance,30.240839,50.83177391683517
0.1 m/s,distance,30.282842,50.83095427349123
0.1 m/s,distance,30.32476,50.83026849039077
0.1 m/s,distance,30.366633,50.82958344449437
0.1 m/s,distance,30.408698,50.828974440823686
0.1 m/s,distance,30.99578,50.741020168436364
0.1 m/s,distance,31.037741,50.78128373901209
0.1 m/s,distance,31.079662,50.81714205825351
0.1 m/s,distance,31.121677,50.81616418795684
0.1 m/s,distance,31.163679,50.815186622856224
0.1 m/s,distance,31.205673,50.784410851054474
0.1 m/s,distance,31.247583,50.742427940772956
0.1 m/s,distance,31.289517,50.71440397706597
0.1 m/s,distance,31.33287,50.713373699251385
0.1 m/s,distance,31.373469,50.712408863781555
0.1 m/s,distance,31.415343,50.71182099394963
0.1 m/s,distance,32.007715,50.70134198796996
0.1 m/s,distance,32.044559,50.70066224280851
0.1 m/s,distance,32.08671,50.69995849739937
0.1 m/s,distance,32.129466,50.69944471434098
0.1 m/s,distance,32.170306,50.69895395154609
0.1 m/s,distance,32.21241,50.69871561136938
0.1 m/s,distance,32.254227,50.69851400570424
0.1 m/s,distance,32.296253,50.698304137547154
0.1 m/s,distance,32.338051,50.698088208155944
0.1 m/s,distance,32.379975,50.69791876664664
0.1 m/s,distance,32.421936,50.698117896133624
0.1 m/s,distance,33.009192,50.699739971370306
0.1 m/s,distance,33.051074,50.69938690529258
0.1 m/s,distance,33.092994,50.699154614304234
0.1 m/s,distance,33.136108,50.69908488688293
0.1 m/s,distance,33.182099,50.69898118435883
0.1 m/s,distance,33.218858,50.69876507143042
0.1 m/s,distance,33.260689,50.698519138511884
0.1 m/s,distance,33.307775,50.6979980849893
0.1 m/s,distance,33.344726,50.69750364475464
0.1 m/s,distance,33.386968,50.69683904236513
0.1 m/s,distance,33.430001,50.6958992843719
0.1 m/s,distance,34.0159,50.68253320838975
0.1 m/s,distance,34.058028,50.681341342583515
0.1 m/s,distance,34.100186,50.67979671017571
0.1 m/s,distance,34.141935,50.67802709332441
0.1 m/s,distance,34.184144,50.68507504133151
0.1 m/s,distance,34.226058,50.724799606173306
0.1 m/s,distance,34.267577,50.76414997374902
0.1 m/s,distance,34.309422,50.76994561043273
0.1 m/s,distance,34.351278,50.76817457885401
0.1 m/s,distance,34.393291,50.76629518478599
0.1 m/s,distance,34.435229,50.76428461847713
0.1 m/s,distance,35.022505,50.752378164396895
0.1 m/s,distance,35.0646,50.75204565394008
0.1 m/s,distance,35.106765,50.75148089423685
0.1 m/s,distance,35.148374,50.75084661519617
0.1 m/s,distance,35.19027,50.750286746031094
0.1 m/s,distance,35.237323,50.74981578272826
0.1 m/s,distance,35.274132,50.74944735299085
0.1 m/s,distance,35.316428,50.748985004859215
0.1 m/s,distance,35.357969,50.748529902752544
0.1 m/s,distance,35.399887,50.748061646797986
0.1 m/s,distance,35.442163,50.74758303059476
0.1 m/s,distance,35.987699,50.73808398358803
0.1 m/s,distance,36.030596,50.73703187548848
0.1 m/s,distance,36.071037,50.736040002964906
0.1 m/s,distance,36.112926,50.73492880652111
0.1 m/s,distance,36.154792,50.73380892667819
0.1 m/s,distance,36.196767,50.73275968472482
0.1 m/s,distance,36.242899,50.73168316056396
0.1 m/s,distance,36.280739,50.73083125695844
0.1 m/s,distance,36.322738,50.730087934576424
0.1 m/s,distance,36.364659,50.729345996242394
0.1 m/s,distance,36.406585,50.7288974337636
0.1 m/s,distance,36.993767,50.727616314536434
0.1 m/s,distance,37.035813,50.72723748268528
0.1 m/s,distance,37.077663,50.726844237809324
0.1 m/s,distance,37.11985,50.726184870386305
0.1 m/s,distance,37.161536,50.72553333212464
0.1 m/s,distance,37.204608,50.72455384447224
0.1 m/s,distance,37.247224,50.72344363886923
0.1 m/s,distance,37.289132,50.72240645540318
0.1 m/s,distance,37.33614,50.72136624347084
0.1 m/s,distance,37.37128,50.72058865120704
0.1 m/s,distance,37.413164,50.71964425308321
0.1 m/s,distance,38.000421,50.702237829486556
0.1 m/s,distance,38.047604,50.70085149030862
0.1 m/s,distance,38.085355,50.69971539798816
0.1 m/s,distance,38.126754,50.698389185411266
0.1 m/s,distance,38.168177,50.69706220142531
0.1 m/s,distance,38.210068,50.69582684570062
0.1 m/s,distance,38.252027,50.694611072828735
0.1 m/s,distance,38.297177,50.69316852521566
0.1 m/s,distance,38.338009,50.691735647572976
0.1 m/s,distance,38.377863,50.69035972479675
0.1 m/s,distance,38.41972,50.689249206424336
0.1 m/s,distance,39.012387,50.575351406420175
0.1 m/s,distance,39.048972,50.574733502457065
0.1 m/s,distance,39.090882,50.57408338572127
0.1 m/s,distance,39.132858,50.57352912278042
0.1 m/s,distance,39.174773,50.57297566261731
0.1 m/s,distance,39.216697,50.572444819785304
0.1 m/s,distance,39.258758,50.57191248928633
0.1 m/s,distance,39.300671,50.571161815621856
0.1 m/s,distance,39.347904,50.57015535550116
0.1 m/s,distance,39.38552,50.56941698289165
0.1 m/s,distance,39.427019,50.568787167011024
0.1 m/s,distance,40.013656,50.56071530707915
0.1 m/s,distance,40.055604,50.560216792008575
0.1 m/s,distance,40.102766,50.55972566825489
0.1 m/s,distance,40.139449,50.55938207605564
0.1 m/s,distance,40.18148,50.55899151892023
0.1 m/s,distance,40.224771,50.55860765457242
0.1 m/s,distance,40.265256,50.55824866873567
0.1 m/s,distance,40.307246,50.557873322716055
0.1 m/s,distance,40.350381,50.55748677880343
0.1 m/s,distance,40.391267,50.55705886308838
0.1 m/s,distance,40.433039,50.556524382808576
0.1 m/s,distance,41.020234,50.59747354657064
0.1 m/s,distance,41.062249,50.63862858047849
0.1 m/s,distance,41.104122,50.650738320241985
0.1 m/s,distance,41.147621,50.64984324062149
0.1 m/s,distance,41.188071,50.64900430476777
0.1 m/s,distance,41.229918,50.64812173368308
0.1 m/s,distance,41.272908,50.64721505165682
0.1 m/s,distance,41.313852,50.64614804072761
0.1 m/s,distance,41.355747,50.6450437835748
0.1 m/s,distance,41.402976,50.64363095617449
0.1 m/s,distance,41.439737,50.64243954063794
0.1 m/s,distance,41.985012,50.6319183941033
0.1 m/s,distance,42.028382,50.630976107280155
0.1 m/s,distance,42.068828,50.63009734855434
0.1 m/s,distance,42.110699,50.628747131829506
0.1 m/s,distance,42.157745,50.627140887204895
0.1 m/s,distance,42.194704,50.625983572923374
0.1 m/s,distance,42.23662,50.624777355221504
0.1 m/s,distance,42.278604,50.62356389829728
0.1 m/s,distance,42.320516,50.62229228587897
0.1 m/s,distance,42.367693,50.62086093344386
0.1 m/s,distance,42.404484,50.619850454238176
0.1 m/s,distance,42.991589,50.608522490050966
0.1 m/s,distance,43.033562,50.608614491497505
0.1 m/s,distance,43.075522,50.60870931706151
0.1 m/s,distance,43.122735,50.609257286315355
0.1 m/s,distance,43.159426,50.609683137497534
0.1 m/s,distance,43.201294,50.61024315609466
0.1 m/s,distance,43.243296,50.61084998066309
0.1 m/s,distance,43.285206,50.61157293605521
0.1 m/s,distance,43.328164,50.61269882305966
0.1 m/s,distance,43.369108,50.613771927178604
0.1 m/s,distance,43.410921,50.57978113522646
0.1 m/s,distance,43.999587,50.5334436891853
0.1 m/s,distance,44.040163,50.53417188995181
0.1 m/s,distance,44.082171,50.53490951075809
0.1 m/s,distance,44.128019,50.53562494184254
0.1 m/s,distance,44.165996,50.536217551676906
0.1 m/s,distance,44.207847,50.53638652502049
0.1 m/s,distance,44.251043,50.53641969344285
0.1 m/s,distance,44.291905,50.53657759476254
0.1 m/s,distance,44.334077,50.53692975503233
0.1 m/s,distance,44.375732,50.53727551311998
0.1 m/s,distance,44.422977,50.53747796872159
0.1 m/s,distance,45.005462,50.53432724184259
0.1 m/s,distance,45.046842,50.53437332666535
0.1 m/s,distance,45.090836,50.53438963434235
0.1 m/s,distance,45.130803,50.53435048890918
0.1 m/s,distance,45.184415,50.534256060619974
0.1 m/s,distance,45.215226,50.53408543648644
0.1 m/s,distance,45.256408,50.53385738047369
0.1 m/s,distance,45.29959,50.533400825639525
0.1 m/s,distance,45.352002,50.53264298877585
0.1 m/s,distance,45.383185,50.532182539534865
0.1 m/s,distance,45.424297,50.53153871629595
0.1 m/s,distance,46.017999,50.51819419793951
0.1 m/s,distance,46.054287,50.51700222531122
0.1 m/s,distance,46.095841,50.51557325985391
0.1 m/s,distance,46.137973,50.51405853536762
0.1 m/s,distance,46.179826,50.517095474607665
0.1 m/s,distance,46.222085,50.55723592204477
0.1 m/s,distance,46.263971,50.59702217640785
0.1 m/s,distance,46.306628,50.606034096057854
0.1 m/s,distance,46.347747,50.603844788214495
0.1 m/s,distance,46.39009,50.60174269195038
0.1 m/s,distance,46.431649,50.59995577640769
0.1 m/s,distance,47.019959,50.57482859789864
0.1 m/s,distance,47.060973,50.573292364634604
0.1 m/s,distance,47.101974,50.571886948135834
0.1 m/s,distance,47.143988,50.57051790732276
0.1 m/s,distance,47.187334,50.569111429711754
0.1 m/s,distance,47.229072,50.56777191996054
0.1 m/s,distance,47.269681,50.56646864068009
0.1 m/s,distance,47.312006,50.5649976097711
0.1 m/s,distance,47.360782,50.56328280590791
0.1 m/s,distance,47.396458,50.56195905399392
0.1 m/s,distance,47.437766,50.56037162734126
0.1 m/s,distance,48.025615,50.53941925813484
0.1 m/s,distance,48.066678,50.53851741308103
0.1 m/s,distance,48.108853,50.5374560065478
0.1 m/s,distance,48.150632,50.53637057218447
0.1 m/s,distance,48.192667,50.535476322843905
0.1 m/s,distance,48.234609,50.53486220716762
0.1 m/s,distance,48.276697,50.53424827885878
0.1 m/s,distance,48.319211,50.53369263702772
0.1 m/s,distance,48.360945,50.533147184684914
0.1 m/s,distance,48.402641,50.532530524158005
0.1 m/s,distance,48.990427,50.432800761553736
0.1 m/s,distance,49.031472,50.432912287850954
0.1 m/s,distance,49.074114,50.43302815260639
0.1 m/s,distance,49.119546,50.43301828083821
0.1 m/s,distance,49.164983,50.433005084075546
0.1 m/s,distance,49.200813,50.432963414827874
0.1 m/s,distance,49.241654,50.43290166602283
0.1 m/s,distance,49.284193,50.43280614403653
0.1 m/s,distance,49.325422,50.432600436037596
0.1 m/s,distance,49.367477,50.43239060619409
0.1 m/s,distance,49.409687,50.46631610190189
0.1 m/s,distance,49.996242,50.52980267859085
0.1 m/s,distance,50.037895,50.52965378300856
0.1 m/s,distance,50.081297,50.529490926244165
0.1 m/s,distance,50.121784,50.52929484206727
0.1 m/s,distance,50.166431,50.52907861080845
0.1 m/s,distance,50.205856,50.528863481164656
0.1 m/s,distance,50.249199,50.52861934317622
0.1 m/s,distance,50.289671,50.528441927875505
0.1 m/s,distance,50.332562,50.52835036298521
0.1 m/s,distance,50.377352,50.52825849251126
0.1 m/s,distance,50.416766,50.528243609278555
0.1 m/s,distance,51.015109,50.48599497956849
0.1 m/s,distance,51.044672,50.456478608073745
0.1 m/s,distance,51.086706,50.42585594954997
0.1 m/s,distance,51.128486,50.42540623092958
0.1 m/s,distance,51.170661,50.42495225989959
0.1 m/s,distance,51.213082,50.42426862570944
0.1 m/s,distance,51.260312,50.423477063918725
0.1 m/s,distance,51.296499,50.42302512698824
0.1 m/s,distance,51.343954,50.42257443873464
0.1 m/s,distance,51.380273,50.4222286207592
0.1 m/s,distance,51.427951,50.42176741390489
0.1 m/s,distance,52.009423,50.41537348788853
0.1 m/s,distance,52.051258,50.415036580196045
0.1 m/s,distance,52.093318,50.41470314218336
0.1 m/s,distance,52.141046,50.414332708080984
0.1 m/s,distance,52.17721,50.41404982061709
0.1 m/s,distance,52.219636,50.41367356431011
0.1 m/s,distance,52.261086,50.41330596442704
0.1 m/s,distance,52.303693,50.412685250277185
0.1 m/s,distance,52.346041,50.4119484956442
0.1 m/s,distance,52.392382,50.41122571054808
0.1 m/s,distance,52.43382,50.410706233981394
0.1 m/s,distance,53.015953,50.50048730316544
0.1 m/s,distance,53.057887,50.499882098604566
0.1 m/s,distance,53.099744,50.49935064028586
0.1 m/s,distance,53.14379,50.49884540560576
0.1 m/s,distance,53.183755,50.498394830372895
0.1 m/s,distance,53.225638,50.49795292446852
0.1 m/s,distance,53.270744,50.49747701341804
0.1 m/s,distance,53.310545,50.49678321812629
0.1 m/s,distance,53.352757,50.49601060377362
0.1 m/s,distance,53.393609,50.495355910436466
0.1 m/s,distance,53.444477,50.494682178930276
0.1 m/s,distance,54.022713,50.38505405491344
0.1 m/s,distance,54.064681,50.38409714088493
0.1 m/s,distance,54.106546,50.38329570402949
0.1 m/s,distance,54.149986,50.3825175716521
0.1 m/s,distance,54.19689,50.3816619224205
0.1 m/s,distance,54.232626,50.38099628843499
0.1 m/s,distance,54.274349,50.38021913961835
0.1 m/s,distance,54.317052,50.37935905572088
0.1 m/s,distance,54.359468,50.3785034124825
0.1 m/s,distance,54.400231,50.37768148236367
0.1 m/s,distance,54.993394,50.36718523694733
0.1 m/s,distance,55.029305,50.36649484649084
0.1 m/s,distance,55.071189,50.365689627777414
0.1 m/s,distance,55.113154,50.36462010837301
0.1 m/s,distance,55.155012,50.363525476278035
0.1 m/s,distance,55.19745,50.36254203999111
0.1 m/s,distance,55.239258,50.36168636034871
0.1 m/s,distance,55.281314,50.360820620122645
0.1 m/s,distance,55.322591,50.35994207580436
0.1 m/s,distance,55.365098,50.359037351953376
0.1 m/s,distance,55.406992,50.358033346528835
0.1 m/s,distance,55.993946,50.34474005320556
0.1 m/s,distance,56.035933,50.34390775710404
0.1 m/s,distance,56.077904,50.34306114004299
0.1 m/s,distance,56.119741,50.34200381680961
0.1 m/s,distance,56.161769,50.340941667212036
0.1 m/s,distance,56.203897,50.34005350227769
0.1 m/s,distance,56.245591,50.3392564109003
0.1 m/s,distance,56.287546,50.33843299485802
0.1 m/s,distance,56.331017,50.33752668836901
0.1 m/s,distance,56.371822,50.33667595920055
0.1 m/s,distance,56.41356,50.373830232215276
0.1 m/s,distance,57.000964,50.42016911701134
0.1 m/s,distance,57.043193,50.41920023410814
0.1 m/s,distance,57.085179,50.41823231904176
0.1 m/s,distance,57.127208,50.417248588086146
0.1 m/s,distance,57.169433,50.4162602644292
0.1 m/s,distance,57.210401,50.415325893898384
0.1 m/s,distance,57.251977,50.41438174540961
0.1 m/s,distance,57.294299,50.41346750183266
0.1 m/s,distance,57.335879,50.41262534419219
0.1 m/s,distance,57.377753,50.41178761501481
0.1 m/s,distance,57.419835,50.41110771574825
0.1 m/s,distance,58.007155,50.40336494962445
0.1 m/s,distance,58.049115,50.403072489009865
0.1 m/s,distance,58.091068,50.402826760203624
0.1 m/s,distance,58.132962,50.4026581561611
0.1 m/s,distance,58.174847,50.40248958762104
0.1 m/s,distance,58.216915,50.402172450865514
0.1 m/s,distance,58.258763,50.40185566129215
0.1 m/s,distance,58.300696,50.40170758891514
0.1 m/s,distance,58.342768,50.40166878276877
0.1 m/s,distance,58.384632,50.40162675078569
0.1 m/s,distance,58.427681,50.40157141251257
0.1 m/s,distance,59.025324,50.35064986349168
0.1 m/s,distance,59.055979,50.320259825913176
0.1 m/s,distance,59.09812,50.301208455045746
0.1 m/s,distance,59.140345,50.30124999239865
0.1 m/s,distance,59.182789,50.30128828776122
0.1 m/s,distance,59.223604,50.30130979643296
0.1 m/s,distance,59.265832,50.301332049655464
0.1 m/s,distance,59.307784,50.301182001645614
0.1 m/s,distance,59.349726,50.30098237526449
0.1 m/s,distance,59.39292,50.30085556685057
0.1 m/s,distance,59.433769,50.30084293620249
0.1 m/s,distance,60.022787,50.34851988392243
0.1 m/s,distance,60.062404,50.387874943417046
0.1 m/s,distance,60.104377,50.40067754304968
0.1 m/s,distance,60.153245,50.400798802745925
0.1 m/s,distance,60.189083,50.40086712788956
0.1 m/s,distance,60.232845,50.40091068786411
0.1 m/s,distance,60.27291,50.400950567984204
0.1 m/s,distance,60.314832,50.40064810795194
0.1 m/s,distance,60.365357,50.400259399634955
0.1 m/s,distance,60.398458,50.40001765591843
0.1 m/s,distance,60.991426,50.392530059832914
0.1 m/s,distance,61.027986,50.39173802599074
0.1 m/s,distance,61.069555,50.39083747900825
0.1 m/s,distance,61.111567,50.38990908938429
0.1 m/s,distance,61.155458,50.38893620200598
0.1 m/s,distance,61.194809,50.38814040860004
0.1 m/s,distance,61.236901,50.387371681121024
0.1 m/s,distance,61.278783,50.38661754035309
0.1 m/s,distance,61.326165,50.385895184330415
0.1 m/s,distance,61.362677,50.385338548377895
0.1 m/s,distance,61.404578,50.38472993350736
0.1 m/s,distance,61.996407,50.37621018937872
0.1 m/s,distance,62.033781,50.37562922924161
0.1 m/s,distance,62.075673,50.3749763813744
0.1 m/s,distance,62.117641,50.374170796751756
0.1 m/s,distance,62.159595,50.37336548671811
0.1 m/s,distance,62.201433,50.372826150620156
0.1 m/s,distance,62.244653,50.372431394906386
0.1 m/s,distance,62.290211,50.372047131245715
0.1 m/s,distance,62.328366,50.37177968733397
0.1 m/s,distance,62.37019,50.3714865239656
0.1 m/s,distance,62.412018,50.37103201443599
0.1 m/s,distance,63.003726,50.365769369073384
0.1 m/s,distance,63.040538,50.36539103277058
0.1 m/s,distance,63.08235,50.364907466450944
0.1 m/s,distance,63.124272,50.36416006622202
0.1 m/s,distance,63.166194,50.36341266599309
0.1 m/s,distance,63.208149,50.362811366129314
0.1 m/s,distance,63.250089,50.362250468283825
0.1 m/s,distance,63.292021,50.36165879727986
0.1 m/s,distance,63.335271,50.36100088511594
0.1 m/s,distance,63.375824,50.36038418622863
0.1 m/s,distance,63.417784,50.359758876551346
0.1 m/s,distance,64.005123,50.35344398820598
0.1 m/s,distance,64.047095,50.35343440334659
0.1 m/s,distance,64.090206,50.35345208295791
0.1 m/s,distance,64.132486,50.35352007772989
0.1 m/s,distance,64.172806,50.353584920360326
0.1 m/s,distance,64.214713,50.35361841604824
0.1 m/s,distance,64.257565,50.35365054903468
0.1 m/s,distance,64.299041,50.353684874711966
0.1 m/s,distance,64.340643,50.35372170164038
0.1 m/s,distance,64.382605,50.35374849376323
0.1 m/s,distance,64.424565,50.35372682004327
0.1 m/s,distance,65.011807,50.35084298509371
0.1 m/s,distance,65.053697,50.350652822570325
0.1 m/s,distance,65.095757,50.350432840511196
0.1 m/s,distance,65.137784,50.350182614507396
0.1 m/s,distance,65.179568,50.34990053131255
0.1 m/s,distance,65.221403,50.34933108372256
0.1 m/s,distance,65.263462,50.348758588806334
0.1 m/s,distance,65.305278,50.34827637413626
0.1 m/s,distance,65.347339,50.347825550955555
0.1 m/s,distance,65.389187,50.34736400827492
0.1 m/s,distance,65.431205,50.346874529337825
0.1 m/s,distance,66.023409,50.33770040177471
0.1 m/s,distance,66.061282,50.33703732482914
0.1 m/s,distance,66.102194,50.33629436025104
0.1 m/s,distance,66.144186,50.33551763188753
0.1 m/s,distance,66.1861,50.33475677332519
0.1 m/s,distance,66.229413,50.33401304029155
0.1 m/s,distance,66.27131,50.33329362100875
0.1 m/s,distance,66.311892,50.33250179361575
0.1 m/s,distance,66.353841,50.33167282527826
0.1 m/s,distance,66.395779,50.330895632030554
0.1 m/s,distance,66.983186,50.316815360748876
0.1 m/s,distance,67.024823,50.31581968153668
0.1 m/s,distance,67.066831,50.31481513671499
0.1 m/s,distance,67.108902,50.3139044040668
0.1 m/s,distance,67.150799,50.313021084039086
0.1 m/s,distance,67.192744,50.312195834540844
0.1 m/s,distance,67.234721,50.31145234778929
0.1 m/s,distance,67.27671,50.31070686010993
0.1 m/s,distance,67.318664,50.30991329704533
0.1 m/s,distance,67.361169,50.30910931206173
0.1 m/s,distance,67.403062,50.30850125313667
0.1 m/s,distance,67.991047,50.20339678982179
0.1 m/s,distance,68.032998,50.20292594109704
0.1 m/s,distance,68.073702,50.20246908764853
0.1 m/s,distance,68.115451,50.20228678220328
0.1 m/s,distance,68.157406,50.20211442536951
0.1 m/s,distance,68.199457,50.20199435942108
0.1 m/s,distance,68.241344,50.20191333026644
0.1 m/s,distance,68.288341,50.20184454565435
0.1 m/s,distance,68.326225,50.20183514953328
0.1 m/s,distance,68.36715,50.20182499916559
0.1 m/s,distance,68.409042,50.20177427891291
0.1 m/s,distance,68.996318,50.19942266418815
0.1 m/s,distance,69.046854,50.19903059447835
0.1 m/s,distance,69.081377,50.198743613413384
0.1 m/s,distance,69.122223,50.198299739095766
0.1 m/s,distance,69.164135,50.19784428089717
0.1 m/s,distance,69.207334,50.19747939985665
0.1 m/s,distance,69.24792,50.197170492394484
0.1 m/s,distance,69.289935,50.19685882063782
0.1 m/s,distance,69.331813,50.19656316642715
0.1 m/s,distance,69.37374,50.19626716547515
0.1 m/s,distance,69.415807,50.196012225359816
0.1 m/s,distance,70.002877,50.192431376983414
0.1 m/s,distance,70.044763,50.19205535191172
0.1 m/s,distance,70.088198,50.19159855258373
0.1 m/s,distance,70.128656,50.19102690771035
0.1 m/s,distance,70.170752,50.19043211986537
0.1 m/s,distance,70.212742,50.18992610333813
0.1 m/s,distance,70.254614,50.189431869733404
0.1 m/s,distance,70.296557,50.188911753937056
0.1 m/s,distance,70.343901,50.18829736680838
0.1 m/s,distance,70.381496,50.18781434583662
0.1 m/s,distance,70.422364,50.18731559858729
0.1 m/s,distance,71.009573,50.17940344949834
0.1 m/s,distance,71.051528,50.17883875569826
0.1 m/s,distance,71.093414,50.17825414982672
0.1 m/s,distance,71.136807,50.17762039154356
0.1 m/s,distance,71.177335,50.1770261721893
0.1 m/s,distance,71.219273,50.17636789943757
0.1 m/s,distance,71.2626,50.17568782409773
0.1 m/s,distance,71.303147,50.17511319315138
0.1 m/s,distance,71.345053,50.17454816182945
0.1 m/s,distance,71.388222,50.17397313381766
0.1 m/s,distance,71.42891,50.17344653114486
0.1 m/s,distance,72.016207,50.165343962588814
0.1 m/s,distance,72.059636,50.16481615080685
0.1 m/s,distance,72.101062,50.164284036795884
0.1 m/s,distance,72.142091,50.1637399145993
0.1 m/s,distance,72.183931,50.16314241328938
0.1 m/s,distance,72.225975,50.16237913749731
0.1 m/s,distance,72.267843,50.16161905599787
0.1 m/s,distance,72.309779,50.16092248759132
0.1 m/s,distance,72.351727,50.16023954890307
0.1 m/s,distance,72.398913,50.15947242937969
0.1 m/s,distance,72.435625,50.15887644236063
0.1 m/s,distance,72.980832,50.14942175674264
0.1 m/s,distance,73.022732,50.1487419213832
0.1 m/s,distance,73.06473,50.14806049224559
0.1 m/s,distance,73.106734,50.14730389041644
0.1 m/s,distance,73.153735,50.1464293132316
0.1 m/s,distance,73.190757,50.16121727355073
0.1 m/s,distance,73.2326,50.20211723011756
0.1 m/s,distance,73.27442,50.242994348352596
0.1 m/s,distance,73.316399,50.242752414185254
0.1 m/s,distance,73.358428,50.2417082225688
0.1 m/s,distance,73.40029,50.240839164233336
0.1 m/s,distance,73.987725,50.23085751967313
0.1 m/s,distance,74.029462,50.23017887338446
0.1 m/s,distance,74.072758,50.22947487739408
0.1 m/s,distance,74.113351,50.22894772805029
0.1 m/s,distance,74.155253,50.22841243090431
0.1 m/s,distance,74.19722,50.206009123571455
0.1 m/s,distance,74.239257,50.1636908303419
0.1 m/s,distance,74.281059,50.12741717411649
0.1 m/s,distance,74.324451,50.12689022920548
0.1 m/s,distance,74.365029,50.12639746043584
0.1 m/s,distance,74.406847,50.12595954261563
0.1 m/s,distance,74.994153,50.1189602753677
0.1 m/s,distance,75.036105,50.11831853115064
0.1 m/s,distance,75.078025,50.117690864655856
0.1 m/s,distance,75.11985,50.11725356579265
0.1 m/s,distance,75.161875,50.116814177989625
0.1 m/s,distance,75.203814,50.11641255228338
0.1 m/s,distance,75.24576,50.11602806419359
0.1 m/s,distance,75.289189,50.11563052143124
0.1 m/s,distance,75.330004,50.11525796781246
0.1 m/s,distance,75.371734,50.11487706394025
0.1 m/s,distance,75.413813,50.1144288292115
0.1 m/s,distance,76.000754,50.10915055470267
0.1 m/s,distance,76.042731,50.1088931363636
0.1 m/s,distance,76.084655,50.108624278384745
0.1 m/s,distance,76.12828,50.108302363025466
0.1 m/s,distance,76.168687,50.108004194987
0.1 m/s,distance,76.210498,50.10773031015613
0.1 m/s,distance,76.253802,50.10745328889989
0.1 m/s,distance,76.294446,50.10717965134218
0.1 m/s,distance,76.337178,50.10687598956627
0.1 m/s,distance,76.381072,50.10653625448416
0.1 m/s,distance,76.422911,50.10604010113444
0.1 m/s,distance,77.007402,50.10086360827418
0.1 m/s,distance,77.04941,50.1005389435072
0.1 m/s,distance,77.091259,50.100146357221625
0.1 m/s,distance,77.133224,50.099641105701835
0.1 m/s,distance,77.175174,50.09913603502474
0.1 m/s,distance,77.218578,50.09877563543556
0.1 m/s,distance,77.25911,50.098439240387606
0.1 m/s,distance,77.301134,50.0980822763464
0.1 m/s,distance,77.342885,50.097722574493645
0.1 m/s,distance,77.384803,50.09737154043498
0.1 m/s,distance,77.426878,50.09705341955544
0.1 m/s,distance,78.01398,50.09339557345835
0.1 m/s,distance,78.056014,50.09315558690902
0.1 m/s,distance,78.097823,50.09290890997118
0.1 m/s,distance,78.139775,50.0926545922982
0.1 m/s,distance,78.181851,50.09238854054724
0.1 m/s,distance,78.223705,50.092065517412586
0.1 m/s,distance,78.26573,50.09174117309733
0.1 m/s,distance,78.307673,50.09139948735791
0.1 m/s,distance,78.349654,50.09105223260498
0.1 m/s,distance,78.391558,50.1069865948213
0.1 m/s,distance,78.433684,50.14861432799543
0.1 m/s,distance,78.978735,50.18448516870454
0.1 m/s,distance,79.021133,50.184158023250674
0.1 m/s,distance,79.063195,50.18383347170723
0.1 m/s,distance,79.104774,50.18352600445168
0.1 m/s,distance,79.146649,50.18322182119798
0.1 m/s,distance,79.188295,50.182896553749835
0.1 m/s,distance,79.230616,50.18251550574975
0.1 m/s,distance,79.273668,50.182127876075874
0.1 m/s,distance,79.316435,50.140825885739254
0.1 m/s,distance,79.358626,50.09856102314011
0.1 m/s,distance,79.409252,50.081811660998504
0.1 m/s,distance,79.987245,50.17673959073562
0.1 m/s,distance,80.027893,50.17628840021538
0.1 m/s,distance,80.070035,50.17582062449372
0.1 m/s,distance,80.112007,50.17534780713635
0.1 m/s,distance,80.163455,50.17476704520821
0.1 m/s,distance,80.195858,50.174443777141924
0.1 m/s,distance,80.238689,50.17404849963969
0.1 m/s,distance,80.280141,50.17365898015918
0.1 m/s,distance,80.321624,50.17321739465295
0.1 m/s,distance,80.365573,50.17274955644271
0.1 m/s,distance,80.405603,50.14213672167714
0.1 m/s,distance,80.993308,50.06786411932586
0.1 m/s,distance,81.035288,50.06758539853527
0.1 m/s,distance,81.077177,50.06731374282275
0.1 m/s,distance,81.117822,50.067178000239124
0.1 m/s,distance,81.159804,50.06703779309899
0.1 m/s,distance,81.201759,50.06692237962086
0.1 m/s,distance,81.243742,50.06682124731062
0.1 m/s,distance,81.285608,50.06670212577667
0.1 m/s,distance,81.328972,50.066521403009
0.1 m/s,distance,81.369616,50.06635201652559
0.1 m/s,distance,81.411493,50.06621418180921
0.1 m/s,distance,81.999169,50.16348732865779
0.1 m/s,distance,82.047039,50.16336042014288
0.1 m/s,distance,82.082594,50.16327088843103
0.1 m/s,distance,82.124692,50.16318627534887
0.1 m/s,distance,82.166599,50.163102046584115
0.1 m/s,distance,82.208458,50.12984598067062
0.1 m/s,distance,82.250373,50.08793152719144
0.1 m/s,distance,82.292849,50.062999860596065
0.1 m/s,distance,82.33572,50.06279102891357
0.1 m/s,distance,82.377151,50.0625846503241
0.1 m/s,distance,82.418613,50.06228478064674
0.1 m/s,distance,83.005532,50.05770095983131
0.1 m/s,distance,83.053476,50.05720506847264
0.1 m/s,distance,83.089278,50.07077981548001
0.1 m/s,distance,83.131261,50.11198800428498
0.1 m/s,distance,83.174163,50.15409833670962
0.1 m/s,distance,83.217629,50.15453929768607
0.1 m/s,distance,83.258764,50.15396169545104
0.1 m/s,distance,83.298678,50.153393586834504
0.1 m/s,distance,83.341743,50.15277484598585
0.1 m/s,distance,83.3831,50.152184955456796
0.1 m/s,distance,83.424869,50.151607693069174
0.1 m/s,distance,84.011854,50.14650794567363
0.1 m/s,distance,84.053836,50.14628308604689
0.1 m/s,distance,84.101361,50.14603563595032
0.1 m/s,distance,84.138291,50.14584786230024
0.1 m/s,distance,84.179873,50.14563724561787
0.1 m/s,distance,84.222559,50.14542762742986
0.1 m/s,distance,84.264995,50.14521923857791
0.1 m/s,distance,84.305608,50.14498673118549
0.1 m/s,distance,84.347555,50.14473509377886
0.1 m/s,distance,84.389782,50.14447170033086
0.1 m/s,distance,84.43291,50.14418313645514
0.1 m/s,distance,84.976497,50.03880197715493
0.1 m/s,distance,85.018648,50.03842503661869
0.1 m/s,distance,85.065868,50.038002765738995
0.1 m/s,distance,85.102462,50.0376842258685
0.1 m/s,distance,85.144483,50.037321875864464
0.1 m/s,distance,85.186254,50.03695669286077
0.1 m/s,distance,85.231413,50.03654686371149
0.1 m/s,distance,85.270076,50.03619598897791
0.1 m/s,distance,85.312749,50.035838073455984
0.1 m/s,distance,85.355166,50.03548630402362
0.1 m/s,distance,85.396072,50.035176739858215
0.1 m/s,distance,85.983379,50.03084282028743
0.1 m/s,distance,86.025194,50.03050206238606
0.1 m/s,distance,86.067195,50.03015978901209
0.1 m/s,distance,86.114989,50.02974616493028
0.1 m/s,distance,86.151448,50.02942692085869
0.1 m/s,distance,86.192698,50.0290453139816
0.1 m/s,distance,86.235277,50.02862275712081
0.1 m/s,distance,86.277741,50.02820827285542
0.1 m/s,distance,86.319416,50.02790920224694
0.1 m/s,distance,86.361905,50.027604288711366
0.1 m/s,distance,86.403354,50.02733533582091
0.1 m/s,distance,86.990056,50.0228746956498
0.1 m/s,distance,87.032118,50.022577212183386
0.1 m/s,distance,87.074716,50.0222759381091
0.1 m/s,distance,87.115694,50.02198589373113
0.1 m/s,distance,87.157781,50.02168799600151
0.1 m/s,distance,87.201057,50.02139991455591
0.1 m/s,distance,87.241606,50.0211415173455
0.1 m/s,distance,87.283472,50.02910126936348
0.1 m/s,distance,87.326586,50.071802996595615
0.1 m/s,distance,87.368739,50.113553083580975
0.1 m/s,distance,87.409271,50.11975539725791
0.1 m/s,distance,87.996946,50.11642322814846
0.1 m/s,distance,88.039198,50.11623464275414
0.1 m/s,distance,88.080525,50.11605489921707
0.1 m/s,distance,88.123171,50.11590243546987
0.1 m/s,distance,88.167117,50.11574532373915
0.1 m/s,distance,88.206994,50.0838918426832
0.1 m/s,distance,88.248103,50.042718693345364
0.1 m/s,distance,88.290871,50.01548028702989
0.1 m/s,distance,88.336354,50.01524755842544
0.1 m/s,distance,88.375497,50.01504761686877
0.1 m/s,distance,88.416098,50.014890599861204
0.1 m/s,distance,89.003477,50.0124964623828
0.1 m/s,distance,89.045694,50.01226976318396
0.1 m/s,distance,89.087715,50.01205641286818
0.1 m/s,distance,89.134585,50.011850849587894
0.1 m/s,distance,89.170876,50.01169168435973
0.1 m/s,distance,89.213158,50.01149213773609
0.1 m/s,distance,89.254896,50.01129356493177
0.1 m/s,distance,89.2982,50.01106998344578
0.1 m/s,distance,89.342217,50.010826936580045
0.1 m/s,distance,89.381464,50.01060196958246
0.1 m/s,distance,89.423214,50.01031621792202
0.1 m/s,distance,90.009849,50.106156391550705
0.1 m/s,distance,90.053322,50.1059050906116
0.1 m/s,distance,90.094574,50.105634915749526
0.1 m/s,distance,90.136099,50.105326840489035
0.1 m/s,distance,90.177606,50.10502585241152
0.1 m/s,distance,90.219866,50.10483544563486
0.1 m/s,distance,90.262445,50.10464360047605
0.1 m/s,distance,90.303668,50.104467592395146
0.1 m/s,distance,90.345732,50.10429244809121
0.1 m/s,distance,90.387452,50.10411218939595
0.1 m/s,distance,90.430012,50.10391220057116
0.1 m/s,distance,91.016544,50.100734562729166
0.1 m/s,distance,91.059012,50.10055057899022
0.1 m/s,distance,91.102969,50.10034930693008
0.1 m/s,distance,91.142694,50.100161693013305
0.1 m/s,distance,91.184887,50.09998764565868
0.1 m/s,distance,91.226366,50.099899966320834
0.1 m/s,distance,91.268288,50.09981135009039
0.1 m/s,distance,91.310033,50.099755650045786
0.1 m/s,distance,91.353268,50.09970467171598
0.1 m/s,distance,91.393733,50.099666075674385
0.1 m/s,distance,91.98167,50.098231426982984
0.1 m/s,distance,92.023656,50.09811038324229
0.1 m/s,distance,92.065683,50.097989221277366
0.1 m/s,distance,92.107976,50.09785870213325
0.1 m/s,distance,92.149324,50.097728654787055
0.1 m/s,distance,92.191206,50.09758104330665
0.1 m/s,distance,92.233057,50.0974078326183
0.1 m/s,distance,92.275459,50.097232341309606
0.1 m/s,distance,92.316892,50.09706099170609
0.1 m/s,distance,92.358742,50.096887918578936
0.1 m/s,distance,92.400728,50.09671408055132
0.1 m/s,distance,92.989249,50.092819385770014
0.1 m/s,distance,93.030595,50.09260071245649
0.1 m/s,distance,93.072492,50.09237912506237
0.1 m/s,distance,93.114472,50.09219854927181
0.1 m/s,distance,93.156273,50.09202161108062
0.1 m/s,distance,93.198233,50.091860783601696
0.1 m/s,distance,93.240113,50.09171405379976
0.1 m/s,distance,93.282137,50.091573109853194
0.1 m/s,distance,93.324427,50.09146340202821
0.1 m/s,distance,93.365234,50.09135754127851
0.1 m/s,distance,93.409569,50.09123640701391
0.1 m/s,distance,93.994616,50.087327138477896
0.1 m/s,distance,94.037861,50.08701471514349
0.1 m/s,distance,94.079828,50.08671749929764
0.1 m/s,distance,94.121769,50.086468854835346
0.1 m/s,distance,94.162709,50.08622614683485
0.1 m/s,distance,94.20462,50.08602730331189
0.1 m/s,distance,94.246556,50.08584946900692
0.1 m/s,distance,94.291309,50.08566217799411
0.1 m/s,distance,94.330089,50.08550372771632
0.1 m/s,distance,94.372325,50.0853311561682
0.1 m/s,distance,94.413637,50.08522989659984
0.1 m/s,distance,95.002015,50.08300849664986
0.1 m/s,distance,95.043475,50.082708326242525
0.1 m/s,distance,95.085299,50.082415910187045
0.1 m/s,distance,95.127843,50.08215173759352
0.1 m/s,distance,95.16906,50.081895806560766
0.1 m/s,distance,95.21169,50.08164915384767
0.1 m/s,distance,95.252802,50.08141422586644
0.1 m/s,distance,95.295122,50.08112738201144
0.1 m/s,distance,95.336741,50.080795430395916
0.1 m/s,distance,95.378571,50.080475715984086
0.1 m/s,distance,95.420548,50.080315210255314
0.1 m/s,distance,96.007999,49.979144788597985
0.1 m/s,distance,96.049706,49.979124828415564
0.1 m/s,distance,96.09198,49.97909927137685
0.1 m/s,distance,96.133553,49.97906616643737
0.1 m/s,distance,96.175385,49.97919843488796
0.1 m/s,distance,96.217408,50.02109709472526
0.1 m/s,distance,96.259411,50.062975549033816
0.1 m/s,distance,96.301193,50.078666789649155
0.1 m/s,distance,96.343097,50.07855382025105
0.1 m/s,distance,96.386543,50.078428053674045
0.1 m/s,distance,96.428551,50.07828274814143
0.1 m/s,distance,97.015554,50.07647483737857
0.1 m/s,distance,97.056329,50.07635677162651
0.1 m/s,distance,97.098632,50.07618035665299
0.1 m/s,distance,97.139866,50.07596599221732
0.1 m/s,distance,97.182233,50.0757648999128
0.1 m/s,distance,97.224179,50.07566142927673
0.1 m/s,distance,97.267548,50.07555444814111
0.1 m/s,distance,97.309119,50.07543386330902
0.1 m/s,distance,97.349954,50.07531140444031
0.1 m/s,distance,97.391923,50.075150384712416
0.1 m/s,distance,97.97888,50.0719572264009
0.1 m/s,distance,98.020833,50.0717210065552
0.1 m/s,distance,98.062766,50.07148489813206
0.1 m/s,distance,98.104705,50.07118984603601
0.1 m/s,distance,98.146743,50.070869159076494
0.1 m/s,distance,98.188712,50.070580274622806
0.1 m/s,distance,98.230619,50.070357726651864
0.1 m/s,distance,98.273905,50.07012785668289
0.1 m/s,distance,98.314608,50.06989783212898
0.1 m/s,distance,98.35644,50.06966095216444
0.1 m/s,distance,98.398454,50.06942120074329
0.1 m/s,distance,98.985588,50.06547112575006
0.1 m/s,distance,99.027882,50.06517594000724
0.1 m/s,distance,99.070883,50.06487582046886
0.1 m/s,distance,99.112134,50.06453789598494
0.1 m/s,distance,99.153313,50.064194698463474
0.1 m/s,distance,99.195305,50.06382096458887
0.1 m/s,distance,99.237221,50.0634220412792
0.1 m/s,distance,99.279257,50.0630234877656
0.1 m/s,distance,99.321183,50.06264018107584
0.1 m/s,distance,99.363026,50.06225763510985
0.1 m/s,distance,99.404892,50.06192301754434
0.1 m/s,distance,99.992212,50.043333297403024
0.1 m/s,distance,100.03476,50.000797770881746
0.1 m/s,distance,100.076092,49.96034861316159
0.1 m/s,distance,100.11797,49.960261920843024
0.1 m/s,distance,100.159868,49.9601751870659
0.1 m/s,distance,100.201972,49.96002222958234
0.1 m/s,distance,100.243806,49.95983273957452
0.1 m/s,distance,100.285783,49.95965582378842
0.1 m/s,distance,100.329093,49.959513852412115
0.1 m/s,distance,100.369714,49.95938069680367
0.1 m/s,distance,100.411725,49.959238877518786
0.1 m/s,distance,101.000254,49.95705540316086
0.1 m/s,distance,101.040779,49.95688212538075
0.1 m/s,distance,101.08275,49.956695369196986
0.1 m/s,distance,101.124716,49.95647527579223
0.1 m/s,distance,101.166806,49.95625453092761
0.1 m/s,distance,101.209703,49.956013914805744
0.1 m/s,distance,101.250546,49.955781186914564
0.1 m/s,distance,101.292503,49.9555047097904
0.1 m/s,distance,101.334455,49.95517488002894
0.1 m/s,distance,101.376392,49.9560193817541
0.1 m/s,distance,101.418307,49.99764751351954
0.1 m/s,distance,102.00558,50.05052329637752
0.1 m/s,distance,102.047498,50.05022299024957
0.1 m/s,distance,102.090769,50.04992219404447
0.1 m/s,distance,102.131404,50.0496551317302
0.1 m/s,distance,102.173265,50.049380012230706
0.1 m/s,distance,102.215162,50.04911644016045
0.1 m/s,distance,102.25709,50.04885324838286
0.1 m/s,distance,102.29913,50.04858167676461
0.1 m/s,distance,102.340933,50.04830585022364
0.1 m/s,distance,102.38289,50.04803588950263
0.1 m/s,distance,102.424909,50.047796343175136
0.1 m/s,distance,103.012473,50.044741840907854
0.1 m/s,distance,103.056151,50.044540112148795
0.1 m/s,distance,103.09625,50.044370963088326
0.1 m/s,distance,103.138575,50.04420778280049
0.1 m/s,distance,103.180067,50.04404915667821
0.1 m/s,distance,103.222839,50.04389609703582
0.1 m/s,distance,103.263934,50.04374903866169
0.1 m/s,distance,103.306236,50.04359263627412
0.1 m/s,distance,103.348098,50.0434360509124
0.1 m/s,distance,103.390832,50.043272655963456
0.1 m/s,distance,103.976803,50.04103466762798
0.1 m/s,distance,104.018758,50.04087234207842
0.1 m/s,distance,104.060683,50.040710132757695
0.1 m/s,distance,104.102637,50.04051693757636
0.1 m/s,distance,104.14458,50.04030742907363
0.1 m/s,distance,104.187692,50.04010437761315
0.1 m/s,distance,104.22925,50.03993776074479
0.1 m/s,distance,104.271604,50.03976795314339
0.1 m/s,distance,104.312242,50.03959954993915
0.1 m/s,distance,104.354865,50.03942235988208
0.1 m/s,distance,104.396112,50.03924053453038
0.1 m/s,distance,104.984031,50.0368190471711
0.1 m/s,distance,105.025848,50.036676965139776
0.1 m/s,distance,105.070222,50.03652619502064
0.1 m/s,distance,105.109492,50.03636594840577
0.1 m/s,distance,105.153069,50.03618378728697
0.1 m/s,distance,105.195054,50.0360309187207
0.1 m/s,distance,105.235848,50.03590694935822
0.1 m/s,distance,105.277889,50.03577912768129
0.1 m/s,distance,105.319875,50.03565053394165
0.1 m/s,distance,105.361274,50.03552373801116
0.1 m/s,distance,105.403166,50.0354083566053
0.1 m/s,distance,105.990869,50.03387340054531
0.1 m/s,distance,106.032037,50.03377112179554
0.1 m/s,distance,106.073872,50.033667185697745
0.1 m/s,distance,106.115843,50.03356122920318
0.1 m/s,distance,106.157748,50.03345538311876
0.1 m/s,distance,106.200038,50.03333367616183
0.1 m/s,distance,106.243187,50.033198803431425
0.1 m/s,distance,106.286312,50.03306732959373
0.1 m/s,distance,106.325835,50.03295563288707
0.1 m/s,distance,106.367745,50.03283718940852
0.1 m/s,distance,106.409736,50.03272771963794
0.1 m/s,distance,106.996868,50.03117248242189
0.1 m/s,distance,107.038677,50.03108413258021
0.1 m/s,distance,107.080595,50.03099477042264
0.1 m/s,distance,107.122581,50.030899934769614
0.1 m/s,distance,107.164501,50.030805247749996
0.1 m/s,distance,107.206488,50.0306952640312
0.1 m/s,distance,107.24829,50.03058059637255
0.1 m/s,distance,107.29033,50.03047372965002
0.1 m/s,distance,107.333696,50.030379034088405
0.1 m/s,distance,107.374168,50.03029065781167
0.1 m/s,distance,107.416149,49.989289743655114
0.1 m/s,distance,108.003841,50.0292122343696
0.1 m/s,distance,108.045339,50.029172930403256
0.1 m/s,distance,108.08718,50.02913677090376
0.1 m/s,distance,108.131844,50.029107423608735
0.1 m/s,distance,108.172437,50.02908075108559
0.1 m/s,distance,108.214449,50.029054692364504
0.1 m/s,distance,108.25501,50.02902963951091
0.1 m/s,distance,108.297523,50.02898953173447
0.1 m/s,distance,108.339387,50.02893767889614
0.1 m/s,distance,108.380757,50.02888992350508
0.1 m/s,distance,108.427353,50.02886153454862
0.1 m/s,distance,109.010106,50.02838985694007
0.1 m/s,distance,109.052086,50.028347463740985
0.1 m/s,distance,109.094041,50.02830922523429
0.1 m/s,distance,109.137116,50.02827517658896
0.1 m/s,distance,109.178834,50.0282418139596
0.1 m/s,distance,109.22323,50.028201972553504
0.1 m/s,distance,109.261885,50.028167283079185
0.1 m/s,distance,109.304605,50.02809663443025
0.1 m/s,distance,109.347613,50.028010748621625
0.1 m/s,distance,109.39016,50.02793815863585
0.1 m/s,distance,109.431171,50.02789022862189
0.1 m/s,distance,109.975226,50.02726468300495
0.1 m/s,distance,110.016632,50.02720354619323
0.1 m/s,distance,110.058479,50.0271417581248
0.1 m/s,distance,110.100453,50.02708204266839
0.1 m/s,distance,110.142431,50.027023821354625
0.1 m/s,distance,110.184371,50.0269641740592
0.1 m/s,distance,110.227713,50.02689705840154
0.1 m/s,distance,110.268381,50.02683408361639
0.1 m/s,distance,110.315336,50.02675012875703
0.1 m/s,distance,110.352306,50.02668251735743
0.1 m/s,distance,110.394129,50.02659912053602
0.1 m/s,distance,110.981292,50.025062839774286
0.1 m/s,distance,111.023291,50.024974615318875
0.1 m/s,distance,111.065195,50.02488659069405
0.1 m/s,distance,111.10708,50.024772446837375
0.1 m/s,distance,111.149273,50.02464917366713
0.1 m/s,distance,111.191497,50.024543341620195
0.1 m/s,distance,111.233779,50.02446534638437
0.1 m/s,distance,111.27574,50.024387967786616
0.1 m/s,distance,111.316799,50.02431413862239
0.1 m/s,distance,111.363077,50.0242309250852
0.1 m/s,distance,111.400788,50.02415164445907
0.1 m/s,distance,111.989462,50.02328854584154
0.1 m/s,distance,112.031435,50.02322630760709
0.1 m/s,distance,112.071802,50.023166450410145
0.1 m/s,distance,112.113687,50.023082705088726
0.1 m/s,distance,112.155705,50.02299676516372
0.1 m/s,distance,112.197645,50.022922808748866
0.1 m/s,distance,112.239543,50.022859204178204
0.1 m/s,distance,112.281449,50.02279546033738
0.1 m/s,distance,112.323392,50.02273093012811
0.1 m/s,distance,112.365405,50.02266629244308
0.1 m/s,distance,112.407314,50.0226043832317
0.1 m/s,distance,112.996193,50.02194702937434
0.1 m/s,distance,113.036623,50.02192373016907
0.1 m/s,distance,113.078418,50.02189973959194
0.1 m/s,distance,113.120369,50.02187681433438
0.1 m/s,distance,113.162307,50.021853896373045
0.1 m/s,distance,113.204178,50.02182766224689
0.1 m/s,distance,113.247596,50.02179890886566
0.1 m/s,distance,113.289528,50.02177223880626
0.1 m/s,distance,113.330138,50.021748464945766
0.1 m/s,distance,113.371949,50.02172398804863
0.1 m/s,distance,113.413909,50.02169930781545
0.1 m/s,distance,114.001193,50.021354787831605
0.1 m/s,distance,114.043129,50.02133711232317
0.1 m/s,distance,114.086259,50.02131817080644
0.1 m/s,distance,114.128141,50.02129762409009
0.1 m/s,distance,114.168864,50.021277646055985
0.1 m/s,distance,114.211286,49.985180100333324
0.1 m/s,distance,114.252905,49.94352939804032
0.1 m/s,distance,114.294939,49.921185841775
0.1 m/s,distance,114.336815,49.92115925304012
0.1 m/s,distance,114.378759,49.9211323037487
0.1 m/s,distance,114.420641,49.92110195593172
0.1 m/s,distance,115.007724,49.92032909583215
0.1 m/s,distance,115.049714,49.92029129207988
0.1 m/s,distance,115.091708,49.92025779441398
0.1 m/s,distance,115.133649,49.920230996974276
0.1 m/s,distance,115.175634,49.92020418641085
0.1 m/s,distance,115.217558,49.920178920650315
0.1 m/s,distance,115.259426,49.92015368865563
0.1 m/s,distance,115.301418,49.94631623891962
0.1 m/s,distance,115.343358,49.98821331699438
0.1 m/s,distance,115.385236,50.02003430333475
0.1 m/s,distance,115.429002,50.02000156344546
0.1 m/s,distance,115.972496,50.01969817569529
0.1 m/s,distance,116.014434,50.019676858427694
0.1 m/s,distance,116.056466,50.019655285465326
0.1 m/s,distance,116.102632,50.01963440467277
0.1 m/s,distance,116.140426,50.019618886355865
0.1 m/s,distance,116.182242,50.01960243723605
0.1 m/s,distance,116.22415,50.019589529613675
0.1 m/s,distance,116.266073,50.01957661743848
0.1 m/s,distance,116.307993,50.0195520680203
0.1 m/s,distance,116.349873,50.019524297496034
0.1 m/s,distance,116.391799,50.01950354893555
0.1 m/s,distance,116.979185,50.01926369371036
0.1 m/s,distance,117.02107,50.01921166664836
0.1 m/s,distance,117.063141,50.019159408293106
0.1 m/s,distance,117.104814,50.01912109809298
0.1 m/s,distance,117.148768,50.019086481912645
0.1 m/s,distance,117.190175,50.019054162303554
0.1 m/s,distance,117.230771,50.019022979257144
0.1 m/s,distance,117.272804,50.018990692446046
0.1 m/s,distance,117.314726,50.01895929597537
0.1 m/s,distance,117.356633,50.01892795995945
0.1 m/s,distance,117.39858,50.01889439187085
0.1 m/s,distance,117.985748,50.01859985464856
0.1 m/s,distance,118.029048,50.01859097785476
0.1 m/s,distance,118.069671,50.01858264990365
0.1 m/s,distance,118.112342,50.018559902850136
0.1 m/s,distance,118.153549,50.01853591576554
0.1 m/s,distance,118.195392,50.018517966413285
0.1 m/s,distance,118.237735,50.01850676816075
0.1 m/s,distance,118.279718,50.01849579514654
0.1 m/s,distance,118.321406,50.01848597553844
0.1 m/s,distance,118.364098,50.0184759194425
0.1 m/s,distance,118.407388,50.018462316601706
0.1 m/s,distance,118.99237,50.01818460681712
0.1 m/s,distance,119.034331,50.018152427991545
0.1 m/s,distance,119.076301,50.018119836482285
0.1 m/s,distance,119.118152,50.018072047530815
0.1 m/s,distance,119.161491,50.018022559492856
0.1 m/s,distance,119.201988,50.017984708203024
0.1 m/s,distance,119.244095,50.01794982676194
0.1 m/s,distance,119.287396,50.017913282999324
0.1 m/s,distance,119.329365,50.01787619633644
0.1 m/s,distance,119.369846,50.017840424340235
0.1 m/s,distance,119.412282,50.01780459113745
0.1 m/s,distance,119.999033,50.01730281779411
0.1 m/s,distance,120.040977,50.01728237835147
0.1 m/s,distance,120.082904,50.01726135815143
0.1 m/s,distance,120.124875,50.01723768926818
0.1 m/s,distance,120.166855,50.017214015275734
0.1 m/s,distance,120.208819,50.01718371166242
0.1 m/s,distance,120.252159,50.01715070774139
0.1 m/s,distance,120.293997,50.01712243967933
0.1 m/s,distance,120.33472,50.01709921851929
0.1 m/s,distance,120.377231,50.017074979017735
0.1 m/s,distance,120.41848,50.01705148167336
0.1 m/s,distance,121.005651,49.91666872694865
0.1 m/s,distance,121.047545,49.91664271668679
0.1 m/s,distance,121.090939,49.91661539085203
0.1 m/s,distance,121.131601,49.91658915099279
0.1 m/s,distance,121.173498,49.916562114163355
0.1 m/s,distance,121.216444,49.91653334317908
0.1 m/s,distance,121.257332,49.91650590875999
0.1 m/s,distance,121.299274,49.91647987607956
0.1 m/s,distance,121.342659,49.91645457011368
0.1 m/s,distance,121.383263,49.916431444306795
0.1 m/s,distance,121.425136,49.916409925951164
0.1 m/s,distance,121.970396,49.916135304893075
0.1 m/s,distance,122.012419,49.916119965740435
0.1 m/s,distance,122.054274,49.916105402978076
0.1 m/s,distance,122.096264,49.916091910369126
0.1 m/s,distance,122.1382,49.91607954560297
0.1 m/s,distance,122.18013,49.916067417969
0.1 m/s,distance,122.22196,49.91605708927126
0.1 m/s,distance,122.263941,49.916046723308554
0.1 m/s,distance,122.305846,49.91603583882165
0.1 m/s,distance,122.347747,49.91602475763352
0.1 m/s,distance,122.390703,49.91601510693191
0.1 m/s,distance,122.977146,50.01597665893319
0.1 m/s,distance,123.019157,50.01597771890063
0.1 m/s,distance,123.061007,50.01597877480161
0.1 m/s,distance,123.102869,50.015980478060705
0.1 m/s,distance,123.146164,50.015982583602955
0.1 m/s,distance,123.186946,50.015984899627796
0.1 m/s,distance,123.229522,50.015988178087206
0.1 m/s,distance,123.270625,50.015991343143675
0.1 m/s,distance,123.312604,50.01599660202753
0.1 m/s,distance,123.354433,50.01600209021691
0.1 m/s,distance,123.397993,50.016007110074895
0.1 m/s,distance,123.983946,50.01606417200889
0.1 m/s,distance,124.025675,50.01607460936266
0.1 m/s,distance,124.067635,50.016085104501634
0.1 m/s,distance,124.109543,50.01609376122177
0.1 m/s,distance,124.151533,50.01610203075607
0.1 m/s,distance,124.194274,50.016110022139856
0.1 m/s,distance,124.235304,50.016117185195235
0.1 m/s,distance,124.277225,50.01612440957064
0.1 m/s,distance,124.331235,50.01613130150908
0.1 m/s,distance,124.361409,50.01613515184936
0.1 m/s,distance,124.403367,50.01614097911646
0.1 m/s,distance,124.990863,50.01613013569323
0.1 m/s,distance,125.032218,50.01612698857644
0.1 m/s,distance,125.07437,50.016123780823726
0.1 m/s,distance,125.117605,50.01612133612068
0.1 m/s,distance,125.159242,50.016118998091656
0.1 m/s,distance,125.202039,50.01611545365005
0.1 m/s,distance,125.245588,50.01611115508845
0.1 m/s,distance,125.286125,50.016107153664066
0.1 m/s,distance,125.326076,50.01610320968197
0.1 m/s,distance,125.36899,50.0160989731599
0.1 m/s,distance,125.410579,50.01609570470324
0.1 m/s,distance,125.996878,50.01602912834036
0.1 m/s,distance,126.038727,50.0160259786461
0.1 m/s,distance,126.080521,50.01602298617741
0.1 m/s,distance,126.123539,50.01602099066917
0.1 m/s,distance,126.168542,50.01601890308913
0.1 m/s,distance,126.207414,50.016019140203106
0.1 m/s,distance,126.248549,50.016019838890685
0.1 m/s,distance,126.29058,50.00066110634218
0.1 m/s,distance,126.33276,49.95848556667592
0.1 m/s,distance,126.374547,49.91670313710094
0.1 m/s,distance,126.416458,49.91603822378096
0.1 m/s,distance,127.00363,50.01629275274878
0.1 m/s,distance,127.045688,50.01632256104563
0.1 m/s,distance,127.087622,50.01635396674142
0.1 m/s,distance,127.1296,50.01638942203388
0.1 m/s,distance,127.17137,50.016424701729335
0.1 m/s,distance,127.213213,50.01646516929335
0.1 m/s,distance,127.255881,50.016506963968695
0.1 m/s,distance,127.298352,50.01655437346596
0.1 m/s,distance,127.339335,50.01660480720206
0.1 m/s,distance,127.381025,50.01665674158893
0.1 m/s,distance,127.423056,50.0167130329551
0.1 m/s,distance,127.968664,50.01777647864165
0.1 m/s,distance,128.01064,50.01788269337905
0.1 m/s,distance,128.054603,50.01799220013866
0.1 m/s,distance,128.094238,50.018095873769475
0.1 m/s,distance,128.137631,50.01821524920557
0.1 m/s,distance,128.178066,50.01832776595499
0.1 m/s,distance,128.220111,50.01846233145107
0.1 m/s,distance,128.261924,50.018596153727444
0.1 m/s,distance,128.303933,50.01871986903366
0.1 m/s,distance,128.346299,50.01883962268307
0.1 m/s,distance,128.388474,50.018957621354815
0.1 m/s,distance,128.974835,49.921089133266555
0.1 m/s,distance,129.016736,49.92124936541696
0.1 m/s,distance,129.058733,49.92140949020686
0.1 m/s,distance,129.100683,49.921566971209124
0.1 m/s,distance,129.142629,49.92172284203794
0.1 m/s,distance,129.185137,49.92187673578512
0.1 m/s,distance,129.22748,49.92201672653136
0.1 m/s,distance,129.269303,49.92215499734624
0.1 m/s,distance,129.310423,49.92231839591346
0.1 m/s,distance,129.352263,49.922489349713445
0.1 m/s,distance,129.394091,49.92264523601329
0.1 m/s,distance,129.982124,50.024714616229836
0.1 m/s,distance,130.023912,50.02486016870244
0.1 m/s,distance,130.06599,50.025006730987265
0.1 m/s,distance,130.108155,50.02515334361303
0.1 m/s,distance,130.151161,50.02530280982178
0.1 m/s,distance,130.191639,50.02543881353023
0.1 m/s,distance,130.234597,50.025575879415314
0.1 m/s,distance,130.275324,50.025705886306376
0.1 m/s,distance,130.317864,50.02586588043592
0.1 m/s,distance,130.360686,50.02602693446178
0.1 m/s,distance,130.40169,50.02615129252134
0.1 m/s,distance,130.988371,49.927315412558094
0.1 m/s,distance,131.03035,49.92738234930795
0.1 m/s,distance,131.072071,49.927448874339376
0.1 m/s,distance,131.114889,49.92750106676726
0.1 m/s,distance,131.158003,49.92755233480773
0.1 m/s,distance,131.199951,49.92760578759258
0.1 m/s,distance,131.240685,49.927660107288695
0.1 m/s,distance,131.28182,49.927716019146374
0.1 m/s,distance,131.324601,49.92777992382089
0.1 m/s,distance,131.365374,49.92784082872906
0.1 m/s,distance,131.408328,49.92791107798764
0.1 m/s,distance,131.994746,49.948097335626876
0.1 m/s,distance,132.03807,49.991491332100175
0.1 m/s,distance,132.078674,50.028711513690546
0.1 m/s,distance,132.120584,50.02884742291083
0.1 m/s,distance,132.164013,50.02898825873694
0.1 m/s,distance,132.205971,50.029092028234324
0.1 m/s,distance,132.247795,50.02918373620749
0.1 m/s,distance,132.290818,50.02927130128862
0.1 m/s,distance,132.330375,50.02934086535029
0.1 m/s,distance,132.372306,50.02941460416132
0.1 m/s,distance,132.414261,50.02950341285819
0.1 m/s,distance,133.002784,50.0301564139147
0.1 m/s,distance,133.043399,50.0301930027561
0.1 m/s,distance,133.086705,50.030237435118984
0.1 m/s,distance,133.13111,50.030298388964795
0.1 m/s,distance,133.17474,50.03035827884775
0.1 m/s,distance,133.211457,50.03036965132725
0.1 m/s,distance,133.253187,50.0303819902759
0.1 m/s,distance,133.295015,50.03038840208923
0.1 m/s,distance,133.337874,50.03038817972446
0.1 m/s,distance,133.379904,50.03038662780723
0.1 m/s,distance,133.42614,50.03037322396408
0.1 m/s,distance,134.007855,49.93045917664833
0.1 m/s,distance,134.050093,49.93045894977988
0.1 m/s,distance,134.09379,49.930457449448966
0.1 m/s,distance,134.134586,49.93045445003204
0.1 m/s,distance,134.175952,49.93045199629914
0.1 m/s,distance,134.21828,49.930482809282076
0.1 m/s,distance,134.26022,49.93051333988441
0.1 m/s,distance,134.302332,49.930543614514384
0.1 m/s,distance,134.343944,49.930573321122736
0.1 m/s,distance,134.385593,49.93060817823208
0.1 m/s,distance,134.977576,49.93159780581109
0.1 m/s,distance,135.016283,49.93165557415779
0.1 m/s,distance,135.056899,49.931716191620595
0.1 m/s,distance,135.099046,49.93178607991957
0.1 m/s,distance,135.14208,49.93186292384568
0.1 m/s,distance,135.184008,49.93194635394222
0.1 m/s,distance,135.224399,49.9320578217463
0.1 m/s,distance,135.268264,49.93217887681322
0.1 m/s,distance,135.308306,49.93227307817267
0.1 m/s,distance,135.350249,49.93236816109784
0.1 m/s,distance,135.392353,49.93246626943194
0.1 m/s,distance,135.979623,49.934774882591
0.1 m/s,distance,136.021684,49.93496101048698
0.1 m/s,distance,136.063129,49.93514441214635
0.1 m/s,distance,136.105286,49.935336323217506
0.1 m/s,distance,136.147178,49.935529169801555
0.1 m/s,distance,136.189083,49.935720962910615
0.1 m/s,distance,136.230853,49.93590989505239
0.1 m/s,distance,136.272903,49.93610009431937
0.1 m/s,distance,136.315044,49.93634746744345
0.1 m/s,distance,136.356778,49.93659572067622
0.1 m/s,distance,136.398707,49.93681507236952
0.1 m/s,distance,136.98785,49.94013981066427
0.1 m/s,distance,137.029739,49.940429889838626
0.1 m/s,distance,137.070584,49.940712739116265
0.1 m/s,distance,137.112561,49.94097307030595
0.1 m/s,distance,137.157672,49.9412487899188
0.1 m/s,distance,137.196696,49.941479384321724
0.1 m/s,distance,137.238037,49.941716816548514
0.1 m/s,distance,137.279961,49.941964496276306
0.1 m/s,distance,137.321703,49.94226496720556
0.1 m/s,distance,137.363563,49.9425662859386
0.1 m/s,distance,137.405643,49.94281545794227
0.1 m/s,distance,137.993123,49.945944069894644
0.1 m/s,distance,138.034345,49.94616063720369
0.1 m/s,distance,138.077338,49.94638470382208
0.1 m/s,distance,138.118651,49.94656656226622
0.1 m/s,distance,138.16053,49.94675091225259
0.1 m/s,distance,138.202534,49.94694402723822
0.1 m/s,distance,138.244367,49.94714075435387
0.1 m/s,distance,138.286288,49.94734729978592
0.1 m/s,distance,138.332202,49.94760223057656
0.1 m/s,distance,138.372128,49.94782391199983
0.1 m/s,distance,138.412158,49.9480785460899
0.1 m/s,distance,138.999597,49.977058128712066
0.1 m/s,distance,139.042292,50.0200748028243
0.1 m/s,distance,139.083433,50.05333157305967
0.1 m/s,distance,139.125676,50.053751685355884
0.1 m/s,distance,139.167778,50.05417039395823
0.1 m/s,distance,139.209542,50.05450361607876
0.1 m/s,distance,139.251236,50.05481850598804
0.1 m/s,distance,139.293331,50.05512181059572
0.1 m/s,distance,139.335147,50.05540388477759
0.1 m/s,distance,139.377164,50.0556873608331
0.1 m/s,distance,139.418828,50.05596939634159
0.1 m/s,distance,140.006055,49.958264790318125
0.1 m/s,distance,140.047759,49.958353442782894
0.1 m/s,distance,140.090049,49.95846136820516
0.1 m/s,distance,140.13183,49.958600974087275
0.1 m/s,distance,140.173915,49.958741594890924
0.1 m/s,distance,140.216046,49.958833831165364
0.1 m/s,distance,140.258011,49.958924160069785
0.1 m/s,distance,140.299793,49.95900829591109
0.1 m/s,distance,140.341642,49.959088499835055
0.1 m/s,distance,140.389727,49.959169989144556
0.1 m/s,distance,140.970799,49.95884456494796
0.1 m/s,distance,141.01275,49.958707840196084
0.1 m/s,distance,141.054522,49.95856952626515
0.1 m/s,distance,141.096579,49.9584182619503
0.1 m/s,distance,141.138414,49.9582562237227
0.1 m/s,distance,141.180637,49.95809467869411
0.1 m/s,distance,141.222631,49.957947492438414
0.1 m/s,distance,141.264408,49.957801067450596
0.1 m/s,distance,141.306568,49.95767155647368
0.1 m/s,distance,141.348993,49.95754756748619
0.1 m/s,distance,141.391366,49.957428376096985
0.1 m/s,distance,141.977389,49.95611066076309
0.1 m/s,distance,142.019394,49.95605336297039
0.1 m/s,distance,142.061671,49.95599569442764
0.1 m/s,distance,142.102993,49.955957630717414
0.1 m/s,distance,142.146318,49.95592708248003
0.1 m/s,distance,142.187082,49.955921336946886
0.1 m/s,distance,142.229389,49.955973520049284
0.1 m/s,distance,142.270718,49.95602449656687
0.1 m/s,distance,142.312977,49.95608238181362
0.1 m/s,distance,142.355551,49.9561413904231
0.1 m/s,distance,142.397468,49.95621613308394
0.1 m/s,distance,142.984274,49.958164880439185
0.1 m/s,distance,143.027039,49.95836020663248
0.1 m/s,distance,143.069008,49.95855189786747
0.1 m/s,distance,143.11093,49.958766397104164
0.1 m/s,distance,143.152885,49.958985072020944
0.1 m/s,distance,143.197728,49.95922724851029
0.1 m/s,distance,143.236488,49.95944381954559
0.1 m/s,distance,143.277809,49.959679197536126
0.1 m/s,distance,143.319489,49.9599844514724
0.1 m/s,distance,143.362281,49.96029785107797
0.1 m/s,distance,143.404166,49.96055493272777
0.1 m/s,distance,143.990758,49.96405910031727
0.1 m/s,distance,144.032671,49.96434577536688
0.1 m/s,distance,144.074684,49.96463313369055
0.1 m/s,distance,144.116637,49.96488521569132
0.1 m/s,distance,144.158547,49.96513659134697
0.1 m/s,distance,144.200551,49.96540884870334
0.1 m/s,distance,144.242473,49.96569392310011
0.1 m/s,distance,144.284481,49.966007655879054
0.1 m/s,distance,144.326553,49.96642127985593
0.1 m/s,distance,144.368204,49.9668307643818
0.1 m/s,distance,144.409814,49.96717416770065
0.1 m/s,distance,144.997664,50.071861728554275
0.1 m/s,distance,145.039562,50.07222687954542
0.1 m/s,distance,145.081565,50.0725769190206
0.1 m/s,distance,145.123523,50.07283663367621
0.1 m/s,distance,145.165128,50.07309416416911
0.1 m/s,distance,145.207154,50.073321928772
0.1 m/s,distance,145.249041,50.07353874469189
0.1 m/s,distance,145.290686,50.07374479345464
0.1 m/s,distance,145.332732,50.07393656771521
0.1 m/s,distance,145.375035,50.074129513147845
0.1 m/s,distance,145.4168,50.0743493417226
0.1 m/s,distance,146.004038,50.07800532764712
0.1 m/s,distance,146.054984,50.07850018736082
0.1 m/s,distance,146.088105,50.07884083529596
0.1 m/s,distance,146.130044,50.079309812268605
0.1 m/s,distance,146.17139,50.079772156031794
0.1 m/s,distance,146.213889,50.08011733380501
0.1 m/s,distance,146.255535,50.08044296314363
0.1 m/s,distance,146.297722,50.08075366547032
0.1 m/s,distance,146.339785,50.08104674678246
0.1 m/s,distance,146.381563,50.08135105913274
0.1 m/s,distance,146.969786,49.98590790448361
0.1 m/s,distance,147.010834,49.986172726270645
0.1 m/s,distance,147.052562,49.986436162811025
0.1 m/s,distance,147.094696,49.98673294026928
0.1 m/s,distance,147.136651,49.98706410572404
0.1 m/s,distance,147.178885,49.98738899449617
0.1 m/s,distance,147.220597,49.98762175439773
0.1 m/s,distance,147.262082,49.98785324906844
0.1 m/s,distance,147.304166,49.9880689545555
0.1 m/s,distance,147.34603,49.988274895096104
0.1 m/s,distance,147.391633,50.004863064415495
0.1 m/s,distance,147.975735,50.090275826298885
0.1 m/s,distance,148.018034,50.090370802628634
0.1 m/s,distance,148.059959,50.090464939018915
0.1 m/s,distance,148.101915,50.09054541541696
0.1 m/s,distance,148.143874,50.09061804905776
0.1 m/s,distance,148.185982,50.090692115008544
0.1 m/s,distance,148.229869,50.090772876575706
0.1 m/s,distance,148.268698,50.09084433026652
0.1 m/s,distance,148.310596,50.09083621937937
0.1 m/s,distance,148.353317,50.09081193347348
0.1 m/s,distance,148.404972,50.12048448388233
0.1 m/s,distance,148.981711,50.19054259165495
0.1 m/s,distance,149.024234,50.19057953667029
0.1 m/s,distance,149.066181,50.19061598143214
0.1 m/s,distance,149.107754,50.15820761754372
0.1 m/s,distance,149.149537,50.11657686351602
0.1 m/s,distance,149.194322,50.09110051744027
0.1 m/s,distance,149.235129,50.09133974597828
0.1 m/s,distance,149.27601,50.0915790840294
0.1 m/s,distance,149.317866,50.09180732607953
0.1 m/s,distance,149.359714,50.09203552392619
0.1 m/s,distance,149.401482,50.092288377023536
0.1 m/s,distance,149.988632,50.097818982745665
0.1 m/s,distance,150.030954,50.09832383070878
0.1 m/s,distance,150.072148,50.09881522352988
0.1 m/s,distance,150.114334,50.09937299723063
0.1 m/s,distance,150.156125,50.09992979012819
0.1 m/s,distance,150.199121,50.1005021350504
0.1 m/s,distance,150.239918,50.101044828031725
0.1 m/s,distance,150.282236,50.10163404845655
0.1 m/s,distance,150.324451,50.10235379097314
0.1 m/s,distance,150.366029,50.10306266802519
0.1 m/s,distance,150.408964,50.10365234355733
0.1 m/s,distance,150.995297,50.10992617821651
0.1 m/s,distance,151.036905,50.11026204345961
0.1 m/s,distance,151.080218,50.11061699254547
0.1 m/s,distance,151.126984,50.111044260059735
0.1 m/s,distance,151.163279,50.11137586065434
0.1 m/s,distance,151.205187,50.11173658273784
0.1 m/s,distance,151.246689,50.11208506591528
0.1 m/s,distance,151.288547,50.11247179795667
0.1 m/s,distance,151.330307,50.112932926878386
0.1 m/s,distance,151.37233,50.11339696230712
0.1 m/s,distance,151.414603,50.113716838610195
0.1 m/s,distance,152.001565,50.019144616403
0.1 m/s,distance,152.043489,50.01970963678754
0.1 m/s,distance,152.085435,50.0202397249194
0.1 m/s,distance,152.127418,50.02066076919046
0.1 m/s,distance,152.169349,50.02108129459545
0.1 m/s,distance,152.211488,50.02148142752282
0.1 m/s,distance,152.262175,50.02195835590163
0.1 m/s,distance,152.296488,50.02228184167338
0.1 m/s,distance,152.33724,50.02266648899234
0.1 m/s,distance,152.379715,50.02307255597959
0.1 m/s,distance,152.971482,50.02873312262903
0.1 m/s,distance,153.008249,50.029081337396875
0.1 m/s,distance,153.050162,50.02947727565052
0.1 m/s,distance,153.092978,50.02993519037091
0.1 m/s,distance,153.134165,50.03044822734701
0.1 m/s,distance,153.175959,50.03096658394659
0.1 m/s,distance,153.218094,50.03136380835559
0.1 m/s,distance,153.259919,50.03175811079042
0.1 m/s,distance,153.301782,50.03214741831775
0.1 m/s,distance,153.343817,50.03253522890515
0.1 m/s,distance,153.385721,50.032940549552286
0.1 m/s,distance,153.972854,50.0390372667366
0.1 m/s,distance,154.014814,50.03941446961647
0.1 m/s,distance,154.056767,50.03978999797056
0.1 m/s,distance,154.098808,50.04024634500574
0.1 m/s,distance,154.14066,50.040762965580264
0.1 m/s,distance,154.182602,50.041256142910576
0.1 m/s,distance,154.224634,50.04163518991352
0.1 m/s,distance,154.267727,50.04202380473837
0.1 m/s,distance,154.308528,50.04241731059637
0.1 m/s,distance,154.350368,50.04282673047909
0.1 m/s,distance,154.392402,50.04322458863571
0.1 m/s,distance,154.980582,50.048277096200316
0.1 m/s,distance,155.022453,50.048559398962055
0.1 m/s,distance,155.064444,50.04884251027799
0.1 m/s,distance,155.106312,50.049132497647484
0.1 m/s,distance,155.148193,50.04942524698292
0.1 m/s,distance,155.18929,50.04972740909907
0.1 m/s,distance,155.234811,50.050093785380284
0.1 m/s,distance,155.273388,50.05040427329885
0.1 m/s,distance,155.315209,50.05060957908812
0.1 m/s,distance,155.356996,50.05080871087644
0.1 m/s,distance,155.40039,50.05101032859631
0.1 m/s,distance,155.98613,50.05456158020951
0.1 m/s,distance,156.029408,50.05468100381152
0.1 m/s,distance,156.074302,50.054804886012214
0.1 m/s,distance,156.11195,50.054876834454475
0.1 m/s,distance,156.153904,50.054956123655124
0.1 m/s,distance,156.197344,50.0550925622534
0.1 m/s,distance,156.237857,50.05526863235663
0.1 m/s,distance,156.280728,50.05543308351716
0.1 m/s,distance,156.322727,50.0554489036165
0.1 m/s,distance,156.36458,50.05546466866427
0.1 m/s,distance,156.40659,50.05547283422499
0.1 m/s,distance,156.993608,50.0547038763992
0.1 m/s,distance,157.034765,50.05462008441504
0.1 m/s,distance,157.076714,50.05453539404936
0.1 m/s,distance,157.118699,50.05446997273053
0.1 m/s,distance,157.160528,50.05440479437608
0.1 m/s,distance,157.204241,50.05436167506901
0.1 m/s,distance,157.245005,50.0543332630829
0.1 m/s,distance,157.287289,50.066373522722564
0.1 m/s,distance,157.329949,50.109003046518865
0.1 m/s,distance,157.371759,50.15078321525068
0.1 m/s,distance,157.41336,50.15428218668484
0.1 m/s,distance,157.999373,50.156178531895776
0.1 m/s,distance,158.041356,50.156407114599794
0.1 m/s,distance,158.083937,50.15662091309691
0.1 m/s,distance,158.125573,50.1567614450352
0.1 m/s,distance,158.169125,50.15690844372485
0.1 m/s,distance,158.20909,50.15703373770579
0.1 m/s,distance,158.252031,50.15716650692304
0.1 m/s,distance,158.292845,50.157356066442944
0.1 m/s,distance,158.336863,50.157650416498065
0.1 m/s,distance,158.376829,50.157910775685906
0.1 m/s,distance,158.419697,50.15801383922971
0.1 m/s,distance,158.964111,50.15817157141072
0.1 m/s,distance,159.006102,50.15821657633446
0.1 m/s,distance,159.047995,50.15829138325629
0.1 m/s,distance,159.089831,50.15833626735824
0.1 m/s,distance,159.131821,50.15832555145514
0.1 m/s,distance,159.173785,50.15831484218412
0.1 m/s,distance,159.215814,50.158305950493975
0.1 m/s,distance,159.257668,50.15829716034009
0.1 m/s,distance,159.300905,50.15828145759218
0.1 m/s,distance,159.34165,50.15826239574193
0.1 m/s,distance,159.388934,50.158251653964236
0.1 m/s,distance,159.970784,50.1581768599864
0.1 m/s,distance,160.012769,50.158241261032806
0.1 m/s,distance,160.054678,50.15831054937839
0.1 m/s,distance,160.098008,50.158456706420516
0.1 m/s,distance,160.138569,50.15865639927575
0.1 m/s,distance,160.180656,50.15885630615756
0.1 m/s,distance,160.222383,50.159005719731105
0.1 m/s,distance,160.265731,50.15916093859163
0.1 m/s,distance,160.306277,50.15932726673417
0.1 m/s,distance,160.34905,50.15950954472451
0.1 m/s,distance,160.391597,50.15972461643058
0.1 m/s,distance,160.977385,50.163963661490286
0.1 m/s,distance,161.019352,50.164286852785864
0.1 m/s,distance,161.061308,50.16460995778595
0.1 m/s,distance,161.103177,50.165075999115516
0.1 m/s,distance,161.145128,50.16561454755682
0.1 m/s,distance,161.187162,50.16609773631856
0.1 m/s,distance,161.229029,50.166437397250085
0.1 m/s,distance,161.272324,50.166788642433126
0.1 m/s,distance,161.312933,50.16714449099389
0.1 m/s,distance,161.354827,50.16751368844058
0.1 m/s,distance,161.396759,50.16788723266902
0.1 m/s,distance,161.983979,50.173475486922676
0.1 m/s,distance,162.025911,50.17392277393809
0.1 m/s,distance,162.067879,50.17437044752138
0.1 m/s,distance,162.109817,50.17488772211836
0.1 m/s,distance,162.151766,50.17541997330156
0.1 m/s,distance,162.193721,50.175985698781304
0.1 m/s,distance,162.23689,50.176611355293645
0.1 m/s,distance,162.277627,50.17720047860889
0.1 m/s,distance,162.319592,50.177786302770116
0.1 m/s,distance,162.362758,50.17838889481414
0.1 m/s,distance,162.403471,50.178969417616855
0.1 m/s,distance,162.992083,50.189267736364016
0.1 m/s,distance,163.036542,50.18999366832875
0.1 m/s,distance,163.075531,50.190630239799766
0.1 m/s,distance,163.116685,50.19129674822736
0.1 m/s,distance,163.159077,50.1919833044599
0.1 m/s,distance,163.201052,50.19267652458664
0.1 m/s,distance,163.242971,50.193377192033154
0.1 m/s,distance,163.285831,50.19404537373336
0.1 m/s,distance,163.328632,50.19456631890709
0.1 m/s,distance,163.36938,50.195062276007675
0.1 m/s,distance,163.410695,50.19551451675208
0.1 m/s,distance,163.997957,50.20220829210605
0.1 m/s,distance,164.039895,50.20263816349223
0.1 m/s,distance,164.081906,50.20306518581399
0.1 m/s,distance,164.12387,50.20347275125272
0.1 m/s,distance,164.16573,50.20387930478248
0.1 m/s,distance,164.208255,50.204239928243744
0.1 m/s,distance,164.249623,50.20457610076185
0.1 m/s,distance,164.292366,50.20493671266207
0.1 m/s,distance,164.33348,50.205302630352946
0.1 m/s,distance,164.375438,50.2056755919442
0.1 m/s,distance,164.417471,50.20595995311378
0.1 m/s,distance,164.961973,50.20992723408665
0.1 m/s,distance,165.013667,50.210291131537865
0.1 m/s,distance,165.046649,50.21053068008068
0.1 m/s,distance,165.087908,50.21080221628697
0.1 m/s,distance,165.130079,50.211015028275476
0.1 m/s,distance,165.172431,50.21122875346008
0.1 m/s,distance,165.216375,50.21146515501103
0.1 m/s,distance,165.256665,50.21168280762551
0.1 m/s,distance,165.298454,50.21198400483887
0.1 m/s,distance,165.340485,50.21234754245779
0.1 m/s,distance,165.382434,50.212691144514636
0.1 m/s,distance,165.969077,50.21609360661517
0.1 m/s,distance,166.01122,50.21645023226374
0.1 m/s,distance,166.053156,50.21682825061238
0.1 m/s,distance,166.09511,50.217155463508256
0.1 m/s,distance,166.136369,50.21742165662962
0.1 m/s,distance,166.178827,50.21768966081481
0.1 m/s,distance,166.221245,50.21789366012726
0.1 m/s,distance,166.263918,50.218098886320476
0.1 m/s,distance,166.304943,50.18865734917868
0.1 m/s,distance,166.346979,50.14694372856299
0.1 m/s,distance,166.388944,50.11899362412695
0.1 m/s,distance,166.975565,50.22098466026871
0.1 m/s,distance,167.017455,50.221169448114345
0.1 m/s,distance,167.059881,50.22135660129994
0.1 m/s,distance,167.101597,50.22158473639598
0.1 m/s,distance,167.143502,50.221839673229894
0.1 m/s,distance,167.18474,50.222086909110025
0.1 m/s,distance,167.226851,50.22232698328423
0.1 m/s,distance,167.268857,50.22256645668515
0.1 m/s,distance,167.311731,50.222895828006386
0.1 m/s,distance,167.352912,50.22322641075554
0.1 m/s,distance,167.395813,50.22366426598126
0.1 m/s,distance,167.982427,50.130937432701984
0.1 m/s,distance,168.024752,50.13139697605534
0.1 m/s,distance,168.068095,50.13186757284439
0.1 m/s,distance,168.109203,50.132445841082614
0.1 m/s,distance,168.158694,50.13317533258378
0.1 m/s,distance,168.192393,50.133584042508424
0.1 m/s,distance,168.235876,50.13400214316873
0.1 m/s,distance,168.278371,50.134410132469
0.1 m/s,distance,168.318698,50.13479006506578
0.1 m/s,distance,168.359989,50.13517907908128
0.1 m/s,distance,168.402003,50.135547032034346
0.1 m/s,distance,168.990054,50.239557982076306
0.1 m/s,distance,169.030522,50.23983269054051
0.1 m/s,distance,169.072565,50.24011809051863
0.1 m/s,distance,169.114385,50.24040650571785
0.1 m/s,distance,169.15762,50.24070499692692
0.1 m/s,distance,169.198246,50.24098303270961
0.1 m/s,distance,169.240165,50.24126799353824
0.1 m/s,distance,169.283001,50.24154896029083
0.1 m/s,distance,169.325346,50.24178115535513
0.1 m/s,distance,169.366037,50.24200428261823
0.1 m/s,distance,169.408012,50.242243636968
0.1 m/s,distance,169.995148,50.248563791706076
0.1 m/s,distance,170.037094,50.24906168217239
0.1 m/s,distance,170.079066,50.24956443167194
0.1 m/s,distance,170.120979,50.25011151146491
0.1 m/s,distance,170.16286,50.25065817424786
0.1 m/s,distance,170.204805,50.251239461118246
0.1 m/s,distance,170.253039,50.251924134377695
0.1 m/s,distance,170.291624,50.25243277508503
0.1 m/s,distance,170.330841,50.25289606344381
0.1 m/s,distance,170.381916,50.24683320619679
0.1 m/s,distance,170.4149,50.21439009739849
0.1 m/s,distance,170.960431,50.1597490151551
0.1 m/s,distance,171.007994,50.16005314940608
0.1 m/s,distance,171.044233,50.16027571582589
0.1 m/s,distance,171.086554,50.16055217840803
0.1 m/s,distance,171.131982,50.16089747961039
0.1 m/s,distance,171.169636,50.16118368930757
0.1 m/s,distance,171.213874,50.16157385720692
0.1 m/s,distance,171.2577,50.16196810555993
0.1 m/s,distance,171.29628,50.162403550603365
0.1 m/s,distance,171.337582,50.16294843100595
0.1 m/s,distance,171.379972,50.163490624522254
0.1 m/s,distance,171.966944,50.16914007790391
0.1 m/s,distance,172.008804,50.16962214671023
0.1 m/s,distance,172.0511,50.17012452381185
0.1 m/s,distance,172.100617,50.17067273665623
0.1 m/s,distance,172.135701,50.171034287228984
0.1 m/s,distance,172.177447,50.17146243220449
0.1 m/s,distance,172.218135,50.17184414590766
0.1 m/s,distance,172.260505,50.17224163965148
0.1 m/s,distance,172.302769,50.20017183544446
0.1 m/s,distance,172.351617,50.24944914073622
0.1 m/s,distance,172.38676,50.27336338370115
0.1 m/s,distance,172.973846,50.27913906357013
0.1 m/s,distance,173.015835,50.23926679632236
0.1 m/s,distance,173.05769,50.1981651538267
0.1 m/s,distance,173.099554,50.18111793234382
0.1 m/s,distance,173.141987,50.18140780825491
0.1 m/s,distance,173.183859,50.181679017127806
0.1 m/s,distance,173.228386,50.18190674686145
0.1 m/s,distance,173.267657,50.18210759434136
0.1 m/s,distance,173.313365,50.18230399419976
0.1 m/s,distance,173.351613,50.182462138983865
0.1 m/s,distance,173.392787,50.18263663976387
0.1 m/s,distance,173.980657,50.18405092722246
0.1 m/s,distance,174.023137,50.184111861831504
0.1 m/s,distance,174.064423,50.184171083729815
0.1 m/s,distance,174.116784,50.184305892973256
0.1 m/s,distance,174.147523,50.18439413750488
0.1 m/s,distance,174.190655,50.18450489108265
0.1 m/s,distance,174.232542,50.18458967845062
0.1 m/s,distance,174.273853,50.184673299845684
0.1 m/s,distance,174.316311,50.184805105106456
0.1 m/s,distance,174.35707,50.184933099857275
0.1 m/s,distance,174.399162,50.185163533403646
0.1 m/s,distance,174.992314,50.28789424809184
0.1 m/s,distance,175.028186,50.288052801694036
0.1 m/s,distance,175.070136,50.2882382199826
0.1 m/s,distance,175.112064,50.288603392764664
0.1 m/s,distance,175.154018,50.28899361933699
0.1 m/s,distance,175.201852,50.28934808272468
0.1 m/s,distance,175.238047,50.289561814118386
0.1 m/s,distance,175.285809,50.28985827472742
0.1 m/s,distance,175.322963,50.29012828466638
0.1 m/s,distance,175.368159,50.29045673914764
0.1 m/s,distance,175.407043,50.290727095590086
0.1 m/s,distance,175.993308,50.295014337218525
0.1 m/s,distance,176.037653,50.29519624437094
0.1 m/s,distance,176.079841,50.29536982629479
0.1 m/s,distance,176.118927,50.295534589163466
0.1 m/s,distance,176.162436,50.29571799737819
0.1 m/s,distance,176.212416,50.29598540914606
0.1 m/s,distance,176.245164,50.296173395397034
0.1 m/s,distance,176.286733,50.2963830943176
0.1 m/s,distance,176.328983,50.296519492324265
0.1 m/s,distance,176.371377,50.29665635523056
0.1 m/s,distance,176.413555,50.296829091452075
0.1 m/s,distance,176.957931,50.30053975451395
0.1 m/s,distance,176.999801,50.300825479691845
0.1 m/s,distance,177.04248,50.30105553467273
0.1 m/s,distance,177.084029,50.30127902869647
0.1 m/s,distance,177.12644,50.30150536774559
0.1 m/s,distance,177.168004,50.30172718724095
0.1 m/s,distance,177.209731,50.30208936723887
0.1 m/s,distance,177.251518,50.30248127003739
0.1 m/s,distance,177.293255,50.30281245514671
0.1 m/s,distance,177.335332,50.303066517328844
0.1 m/s,distance,177.381173,50.303335887582264
0.1 m/s,distance,177.965236,50.30683833033325
0.1 m/s,distance,178.007165,50.30735069111839
0.1 m/s,distance,178.048927,50.3078562241974
0.1 m/s,distance,178.090322,50.308410630500504
0.1 m/s,distance,178.133471,50.30908527595748
0.1 m/s,distance,178.175448,50.30951375969376
0.1 m/s,distance,178.215962,50.26985961083095
0.1 m/s,distance,178.257654,50.22905243745463
0.1 m/s,distance,178.300056,50.212385657914076
0.1 m/s,distance,178.341797,50.21326871442179
0.1 m/s,distance,178.383709,50.214092461739675
0.1 m/s,distance,178.971995,50.3216246536912
0.1 m/s,distance,179.016217,50.322270089925766
0.1 m/s,distance,179.055605,50.32284674254294
0.1 m/s,distance,179.097087,50.32341928531347
0.1 m/s,distance,179.139542,50.323973345804504
0.1 m/s,distance,179.18112,50.324506665320385
0.1 m/s,distance,179.223309,50.324990786782564
0.1 m/s,distance,179.264746,50.325466282027776
0.1 m/s,distance,179.307235,50.32597902090494
0.1 m/s,distance,179.349141,50.32649285057071
0.1 m/s,distance,179.390718,50.32692661190369
0.1 m/s,distance,179.977903,50.330999149050896
0.1 m/s,distance,180.019957,50.33166778987537
0.1 m/s,distance,180.062069,50.332337355645336
0.1 m/s,distance,180.103968,50.333055421830245
0.1 m/s,distance,180.145465,50.333790105798904
0.1 m/s,distance,180.187037,50.33452792401433
0.1 m/s,distance,180.229007,50.33527740645105
0.1 m/s,distance,180.271195,50.336030784570035
0.1 m/s,distance,180.313608,50.33682580006876
0.1 m/s,distance,180.355272,50.33761064779278
0.1 m/s,distance,180.397631,50.338428272885
0.1 m/s,distance,180.984047,50.34975835777672
0.1 m/s,distance,181.026615,50.3504083879099
0.1 m/s,distance,181.06797,50.35103989391546
0.1 m/s,distance,181.110299,50.351816982790275
0.1 m/s,distance,181.152177,50.35261251260322
0.1 m/s,distance,181.194145,50.353246102893166
0.1 m/s,distance,181.236261,50.35368198265022
0.1 m/s,distance,181.277999,50.35411063907066
0.1 m/s,distance,181.325756,50.35454799801819
0.1 m/s,distance,181.361857,50.35487861279688
0.1 m/s,distance,181.403772,50.327001691702534
0.1 m/s,distance,181.990794,50.260187804774205
0.1 m/s,distance,182.033143,50.26046238897675
0.1 m/s,distance,182.075255,50.260735707478304
0.1 m/s,distance,182.117957,50.261332065548835
0.1 m/s,distance,182.158493,50.26189817369295
0.1 m/s,distance,182.200764,50.26235062860049
0.1 m/s,distance,182.242692,50.262709858921916
0.1 m/s,distance,182.284728,50.263075046349456
0.1 m/s,distance,182.326495,50.263454992596905
0.1 m/s,distance,182.368616,50.26383815740444
0.1 m/s,distance,182.413392,50.30214742359831
0.1 m/s,distance,182.9976,50.36962348794932
0.1 m/s,distance,183.039325,50.37015847230897
0.1 m/s,distance,183.081809,50.370714157349674
0.1 m/s,distance,183.123596,50.37131948502351
0.1 m/s,distance,183.16675,50.37194461290934
0.1 m/s,distance,183.207764,50.372534544783846
0.1 m/s,distance,183.250224,50.3731441453876
0.1 m/s,distance,183.2915,50.37374392014773
0.1 m/s,distance,183.333936,50.37437187417529
0.1 m/s,distance,183.376176,50.37499726012767
0.1 m/s,distance,183.96288,50.3872695913921
0.1 m/s,distance,184.004662,50.38828349164169
0.1 m/s,distance,184.046169,50.38920255525795
0.1 m/s,distance,184.08847,50.390160234127
0.1 m/s,distance,184.12995,50.391144527381925
0.1 m/s,distance,184.171808,50.39213779349623
0.1 m/s,distance,184.214293,50.39344949114421
0.1 m/s,distance,184.255781,50.394756289921006
0.1 m/s,distance,184.298857,50.39590847073042
0.1 m/s,distance,184.340477,50.39685911503515
0.1 m/s,distance,184.382315,50.3978057352894
0.1 m/s,distance,184.969379,50.40764099869341
0.1 m/s,distance,185.011477,50.40791380354346
0.1 m/s,distance,185.053467,50.40814442033771
0.1 m/s,distance,185.095045,50.40833358349229
0.1 m/s,distance,185.137166,50.40848165658206
0.1 m/s,distance,185.178884,50.40862093777631
0.1 m/s,distance,185.220935,50.40868414116365
0.1 m/s,distance,185.262917,50.408747240630454
0.1 m/s,distance,185.304801,50.40889219801845
0.1 m/s,distance,185.346838,50.409071910772745
0.1 m/s,distance,185.388781,50.40920188912545
0.1 m/s,distance,185.976293,50.31165652294833
0.1 m/s,distance,186.017785,50.31215558328547
0.1 m/s,distance,186.06007,50.3126641814878
0.1 m/s,distance,186.102015,50.31309370462611
0.1 m/s,distance,186.143942,50.31348066931516
0.1 m/s,distance,186.186028,50.313862644036355
0.1 m/s,distance,186.232794,50.31426633924634
0.1 m/s,distance,186.269111,50.314579836872454
0.1 m/s,distance,186.310954,50.31521502985709
0.1 m/s,distance,186.352919,50.31589904562204
0.1 m/s,distance,186.394764,50.3164760156307
0.1 m/s,distance,186.983622,50.422713615299834
0.1 m/s,distance,187.025425,50.423349427910914
0.1 m/s,distance,187.066164,50.42396905283844
0.1 m/s,distance,187.108641,50.424514754328904
0.1 m/s,distance,187.150256,50.42502274048324
0.1 m/s,distance,187.191811,50.42553129166318
0.1 m/s,distance,187.233547,50.42604402237346
0.1 m/s,distance,187.27581,50.426563966763275
0.1 m/s,distance,187.318384,50.42714057433426
0.1 m/s,distance,187.359719,50.42770039732251
0.1 m/s,distance,187.401456,50.42831724636651
0.1 m/s,distance,187.989703,50.43661919713562
0.1 m/s,distance,188.031212,50.437147755751525
0.1 m/s,distance,188.073052,50.437680531275525
0.1 m/s,distance,188.114785,50.438390889267076
0.1 m/s,distance,188.164451,50.439247940621435
0.1 m/s,distance,188.198615,50.43974129074572
0.1 m/s,distance,188.241159,50.440300523283526
0.1 m/s,distance,188.283744,50.44086107705194
0.1 m/s,distance,188.324246,50.44139719835751
0.1 m/s,distance,188.36657,50.44195743404453
0.1 m/s,distance,188.413233,50.44274649388575
0.1 m/s,distance,188.995587,50.45565347845766
0.1 m/s,distance,189.043075,50.45703592743605
0.1 m/s,distance,189.079392,50.45812038532578
0.1 m/s,distance,189.123229,50.459682380612534
0.1 m/s,distance,189.163266,50.461108985700584
0.1 m/s,distance,189.205195,50.46240789004725
0.1 m/s,distance,189.247276,50.46363341747341
0.1 m/s,distance,189.28916,50.46482532280917
0.1 m/s,distance,189.330906,50.46595759389719
0.1 m/s,distance,189.373957,50.467125256539916
0.1 m/s,distance,189.960405,50.37790163680751
0.1 m/s,distance,190.002444,50.37852462893765
0.1 m/s,distance,190.047937,50.37922025747237
0.1 m/s,distance,190.091171,50.3799150597911
0.1 m/s,distance,190.127594,50.38054899022971
0.1 m/s,distance,190.172774,50.38133533552351
0.1 m/s,distance,190.211811,50.382202362447906
0.1 m/s,distance,190.257752,50.3832374846232
0.1 m/s,distance,190.295654,50.38412132655827
0.1 m/s,distance,190.337604,50.38512781256434
0.1 m/s,distance,190.380896,50.38617257113307
0.1 m/s,distance,190.966712,50.4006765574054
0.1 m/s,distance,191.00861,50.40142226422266
0.1 m/s,distance,191.050569,50.402143084628534
0.1 m/s,distance,191.09245,50.40287658514992
0.1 m/s,distance,191.134559,50.40363424250361
0.1 m/s,distance,191.178963,50.404443282515956
0.1 m/s,distance,191.221864,50.405330792259484
0.1 m/s,distance,191.260734,50.40613490745626
0.1 m/s,distance,191.302226,50.40700902901644
0.1 m/s,distance,191.348766,50.4079989809029
0.1 m/s,distance,191.388023,50.40884550061941
0.1 m/s,distance,191.973288,50.42346203875916
0.1 m/s,distance,192.015229,50.42451494976024
0.1 m/s,distance,192.062247,50.425682193851614
0.1 m/s,distance,192.10012,50.426613715154616
0.1 m/s,distance,192.141027,50.42761496884019
0.1 m/s,distance,192.182913,50.428611353638715
0.1 m/s,distance,192.224893,50.42948159801591
0.1 m/s,distance,192.266877,50.43035192641404
0.1 m/s,distance,192.309964,50.4313873269643
0.1 m/s,distance,192.351932,50.43242909059847
0.1 m/s,distance,192.393775,50.433292358443566
0.1 m/s,distance,192.979813,50.44089507808498
0.1 m/s,distance,193.023248,50.44165634638455
0.1 m/s,distance,193.063928,50.442369326087835
0.1 m/s,distance,193.105728,50.44301805443983
0.1 m/s,distance,193.148964,50.44365695865903
0.1 m/s,distance,193.191134,50.44425334991647
0.1 m/s,distance,193.231589,50.44478313269365
0.1 m/s,distance,193.277381,50.44538900830854
0.1 m/s,distance,193.315458,50.445996813266795
0.1 m/s,distance,193.357395,50.44666623751348
0.1 m/s,distance,193.3993,50.447264030599015
0.1 m/s,distance,193.988033,50.45428327620888
0.1 m/s,distance,194.032622,50.45489738486169
0.1 m/s,distance,194.07055,50.45541975483658
0.1 m/s,distance,194.112838,50.455750149698204
0.1 m/s,distance,194.154269,50.45604320658365
0.1 m/s,distance,194.196258,50.45633447649819
0.1 m/s,distance,194.238124,50.45661920415251
0.1 m/s,distance,194.280199,50.456903323591895
0.1 m/s,distance,194.322099,50.45717121443897
0.1 m/s,distance,194.364072,50.45743957021025
0.1 m/s,distance,194.405903,50.457824038714264
0.1 m/s,distance,194.993139,50.46257053110867
0.1 m/s,distance,195.036397,50.462813149207655
0.1 m/s,distance,195.077008,50.463054288518045
0.1 m/s,distance,195.118958,50.463603092662645
0.1 m/s,distance,195.1609,50.46415179387781
0.1 m/s,distance,195.202957,50.491941250008885
0.1 m/s,distance,195.244756,50.533535432398786
0.1 m/s,distance,195.287836,50.56390642242253
0.1 m/s,distance,195.332803,50.56411074775504
0.1 m/s,distance,195.370718,50.564283029744665
0.1 m/s,distance,195.960218,50.567407036803104
0.1 m/s,distance,195.999738,50.56784907546726
0.1 m/s,distance,196.041701,50.568351081736125
0.1 m/s,distance,196.083713,50.568913840236746
0.1 m/s,distance,196.125574,50.5697111421885
0.1 m/s,distance,196.167596,50.57051150932392
0.1 m/s,distance,196.211075,50.57118813289673
0.1 m/s,distance,196.253613,50.57181860160053
0.1 m/s,distance,196.298014,50.57253967738546
0.1 m/s,distance,196.335958,50.57320690921931
0.1 m/s,distance,196.377905,50.57394055331417
0.1 m/s,distance,196.965472,50.584614069833535
0.1 m/s,distance,197.007381,50.58527472234192
0.1 m/s,distance,197.04935,50.58591347456132
0.1 m/s,distance,197.093547,50.58655700713156
0.1 m/s,distance,197.133218,50.587097727706414
0.1 m/s,distance,197.175169,50.58766952496079
0.1 m/s,distance,197.218899,50.588379006383846
0.1 m/s,distance,197.259063,50.589030751557004
0.1 m/s,distance,197.301036,50.58964789317333
0.1 m/s,distance,197.342978,50.59022457904861
0.1 m/s,distance,197.385272,50.5908083964076
0.1 m/s,distance,197.971243,50.601880970994
0.1 m/s,distance,198.013006,50.602605087915684
0.1 m/s,distance,198.059984,50.60338503073888
0.1 m/s,distance,198.096933,50.60402641823598
0.1 m/s,distance,198.138834,50.60477600433291
0.1 m/s,distance,198.180774,50.605555203885615
0.1 m/s,distance,198.222737,50.60652427882943
0.1 m/s,distance,198.264686,50.60749303442808
0.1 m/s,distance,198.307593,50.608294370394105
0.1 m/s,distance,198.349432,50.60901562419576
0.1 m/s,distance,198.39055,50.609697666407214
0.1 m/s,distance,198.98163,50.52031414905297
0.1 m/s,distance,199.01967,50.520880405987526
0.1 m/s,distance,199.061667,50.52150557030968
0.1 m/s,distance,199.103599,50.522143053228994
0.1 m/s,distance,199.1455,50.52278641064008
0.1 m/s,distance,199.187599,50.52340854781542
0.1 m/s,distance,199.230812,50.52398737161716
0.1 m/s,distance,199.271372,50.524530660834
0.1 m/s,distance,199.313388,50.52528915000121
0.1 m/s,distance,199.356983,50.526096610696094
0.1 m/s,distance,199.397266,50.52669785792566
0.1 m/s,distance,199.98626,50.63347020394654
0.1 m/s,distance,200.027133,50.634076834977044
0.1 m/s,distance,200.07358,50.63476619823235
0.1 m/s,distance,200.110291,50.63514313687849
0.1 m/s,distance,200.15787,50.6356214945648
0.1 m/s,distance,200.194159,50.635984900835055
0.1 m/s,distance,200.236026,50.636402643519325
0.1 m/s,distance,200.27799,50.6368376335841
0.1 m/s,distance,200.321371,50.63752534749507
0.1 m/s,distance,200.361808,50.63816639060988
0.1 m/s,distance,200.403727,50.6387001547175
0.1 m/s,distance,200.992449,50.6453794203046
0.1 m/s,distance,201.034114,50.6462182403281
0.1 m/s,distance,201.074866,50.64703867654395
0.1 m/s,distance,201.116775,50.647647456500415
0.1 m/s,distance,201.158757,50.6482552998512
0.1 m/s,distance,201.200781,50.64885845547698
0.1 m/s,distance,201.242665,50.64945620586071
0.1 m/s,distance,201.284663,50.65005403045041
0.1 m/s,distance,201.326703,50.65064708120298
0.1 m/s,distance,201.368552,50.651237441284735
0.1 m/s,distance,201.410552,50.651947787610254
0.1 m/s,distance,201.955681,50.66287155420956
0.1 m/s,distance,201.997641,50.66371090048204
0.1 m/s,distance,202.039659,50.6644886755296
0.1 m/s,distance,202.08156,50.665261302132855
0.1 m/s,distance,202.123543,50.66601865882235
0.1 m/s,distance,202.165484,50.66677526283893
0.1 m/s,distance,202.207459,50.66731142442929
0.1 m/s,distance,202.249263,50.66777892493428
0.1 m/s,distance,202.291337,50.66825256951596
0.1 m/s,distance,202.333223,50.66872910623715
0.1 m/s,distance,202.376594,50.66922888943524
0.1 m/s,distance,202.962363,50.67905475415061
0.1 m/s,distance,203.004272,50.679914605321954
0.1 m/s,distance,203.051922,50.68089134518814
0.1 m/s,distance,203.091821,50.68187466682589
0.1 m/s,distance,203.130392,50.68304970726596
0.1 m/s,distance,203.172074,50.68431952637002
0.1 m/s,distance,203.213996,50.68494656144818
0.1 m/s,distance,203.25594,50.685521171447455
0.1 m/s,distance,203.299182,50.68596094980994
0.1 m/s,distance,203.33973,50.68625819610299
0.1 m/s,distance,203.38177,50.68653613436908
0.1 m/s,distance,203.968962,50.59080912632147
0.1 m/s,distance,204.010927,50.59118799893013
0.1 m/s,distance,204.05279,50.59158281161356
0.1 m/s,distance,204.0948,50.59201181424469
0.1 m/s,distance,204.136766,50.5924779087983
0.1 m/s,distance,204.178669,50.592956897738766
0.1 m/s,distance,204.220673,50.593588936228926
0.1 m/s,distance,204.266107,50.59427258836762
0.1 m/s,distance,204.304535,50.59472170914607
0.1 m/s,distance,204.346479,50.59516811901906
0.1 m/s,distance,204.388504,50.59561570888029
0.1 m/s,distance,204.975642,50.60247139916418
0.1 m/s,distance,205.017572,50.602747043195954
0.1 m/s,distance,205.05948,50.60302254303211
0.1 m/s,distance,205.102704,50.60337884384964
0.1 m/s,distance,205.143293,50.60375222389189
0.1 m/s,distance,205.185272,50.60424783861342
0.1 m/s,distance,205.22732,50.60509241314782
0.1 m/s,distance,205.269248,50.605934574092196
0.1 m/s,distance,205.311192,50.60652909465571
0.1 m/s,distance,205.353081,50.607081728316174
0.1 m/s,distance,205.395061,50.60762597753557
0.1 m/s,distance,205.982247,50.61124755093472
0.1 m/s,distance,206.024342,50.61126203390369
0.1 m/s,distance,206.066331,50.611276480451764
0.1 m/s,distance,206.108141,50.61139206021474
0.1 m/s,distance,206.150163,50.61153568410654
0.1 m/s,distance,206.19189,50.61172623650812
0.1 m/s,distance,206.233873,50.611990450130776
0.1 m/s,distance,206.27581,50.61226003417277
0.1 m/s,distance,206.317777,50.612926308388914
0.1 m/s,distance,206.359764,50.61359289677287
0.1 m/s,distance,206.401646,50.614076012806635
0.1 m/s,distance,206.993086,50.62235063225306
0.1 m/s,distance,207.030929,50.6230820949127
0.1 m/s,distance,207.07272,50.62388986748054
0.1 m/s,distance,207.114634,50.624341491126025
0.1 m/s,distance,207.156609,50.62477100690233
0.1 m/s,distance,207.198609,50.625195121689146
0.1 m/s,distance,207.240567,50.62561431620348
0.1 m/s,distance,207.28252,50.6261200386978
0.1 m/s,distance,207.325612,50.62706158753118
0.1 m/s,distance,207.366428,50.62795340760815
0.1 m/s,distance,207.408248,50.62868369509482
0.1 m/s,distance,207.953589,50.74088565127484
0.1 m/s,distance,208.000894,50.74240458866299
0.1 m/s,distance,208.039387,50.74376208529283
0.1 m/s,distance,208.079401,50.745138853846676
0.1 m/s,distance,208.121391,50.746274553833906
0.1 m/s,distance,208.165374,50.74746415667202
0.1 m/s,distance,208.205284,50.7484309510203
0.1 m/s,distance,208.247123,50.74940579889209
0.1 m/s,distance,208.289699,50.75038866497602
0.1 m/s,distance,208.331088,50.75132685219866
0.1 m/s,distance,208.373586,50.75229018053444
0.1 m/s,distance,208.959928,50.67111611317901
0.1 m/s,distance,209.003141,50.67249067070068
0.1 m/s,distance,209.050589,50.67396328690773
0.1 m/s,distance,209.086564,50.67518137973036
0.1 m/s,distance,209.128084,50.67684169361671
0.1 m/s,distance,209.171679,50.67858497171417
0.1 m/s,distance,209.212383,50.67974759881173
0.1 m/s,distance,209.255803,50.68094055049288
0.1 m/s,distance,209.296422,50.682065136855904
0.1 m/s,distance,209.338007,50.683224535795226
0.1 m/s,distance,209.379991,50.68444208081733
0.1 m/s,distance,209.96676,50.69875241746503
0.1 m/s,distance,210.009712,50.69989644189582
0.1 m/s,distance,210.051182,50.70102965095748
0.1 m/s,distance,210.093685,50.70242886791183
0.1 m/s,distance,210.134698,50.70407768528566
0.1 m/s,distance,210.186839,50.717520399564826
0.1 m/s,distance,210.222587,50.75386410666364
0.1 m/s,distance,210.265719,50.797714923051345
0.1 m/s,distance,210.302344,50.808293447282246
0.1 m/s,distance,210.344952,50.80973889013361
0.1 m/s,distance,210.3866,50.81112143569498
0.1 m/s,distance,210.976055,50.8281705144609
0.1 m/s,distance,211.015687,50.7900674519206
0.1 m/s,distance,211.057854,50.74952684596371
0.1 m/s,distance,211.099911,50.7334557247796
0.1 m/s,distance,211.154572,50.73483709792815
0.1 m/s,distance,211.183479,50.73561610116469
0.1 m/s,distance,211.225405,50.73692167999317
0.1 m/s,distance,211.278302,50.738563404696876
0.1 m/s,distance,211.312748,50.7395747636076
0.1 m/s,distance,211.351308,50.740706909896275
0.1 m/s,distance,211.393226,50.741903134893604
0.1 m/s,distance,211.98041,50.75815186104097
0.1 m/s,distance,212.022082,50.75865531616785
0.1 m/s,distance,212.064237,50.759164607036276
0.1 m/s,distance,212.106224,50.75956678164812
0.1 m/s,distance,212.148009,50.759929979341216
0.1 m/s,distance,212.197858,50.760420145205146
0.1 m/s,distance,212.232182,50.76080472145136
0.1 m/s,distance,212.273954,50.76127274966112
0.1 m/s,distance,212.315857,50.76139451129356
0.1 m/s,distance,212.35759,50.76150499803886
0.1 m/s,distance,212.399796,50.761602658041575
0.1 m/s,distance,212.986799,50.76568817284618
0.1 m/s,distance,213.034759,50.765950071949675
0.1 m/s,distance,213.072878,50.76615823173553
0.1 m/s,distance,213.118638,50.76632555849966
0.1 m/s,distance,213.154889,50.766454588659066
0.1 m/s,distance,213.196443,50.766553237852655
0.1 m/s,distance,213.240747,50.7666081124279
0.1 m/s,distance,213.281032,50.766710236820416
0.1 m/s,distance,213.322939,50.76713867219459
0.1 m/s,distance,213.364123,50.76755971474236
0.1 m/s,distance,213.407077,50.798945861290626
0.1 m/s,distance,213.951474,50.86461810473557
0.1 m/s,distance,213.993324,50.86467820971955
0.1 m/s,distance,214.035359,50.8648917398685
0.1 m/s,distance,214.077488,50.86509537459076
0.1 m/s,distance,214.120229,50.8651171049028
0.1 m/s,distance,214.161396,50.86513803506206
0.1 m/s,distance,214.203164,50.86522771078119
0.1 m/s,distance,214.245268,50.86535223389779
0.1 m/s,distance,214.292548,50.865676645425715
0.1 m/s,distance,214.329036,50.86617320969015
0.1 m/s,distance,214.382047,50.86685568832466
0.1 m/s,distance,214.967951,50.78260323768906
0.1 m/s,distance,215.000562,50.77627227962168
0.1 m/s,distance,215.041943,50.777404991864636
0.1 m/s,distance,215.093956,50.77873718303548
0.1 m/s,distance,215.125771,50.77945259969426
0.1 m/s,distance,215.167913,50.78040023913579
0.1 m/s,distance,215.209652,50.781314938953734
0.1 m/s,distance,215.257219,50.7823515831845
0.1 m/s,distance,215.293683,50.78318779235228
0.1 m/s,distance,215.335722,50.784198537264075
0.1 m/s,distance,215.377651,50.7852225087116
0.1 m/s,distance,215.968355,50.80061768575053
0.1 m/s,distance,216.007268,50.801514812119876
0.1 m/s,distance,216.05306,50.8025794007833
0.1 m/s,distance,216.09203,50.80373449683366
0.1 m/s,distance,216.132748,50.80528449161826
0.1 m/s,distance,216.174602,50.80687772332876
0.1 m/s,distance,216.216621,50.80789496793427
0.1 m/s,distance,216.258321,50.80889587206847
0.1 m/s,distance,216.300682,50.8099519379677
0.1 m/s,distance,216.34201,50.81100768968985
0.1 m/s,distance,216.384162,50.81217148174615
0.1 m/s,distance,216.971942,50.923192979847265
0.1 m/s,distance,217.013626,50.92742922885854
0.1 m/s,distance,217.055687,50.92845533698475
0.1 m/s,distance,217.097469,50.929691527343465
0.1 m/s,distance,217.139545,50.93112816139172
0.1 m/s,distance,217.182215,50.93253789228674
0.1 m/s,distance,217.223144,50.933659335736266
0.1 m/s,distance,217.269384,50.93492630657427
0.1 m/s,distance,217.307231,50.936068516939635
0.1 m/s,distance,217.350258,50.937388855910704
0.1 m/s,distance,217.390972,50.93862617683587
0.1 m/s,distance,217.978356,50.95781369781173
0.1 m/s,distance,218.02041,50.95889623436275
0.1 m/s,distance,218.062239,50.95997298345795
0.1 m/s,distance,218.103989,50.961054160137806
0.1 m/s,distance,218.146495,50.962157884878884
0.1 m/s,distance,218.188167,50.96326543780147
0.1 m/s,distance,218.231809,50.96448455649284
0.1 m/s,distance,218.273732,50.965655655835384
0.1 m/s,distance,218.315827,50.96666111603722
0.1 m/s,distance,218.35607,50.967616372622636
0.1 m/s,distance,218.40071,50.96863786639399
0.1 m/s,distance,218.985159,50.983350364580524
0.1 m/s,distance,219.027574,50.98415576164392
0.1 m/s,distance,219.068991,50.98494221228931
0.1 m/s,distance,219.110911,50.985729046950546
0.1 m/s,distance,219.152895,50.98651548394022
0.1 m/s,distance,219.194702,50.987507746865646
0.1 m/s,distance,219.236728,50.9887461048047
0.1 m/s,distance,219.278622,50.98995341505777
0.1 m/s,distance,219.320396,50.99085098899047
0.1 m/s,distance,219.3624,50.991753501262636
0.1 m/s,distance,219.404505,50.99272331741825
0.1 m/s,distance,219.949777,51.00776265675632
0.1 m/s,distance,219.991645,51.008996674277185
0.1 m/s,distance,220.033612,51.01005693564161
0.1 m/s,distance,220.077948,51.01118578665644
0.1 m/s,distance,220.118729,51.012346615439036
0.1 m/s,distance,220.161136,51.01355372861138
0.1 m/s,distance,220.200917,51.0146317067012
0.1 m/s,distance,220.243039,51.0157415726437
0.1 m/s,distance,220.285652,51.0169931948846
0.1 m/s,distance,220.326986,51.01859266542568
0.1 m/s,distance,220.368995,51.02021826377985
0.1 m/s,distance,220.956611,51.03126874360214
0.1 m/s,distance,220.998032,51.03171943811698
0.1 m/s,distance,221.040591,51.032253433395205
0.1 m/s,distance,221.08208,51.03270612178776
0.1 m/s,distance,221.123814,51.03281684057968
0.1 m/s,distance,221.165504,51.032927442988615
0.1 m/s,distance,221.207481,51.03291637992215
0.1 m/s,distance,221.249534,51.03286836466965
0.1 m/s,distance,221.293156,51.032962186607975
0.1 m/s,distance,221.33342,51.03323862405881
0.1 m/s,distance,221.375877,51.033523013441524
0.1 m/s,distance,221.962915,51.03296682765477
0.1 m/s,distance,222.004752,51.033181462668246
0.1 m/s,distance,222.046965,51.033520106201834
0.1 m/s,distance,222.088613,51.03370991840204
0.1 m/s,distance,222.13076,51.03359396356309
0.1 m/s,distance,222.172597,51.03347886209529
0.1 m/s,distance,222.214393,51.03338416838952
0.1 m/s,distance,222.256274,51.03329064293465
0.1 m/s,distance,222.298146,51.033232915168824
0.1 m/s,distance,222.342821,51.03320286513179
0.1 m/s,distance,222.382006,51.033214481626665
0.1 m/s,distance,222.969736,51.041871112975684
0.1 m/s,distance,223.011666,51.04272330350032
0.1 m/s,distance,223.053006,51.043566498904084
0.1 m/s,distance,223.094814,51.0446825843926
0.1 m/s,distance,223.136963,51.046108749113095
0.1 m/s,distance,223.178986,51.04748761311393
0.1 m/s,distance,223.221192,51.048433557231334
0.1 m/s,distance,223.262699,51.04936383402405
0.1 m/s,distance,223.304816,51.050372874255835
0.1 m/s,distance,223.34672,51.05140421668502
0.1 m/s,distance,223.388536,51.052565757761165
0.1 m/s,distance,223.981768,51.066364454160414
0.1 m/s,distance,224.017905,51.06686660756781
0.1 m/s,distance,224.05992,51.06745044385402
0.1 m/s,distance,224.102089,51.068259139297126
0.1 m/s,distance,224.145355,51.069218980812515
0.1 m/s,distance,224.185696,51.07000733530314
0.1 m/s,distance,224.227374,51.07050791452376
0.1 m/s,distance,224.269821,51.071017731594424
0.1 m/s,distance,224.313546,51.07161815292278
0.1 m/s,distance,224.353639,51.07217841825235
0.1 m/s,distance,224.395224,51.07271507899652
0.1 m/s,distance,224.982686,50.97971974110342
0.1 m/s,distance,225.02464,50.980019554759885
0.1 m/s,distance,225.066672,50.980319925557794
0.1 m/s,distance,225.108614,50.98067922401361
0.1 m/s,distance,225.150397,50.98105234647198
0.1 m/s,distance,225.192489,50.981492974628885
0.1 m/s,distance,225.234438,50.9820248448605
0.1 m/s,distance,225.276733,50.98255084514367
0.1 m/s,distance,225.31865,50.98279834524607
0.1 m/s,distance,225.360521,50.983045575059634
0.1 m/s,distance,225.401992,50.983292345890604
0.1 m/s,distance,225.990649,50.992091425816454
0.1 m/s,distance,226.031211,50.992557077864326
0.1 m/s,distance,226.07362,50.99304393385987
0.1 m/s,distance,226.115565,50.99343301543469
0.1 m/s,distance,226.157339,50.993816862149366
0.1 m/s,distance,226.199116,50.99438632320963
0.1 m/s,distance,226.240999,50.995096446299144
0.1 m/s,distance,226.282907,50.995763794768514
0.1 m/s,distance,226.324811,50.99623885092123
0.1 m/s,distance,226.366864,50.996715593673436
0.1 m/s,distance,226.953715,51.00690952097789
0.1 m/s,distance,226.99571,51.00795115226496
0.1 m/s,distance,227.037456,51.00874527920276
0.1 m/s,distance,227.079924,51.009569078725924
0.1 m/s,distance,227.122409,51.0105211545908
0.1 m/s,distance,227.163925,51.01145151696025
0.1 m/s,distance,227.205311,51.01236404125765
0.1 m/s,distance,227.24772,51.01329338463792
0.1 m/s,distance,227.289604,51.01439674531266
0.1 m/s,distance,227.331712,51.01586253588401
0.1 m/s,distance,227.373895,51.01733094908123
0.1 m/s,distance,227.960124,51.03126957812291
0.1 m/s,distance,228.003439,51.03228528193874
0.1 m/s,distance,228.044184,51.03332112803909
0.1 m/s,distance,228.087529,51.03435240871112
0.1 m/s,distance,228.128923,51.03516713989204
0.1 m/s,distance,228.171004,51.035995390564096
0.1 m/s,distance,228.212779,51.03679062616692
0.1 m/s,distance,228.254669,51.03758501622334
0.1 m/s,distance,228.29594,51.038695429443244
0.1 m/s,distance,228.338628,51.040180186503925
0.1 m/s,distance,228.380219,51.04154546149158
0.1 m/s,distance,228.968415,51.050234936928554
0.1 m/s,distance,229.009542,51.05089930826127
0.1 m/s,distance,229.052328,51.05164923608733
0.1 m/s,distance,229.094617,51.052251825321605
0.1 m/s,distance,229.135734,51.05267865881303
0.1 m/s,distance,229.17795,51.05311496284369
0.1 m/s,distance,229.219643,51.053518170827175
0.1 m/s,distance,229.261256,51.05392060639482
0.1 m/s,distance,229.302798,51.054343116221695
0.1 m/s,distance,229.345853,51.05479191225499
0.1 m/s,distance,229.386988,51.0553011096864
0.1 m/s,distance,229.974107,51.0667631169608
0.1 m/s,distance,230.015871,51.06751365363795
0.1 m/s,distance,230.057924,51.06826752296383
0.1 m/s,distance,230.099892,51.06925325429945
0.1 m/s,distance,230.14163,51.0703962807186
0.1 m/s,distance,230.183632,51.07147975177388
0.1 m/s,distance,230.225756,51.07229896719362
0.1 m/s,distance,230.269216,51.07314416199991
0.1 m/s,distance,230.309232,51.07409868738738
0.1 m/s,distance,230.352042,51.07515315675749
0.1 m/s,distance,230.393951,51.07636201039728
0.1 m/s,distance,230.980875,51.09350377328539
0.1 m/s,distance,231.022267,51.094535996721454
0.1 m/s,distance,231.064714,51.09559452948528
0.1 m/s,distance,231.106588,51.09707573342509
0.1 m/s,distance,231.14846,51.098703195549646
0.1 m/s,distance,231.189904,51.10012197511792
0.1 m/s,distance,231.232195,51.10121264879548
0.1 m/s,distance,231.274147,51.102294578932465
0.1 m/s,distance,231.315982,51.10335636626346
0.1 m/s,distance,231.359149,51.10445149640232
0.1 m/s,distance,231.400083,51.10544591404749
0.1 m/s,distance,231.987048,51.121390714362136
0.1 m/s,distance,232.029445,51.12238709316799
0.1 m/s,distance,232.071004,51.12336377703888
0.1 m/s,distance,232.112938,51.124283798917425
0.1 m/s,distance,232.154939,51.125197962235035
0.1 m/s,distance,232.196923,51.147322912934136
0.1 m/s,distance,232.238917,51.18927752703076
0.1 m/s,distance,232.280915,51.225671497700375
0.1 m/s,distance,232.323615,51.22661616421573
0.1 m/s,distance,232.364268,51.22751554294457
0.1 m/s,distance,232.951692,51.14342999747003
0.1 m/s,distance,232.999713,51.1444701267961
0.1 m/s,distance,233.035658,51.145126524577215
0.1 m/s,distance,233.085118,51.14605282880242
0.1 m/s,distance,233.119504,51.14676102681959
0.1 m/s,distance,233.161425,51.147624406162855
0.1 m/s,distance,233.214459,51.148958875282425
0.1 m/s,distance,233.245443,51.149788250756345
0.1 m/s,distance,233.287536,51.15082565247249
0.1 m/s,distance,233.329537,51.15164527550321
0.1 m/s,distance,233.371396,51.15246212559195
0.1 m/s,distance,233.958571,51.263228421244825
0.1 m/s,distance,234.000488,51.26424043044753
0.1 m/s,distance,234.050194,51.26520430564693
0.1 m/s,distance,234.08471,51.265867213468546
0.1 m/s,distance,234.126141,51.26664263191665
0.1 m/s,distance,234.168135,51.267428590136966
0.1 m/s,distance,234.209934,51.2681444887683
0.1 m/s,distance,234.252907,51.26886656720288
0.1 m/s,distance,234.294817,51.26973132483339
0.1 m/s,distance,234.336424,51.27077127427765
0.1 m/s,distance,234.378401,51.27179251642196
0.1 m/s,distance,234.964915,51.28052997075364
0.1 m/s,distance,235.00689,51.28108717041679
0.1 m/s,distance,235.058203,51.28178708071361
0.1 m/s,distance,235.091359,51.282190163055404
0.1 m/s,distance,235.132677,51.28262788126042
0.1 m/s,distance,235.17521,51.28307847085592
0.1 m/s,distance,235.217489,51.28343729636168
0.1 m/s,distance,235.259431,51.283793243752484
0.1 m/s,distance,235.30138,51.2843475573424
0.1 m/s,distance,235.343323,51.28502144948262
0.1 m/s,distance,235.385376,51.285621599073515
0.1 m/s,distance,235.972234,51.296998089820285
0.1 m/s,distance,236.014165,51.29842966760253
0.1 m/s,distance,236.056088,51.299893251198746
0.1 m/s,distance,236.098013,51.30109380978404
0.1 m/s,distance,236.140004,51.30207509968931
0.1 m/s,distance,236.181925,51.30303529000799
0.1 m/s,distance,236.223228,51.303880639593395
0.1 m/s,distance,236.265079,51.304737197851246
0.1 m/s,distance,236.307109,51.30559520324917
0.1 m/s,distance,236.349014,51.30644994886234
0.1 m/s,distance,236.392444,51.30739871017118
0.1 m/s,distance,236.97816,51.31579055311631
0.1 m/s,distance,237.020932,51.31611895313786
0.1 m/s,distance,237.066693,51.316470301016814
0.1 m/s,distance,237.104571,51.316963068857156
0.1 m/s,distance,237.146494,51.31757338402333
0.1 m/s,distance,237.188532,51.31812255239794
0.1 m/s,distance,237.234995,51.31857971724091
0.1 m/s,distance,237.271762,51.31894147988851
0.1 m/s,distance,237.313755,51.31950126716084
0.1 m/s,distance,237.35566,51.32007300939773
0.1 m/s,distance,237.397608,51.32099028497557
0.1 m/s,distance,237.984788,51.3361996855212
0.1 m/s,distance,238.026731,51.33723709616176
0.1 m/s,distance,238.068645,51.33827379326221
0.1 m/s,distance,238.110567,51.33975992702654
0.1 m/s,distance,238.152594,51.34133353948271
0.1 m/s,distance,238.194529,51.34264141616452
0.1 m/s,distance,238.236552,51.343644074379135
0.1 m/s,distance,238.278346,51.3446418966851
0.1 m/s,distance,238.320411,51.34565397198569
0.1 m/s,distance,238.367627,51.346789973937575
0.1 m/s,distance,238.950404,51.361210321304725
0.1 m/s,distance,238.992322,51.36194820138218
0.1 m/s,distance,239.034265,51.36268705282373
0.1 m/s,distance,239.076228,51.36342862102056
0.1 m/s,distance,239.118148,51.36426510929823
0.1 m/s,distance,239.160119,51.36510261568193
0.1 m/s,distance,239.202056,51.36605868384911
0.1 m/s,distance,239.243986,51.367081666860265
0.1 m/s,distance,239.28591,51.36801852827745
0.1 m/s,distance,239.329176,51.36872616406523
0.1 m/s,distance,239.368878,51.3693755070823
0.1 m/s,distance,239.956146,51.386426402342565
0.1 m/s,distance,239.99802,51.38758173223712
0.1 m/s,distance,240.041397,51.38843897450506
0.1 m/s,distance,240.081868,51.382751056825676
0.1 m/s,distance,240.12384,51.3426267193926
0.1 m/s,distance,240.165799,51.30251468982875
0.1 m/s,distance,240.208081,51.29441719862496
0.1 m/s,distance,240.249847,51.29557093195117
0.1 m/s,distance,240.293385,51.29664476998181
0.1 m/s,distance,240.333749,51.29747350115435
0.1 m/s,distance,240.378554,51.298390748707206
0.1 m/s,distance,240.962814,51.306951444586836
0.1 m/s,distance,241.005148,51.307050845277075
0.1 m/s,distance,241.051812,51.30700682393682
0.1 m/s,distance,241.088645,51.306897076565846
0.1 m/s,distance,241.130778,51.30662196861687
0.1 m/s,distance,241.17276,51.306347846098525
0.1 m/s,distance,241.215558,51.305964886975616
0.1 m/s,distance,241.256743,51.30559028817918
0.1 m/s,distance,241.298466,51.30525668019659
0.1 m/s,distance,241.352603,51.30487112918453
0.1 m/s,distance,241.382537,51.304633212032584
0.1 m/s,distance,241.970093,51.30377876988016
0.1 m/s,distance,242.012606,51.30417708243492
0.1 m/s,distance,242.054553,51.30460916766055
0.1 m/s,distance,242.096442,51.30498786499653
0.1 m/s,distance,242.137757,51.30531066668086
0.1 m/s,distance,242.183114,51.305681506987405
0.1 m/s,distance,242.222162,51.30606798921506
0.1 m/s,distance,242.263159,51.30647376263518
0.1 m/s,distance,242.305608,51.30724238275684
0.1 m/s,distance,242.348139,51.308151051797665
0.1 m/s,distance,242.390419,51.308930053420696
0.1 m/s,distance,242.976977,51.31508764459625
0.1 m/s,distance,243.017851,51.31588124586761
0.1 m/s,distance,243.060823,51.316715583097086
0.1 m/s,distance,243.102065,51.31748360695485
0.1 m/s,distance,243.144186,51.318250080926866
0.1 m/s,distance,243.18566,51.31904148286357
0.1 m/s,distance,243.230877,51.32002322568057
0.1 m/s,distance,243.269675,51.320865596569725
0.1 m/s,distance,243.311731,51.32201657401609
0.1 m/s,distance,243.353591,51.32319813841619
0.1 m/s,distance,243.396928,51.32460871849065
0.1 m/s,distance,243.982585,51.346479643453215
0.1 m/s,distance,244.024555,51.347815020546314
0.1 m/s,distance,244.066634,51.34915386437802
0.1 m/s,distance,244.108469,51.350816545963326
0.1 m/s,distance,244.150323,51.352565653829195
0.1 m/s,distance,244.193959,51.3541526132315
0.1 m/s,distance,244.234265,51.3553281303712
0.1 m/s,distance,244.276253,51.356554735555285
0.1 m/s,distance,244.318179,51.35785987149064
0.1 m/s,distance,244.36124,51.35920034295166
0.1 m/s,distance,244.402192,51.360827366192716
0.1 m/s,distance,244.947407,51.38428586943024
0.1 m/s,distance,244.991117,51.38598890379166
0.1 m/s,distance,245.032954,51.387502709432596
0.1 m/s,distance,245.073232,51.38896009609854
0.1 m/s,distance,245.115133,51.39101756752117
0.1 m/s,distance,245.157096,51.39310508445997
0.1 m/s,distance,245.198944,51.39474917799709
0.1 m/s,distance,245.240844,51.39606055502767
0.1 m/s,distance,245.282792,51.397348828173165
0.1 m/s,distance,245.324824,51.39852773892924
0.1 m/s,distance,245.366722,51.399702891508134
0.1 m/s,distance,245.953872,51.51577240879378
0.1 m/s,distance,245.995847,51.51743211369
0.1 m/s,distance,246.037879,51.51907334255008
0.1 m/s,distance,246.07976,51.5207125544272
0.1 m/s,distance,246.121755,51.522388109303144
0.1 m/s,distance,246.163605,51.524057880499264
0.1 m/s,distance,246.205595,51.52578137335322
0.1 m/s,distance,246.252995,51.52774771070427
0.1 m/s,distance,246.290621,51.5291850917532
0.1 m/s,distance,246.33148,51.53055247003116
0.1 m/s,distance,246.373366,51.53195422126681
0.1 m/s,distance,246.961698,51.54379791378425
0.1 m/s,distance,247.002573,51.54421341034635
0.1 m/s,distance,247.044498,51.54450981975122
0.1 m/s,distance,247.086457,51.544778172161685
0.1 m/s,distance,247.128395,51.54496908099232
0.1 m/s,distance,247.170341,51.5451600256385
0.1 m/s,distance,247.213715,51.50824430520235
0.1 m/s,distance,247.255955,51.467713793834776
0.1 m/s,distance,247.297859,51.44920200791098
0.1 m/s,distance,247.338791,51.44915229768408
0.1 m/s,distance,247.380763,51.449106215834846
0.1 m/s,distance,247.967331,51.452788404399044
0.1 m/s,distance,248.009286,51.45322719927192
0.1 m/s,distance,248.051123,51.453620321492416
0.1 m/s,distance,248.093065,51.45407199218002
0.1 m/s,distance,248.134962,51.454600819989814
0.1 m/s,distance,248.176931,51.45513406132135
0.1 m/s,distance,248.218761,51.45574767126713
0.1 m/s,distance,248.260779,51.45636403715562
0.1 m/s,distance,248.302689,51.457349667969204
0.1 m/s,distance,248.344765,51.458534923832445
0.1 m/s,distance,248.386648,51.45966898341016
0.1 m/s,distance,248.973821,51.47654290547296
0.1 m/s,distance,249.015694,51.517295851903874
0.1 m/s,distance,249.057688,51.55953249526939
0.1 m/s,distance,249.099627,51.578017191921845
0.1 m/s,distance,249.141624,51.57948349539877
0.1 m/s,distance,249.183505,51.58093429109897
0.1 m/s,distance,249.225531,51.5823435506997
0.1 m/s,distance,249.267396,51.58374741374836
0.1 m/s,distance,249.309369,51.58555964359151
0.1 m/s,distance,249.351283,51.58746192079157
0.1 m/s,distance,249.395361,51.589236189586025
0.1 m/s,distance,249.980475,51.6104965379173
0.1 m/s,distance,250.027573,51.61276042963631
0.1 m/s,distance,250.06444,51.614532539204376
0.1 m/s,distance,250.106342,51.616237652229245
0.1 m/s,distance,250.148287,51.61783737379647
0.1 m/s,distance,250.190248,51.61942764451308
0.1 m/s,distance,250.237232,51.62118810426493
0.1 m/s,distance,250.274145,51.62257120140305
0.1 m/s,distance,250.316016,51.624223633303686
0.1 m/s,distance,250.357939,51.625880309531084
0.1 m/s,distance,250.399883,51.62761605041598
0.1 m/s,distance,250.945183,51.64082751880016
0.1 m/s,distance,250.987102,51.6414114651962
0.1 m/s,distance,251.029305,51.64206841128101
0.1 m/s,distance,251.071319,51.64272241060377
0.1 m/s,distance,251.113113,51.643794135567546
0.1 m/s,distance,251.15524,51.64491808501939
0.1 m/s,distance,251.196985,51.64597003703583
0.1 m/s,distance,251.238697,51.646964471848136
0.1 m/s,distance,251.281234,51.647996616715396
0.1 m/s,power,0.0,6188.592408617649
0.1 m/s,power,0.04203,6451.814318468875
0.1 m/s,power,0.092408,6537.913122702075
0.1 m/s,power,0.125771,6943.337886060278
0.1 m/s,power,0.167574,7101.256508534247
0.1 m/s,power,0.209831,7532.818463231409
0.1 m/s,power,0.251695,7324.138857230931
0.1 m/s,power,0.293436,8010.113232657825
0.1 m/s,power,0.335305,8136.034967968119
0.1 m/s,power,0.377496,8696.032486139873
0.1 m/s,power,0.420242,8383.419648329673
0.1 m/s,power,1.006817,10745.685506285767
0.1 m/s,power,1.048571,10681.413015139897
0.1 m/s,power,1.091584,10205.532666157118
0.1 m/s,power,1.133288,10757.006460907234
0.1 m/s,power,1.175227,11388.57870851319
0.1 m/s,power,1.218862,11014.732180130391
0.1 m/s,power,1.258729,11219.167972715266
0.1 m/s,power,1.303533,10937.575782594604
0.1 m/s,power,1.342808,10985.493206952522
0.1 m/s,power,1.38514,11058.105172225483
0.1 m/s,power,1.427094,10920.17275504376
0.1 m/s,power,2.013412,11092.866581727194
0.1 m/s,power,2.055798,11256.825573846298
0.1 m/s,power,2.097373,11184.81559973163
0.1 m/s,power,2.139821,11571.171980400257
0.1 m/s,power,2.181292,11638.152301804614
0.1 m/s,power,2.233648,10797.339718652924
0.1 m/s,power,2.266672,10894.60857488694
0.1 m/s,power,2.313002,10748.298563028477
0.1 m/s,power,2.349558,10957.358258266451
0.1 m/s,power,2.397199,11209.684785933992
0.1 m/s,power,2.435787,9030.33742448199
0.1 m/s,power,3.021332,10170.19999803347
0.1 m/s,power,3.062116,10584.810673791006
0.1 m/s,power,3.103956,9858.059139607552
0.1 m/s,power,3.146042,10026.028725273034
0.1 m/s,power,3.188124,10246.324706937605
0.1 m/s,power,3.22997,9780.456482189367
0.1 m/s,power,3.271734,9055.991442133765
0.1 m/s,power,3.313863,9354.02827663034
0.1 m/s,power,3.35626,9584.804901509471
0.1 m/s,power,3.397438,9328.332380441854
0.1 m/s,power,3.439347,6357.494160437743
0.1 m/s,power,4.027085,7076.739432817913
0.1 m/s,power,4.073873,7363.213496836827
0.1 m/s,power,4.110885,6885.550159573307
0.1 m/s,power,4.152423,7138.820210651056
0.1 m/s,power,4.195613,7168.453459429028
0.1 m/s,power,4.236416,6380.917567246893
0.1 m/s,power,4.278247,5966.946036290256
0.1 m/s,power,4.321555,5954.926699800762
0.1 m/s,power,4.362154,5766.639315927432
0.1 m/s,power,4.404105,5862.348079055013
0.1 m/s,power,4.445927,2907.4256654298147
0.1 m/s,power,5.033032,3689.7872567398786
0.1 m/s,power,5.075193,4256.9642939540845
0.1 m/s,power,5.117557,4904.943628626123
0.1 m/s,power,5.159206,4784.234317004132
0.1 m/s,power,5.201455,4955.415724235455
0.1 m/s,power,5.243193,3714.31083782712
0.1 m/s,power,5.284935,5147.494633314347
0.1 m/s,power,5.328301,4356.382214636361
0.1 m/s,power,5.369064,4395.0113765495535
0.1 m/s,power,5.411111,4274.021993392173
0.1 m/s,power,5.99803,6663.308487530801
0.1 m/s,power,6.039971,6337.002209246893
0.1 m/s,power,6.081798,7804.426564456866
0.1 m/s,power,6.124264,7225.739339334072
0.1 m/s,power,6.179143,7736.354826402418
0.1 m/s,power,6.207789,7528.59854156137
0.1 m/s,power,6.249376,8410.615732513286
0.1 m/s,power,6.291575,9077.913526796783
0.1 m/s,power,6.333527,7915.023752333281
0.1 m/s,power,6.375395,9165.382097872407
0.1 m/s,power,6.417313,8815.849930664655
0.1 m/s,power,7.004567,10125.348487829939
0.1 m/s,power,7.046457,10404.685290771653
0.1 m/s,power,7.088442,10014.789912923787
0.1 m/s,power,7.130401,10760.700953004873
0.1 m/s,power,7.176434,10308.472825787532
0.1 m/s,power,7.21433,10342.914096133643
0.1 m/s,power,7.256184,10759.66923283425
0.1 m/s,power,7.298074,10337.536747214011
0.1 m/s,power,7.339908,10888.328843307407
0.1 m/s,power,7.382124,10613.194052687439
0.1 m/s,power,7.425256,10599.08321507101
0.1 m/s,power,8.011187,11517.137317927576
0.1 m/s,power,8.053179,11851.329756613814
0.1 m/s,power,8.096083,11850.90317233248
0.1 m/s,power,8.143125,11840.5700031713
0.1 m/s,power,8.183088,12452.86782231306
0.1 m/s,power,8.228476,12043.688886715732
0.1 m/s,power,8.263035,11741.240862873054
0.1 m/s,power,8.304869,11732.750103875902
0.1 m/s,power,8.352248,12363.453117960207
0.1 m/s,power,8.388739,11801.016905334896
0.1 m/s,power,8.430684,10930.315686200467
0.1 m/s,power,9.017773,11988.583110609861
0.1 m/s,power,9.059734,12432.35271378672
0.1 m/s,power,9.101647,12959.925038363453
0.1 m/s,power,9.143595,12153.333904735771
0.1 m/s,power,9.185926,12511.509980813667
0.1 m/s,power,9.227481,12107.627017710778
0.1 m/s,power,9.269481,11436.512798926078
0.1 m/s,power,9.318358,10739.668616861509
0.1 m/s,power,9.354158,11135.040413038472
0.1 m/s,power,9.39611,11281.89367969757
0.1 m/s,power,9.43793,7765.793520304284
0.1 m/s,power,10.025555,10083.681123478667
0.1 m/s,power,10.066424,10351.193602672109
0.1 m/s,power,10.108382,10910.052978789792
0.1 m/s,power,10.150244,10048.277563841477
0.1 m/s,power,10.197745,10536.170841439503
0.1 m/s,power,10.234065,10183.047726491317
0.1 m/s,power,10.276069,9920.417380332343
0.1 m/s,power,10.317925,9958.131250390305
0.1 m/s,power,10.359829,9555.902992391666
0.1 m/s,power,10.401772,9820.321430584643
0.1 m/s,power,10.443667,5162.190426553441
0.1 m/s,power,11.031078,6564.761991115901
0.1 m/s,power,11.072925,5824.893132066888
0.1 m/s,power,11.114983,7097.752390722009
0.1 m/s,power,11.157191,6496.129616933455
0.1 m/s,power,11.198984,6297.277189389078
0.1 m/s,power,11.2409,6205.974057309618
0.1 m/s,power,11.282541,5794.8121626158
0.1 m/s,power,11.325027,5828.382708779512
0.1 m/s,power,11.366542,5417.538370883957
0.1 m/s,power,11.408934,4883.015973760479
0.1 m/s,power,11.9962,6618.740439086578
0.1 m/s,power,12.037669,6619.861781034405
0.1 m/s,power,12.079646,7344.030569108491
0.1 m/s,power,12.12162,7597.811263778536
0.1 m/s,power,12.173618,7693.598962774184
0.1 m/s,power,12.206,7746.1124443168255
0.1 m/s,power,12.247456,7947.421783194849
0.1 m/s,power,12.29287,7557.3530419056115
0.1 m/s,power,12.331166,8494.113255661241
0.1 m/s,power,12.378416,8492.608845343108
0.1 m/s,power,12.414919,9613.094506973288
0.1 m/s,power,13.00332,10851.501739390727
0.1 m/s,power,13.044294,11688.081536334352
0.1 m/s,power,13.086841,11978.319122481249
0.1 m/s,power,13.12876,12279.350878609177
0.1 m/s,power,13.170154,11505.020165127917
0.1 m/s,power,13.212925,11475.280040155883
0.1 m/s,power,13.253911,12014.14670294982
0.1 m/s,power,13.296021,12351.236780177118
0.1 m/s,power,13.338152,12445.53132654448
0.1 m/s,power,13.380042,12743.653793163088
0.1 m/s,power,13.421623,12464.098723935076
0.1 m/s,power,14.009044,9654.928534173623
0.1 m/s,power,14.050976,9164.061599531073
0.1 m/s,power,14.09273,8364.310491606586
0.1 m/s,power,14.134728,8672.312552024401
0.1 m/s,power,14.176718,7087.767067278664
0.1 m/s,power,14.218706,7409.48614952481
0.1 m/s,power,14.260655,6890.800026121786
0.1 m/s,power,14.302559,6449.34764142855
0.1 m/s,power,14.344633,7627.530399808315
0.1 m/s,power,14.387208,6616.406653161518
0.1 m/s,power,14.433719,5973.528019520793
0.1 m/s,power,15.015698,5780.148787012321
0.1 m/s,power,15.068875,5941.117234998818
0.1 m/s,power,15.09966,6084.309821171174
0.1 m/s,power,15.149448,5770.866486066023
0.1 m/s,power,15.184612,6230.601255095691
0.1 m/s,power,15.232728,6978.521619942149
0.1 m/s,power,15.267875,5536.458434775791
0.1 m/s,power,15.316371,5866.321931159251
0.1 m/s,power,15.351735,6549.025576373939
0.1 m/s,power,15.392917,6745.678616714555
0.1 m/s,power,15.435073,5248.134525714828
0.1 m/s,power,16.023225,9234.44708685907
0.1 m/s,power,16.064352,9296.161842394955
0.1 m/s,power,16.106096,8973.582172131706
0.1 m/s,power,16.148086,8854.70005138514
0.1 m/s,power,16.191407,9488.897565049378
0.1 m/s,power,16.231921,10176.521409597683
0.1 m/s,power,16.273854,10690.800203913645
0.1 m/s,power,16.315821,9661.24267369369
0.1 m/s,power,16.357782,10167.317689538379
0.1 m/s,power,16.40747,10993.892850123655
0.1 m/s,power,16.442472,7056.915827753651
0.1 m/s,power,17.028866,14579.616901688467
0.1 m/s,power,17.070837,13444.837373505117
0.1 m/s,power,17.112817,14041.241148844358
0.1 m/s,power,17.154771,13270.632012078398
0.1 m/s,power,17.196593,13631.29406916306
0.1 m/s,power,17.238554,14313.138719372491
0.1 m/s,power,17.280553,13791.695508529763
0.1 m/s,power,17.327826,14427.809015924768
0.1 m/s,power,17.364481,13938.23521827638
0.1 m/s,power,17.406365,14592.262504491893
0.1 m/s,power,17.995039,11554.12155899357
0.1 m/s,power,18.04062,11226.72329756105
0.1 m/s,power,18.077513,10804.273691461172
0.1 m/s,power,18.119413,10892.742997060015
0.1 m/s,power,18.1613,10414.594087145211
0.1 m/s,power,18.204622,10502.861419632272
0.1 m/s,power,18.245253,10699.588823875429
0.1 m/s,power,18.292472,9615.667631527205
0.1 m/s,power,18.33302,8388.797291626493
0.1 m/s,power,18.371589,9331.21476550615
0.1 m/s,power,18.412966,9451.019892053979
0.1 m/s,power,19.00022,6331.840964522088
0.1 m/s,power,19.043099,7938.784415765426
0.1 m/s,power,19.084127,7655.910984330995
0.1 m/s,power,19.126974,7016.990950542833
0.1 m/s,power,19.167938,6879.671213074066
0.1 m/s,power,19.209894,6311.289963232557
0.1 m/s,power,19.25177,7626.794936275657
0.1 m/s,power,19.293747,6595.544101891822
0.1 m/s,power,19.335707,6062.146484538294
0.1 m/s,power,19.383795,6562.538076080016
0.1 m/s,power,19.420253,6407.682420345128
0.1 m/s,power,20.007633,9732.520177220287
0.1 m/s,power,20.049628,10252.15006718103
0.1 m/s,power,20.091529,9347.004332940045
0.1 m/s,power,20.133456,10284.530227482439
0.1 m/s,power,20.175414,9555.758159350831
0.1 m/s,power,20.217362,9625.698987606043
0.1 m/s,power,20.259297,10870.34557868332
0.1 m/s,power,20.301235,10187.838681486865
0.1 m/s,power,20.355359,9891.255784782841
0.1 m/s,power,20.387673,10017.178295308515
0.1 m/s,power,20.437002,9043.347720838783
0.1 m/s,power,21.014035,11345.759075531263
0.1 m/s,power,21.056027,12541.584150337629
0.1 m/s,power,21.09792,12966.462316298921
0.1 m/s,power,21.1399,12596.261747042254
0.1 m/s,power,21.18231,12978.738806216881
0.1 m/s,power,21.223973,13016.38490518777
0.1 m/s,power,21.265432,13768.398200226487
0.1 m/s,power,21.307932,13653.650134670948
0.1 m/s,power,21.349865,13040.382586412103
0.1 m/s,power,21.390919,13809.81969469551
0.1 m/s,power,21.432888,11258.286370491738
0.1 m/s,power,22.020024,14329.247363347456
0.1 m/s,power,22.068496,13987.13898551094
0.1 m/s,power,22.10394,13924.014363681186
0.1 m/s,power,22.146124,14290.539318024355
0.1 m/s,power,22.187796,14082.00816645126
0.1 m/s,power,22.231353,14372.205432709343
0.1 m/s,power,22.273221,14103.301918345222
0.1 m/s,power,22.313737,14380.637155564422
0.1 m/s,power,22.355669,14495.765588612421
0.1 m/s,power,22.402799,13948.240498356774
0.1 m/s,power,22.439548,9049.807180266329
0.1 m/s,power,23.028803,14247.096686693749
0.1 m/s,power,23.073858,14305.178258239217
0.1 m/s,power,23.11062,13967.170221630435
0.1 m/s,power,23.152686,13739.738061549791
0.1 m/s,power,23.194535,13954.853098474381
0.1 m/s,power,23.236466,13820.010311139424
0.1 m/s,power,23.278521,13122.069691935036
0.1 m/s,power,23.320312,13905.363173969963
0.1 m/s,power,23.36237,14092.619522288964
0.1 m/s,power,23.404235,13834.725295429615
0.1 m/s,power,23.446163,6696.57733472854
0.1 m/s,power,23.991399,13548.971363169972
0.1 m/s,power,24.035574,13443.39138759264
0.1 m/s,power,24.081387,13586.01648755072
0.1 m/s,power,24.120806,14967.20207654056
0.1 m/s,power,24.159432,13971.559862807015
0.1 m/s,power,24.201558,14283.795889048542
0.1 m/s,power,24.243783,14612.259852603222
0.1 m/s,power,24.28569,14717.858302076429
0.1 m/s,power,24.336848,14368.509491245082
0.1 m/s,power,24.369949,14529.150043963344
0.1 m/s,power,24.410855,13845.764767610346
0.1 m/s,power,24.99802,13307.80372563407
0.1 m/s,power,25.039925,14003.388768437446
0.1 m/s,power,25.081857,15114.93790923403
0.1 m/s,power,25.123864,13604.991914734826
0.1 m/s,power,25.165783,14431.59440255996
0.1 m/s,power,25.207756,14373.749754326462
0.1 m/s,power,25.249673,13383.52827172267
0.1 m/s,power,25.29168,14034.161891612908
0.1 m/s,power,25.333609,13654.649940588004
0.1 m/s,power,25.37554,13620.367469345312
0.1 m/s,power,25.422639,14596.26452213031
0.1 m/s,power,26.004697,12137.052690006745
0.1 m/s,power,26.046702,11602.120237266981
0.1 m/s,power,26.088556,12690.834212139089
0.1 m/s,power,26.130546,11846.855489960195
0.1 m/s,power,26.178056,11725.260466190079
0.1 m/s,power,26.214519,12417.955588582203
0.1 m/s,power,26.256372,13841.298927485095
0.1 m/s,power,26.2983,12861.925866681086
0.1 m/s,power,26.34025,12728.80375369186
0.1 m/s,power,26.387324,13474.144611069007
0.1 m/s,power,26.424324,13128.036601106807
0.1 m/s,power,27.015866,11730.474883822906
0.1 m/s,power,27.05479,12117.395924867686
0.1 m/s,power,27.095763,11977.837242173564
0.1 m/s,power,27.137445,10744.176562212666
0.1 m/s,power,27.17997,11138.690452651963
0.1 m/s,power,27.222023,11607.007064700185
0.1 m/s,power,27.263872,10863.052977869527
0.1 m/s,power,27.305741,10114.215145032264
0.1 m/s,power,27.347674,10336.878107049537
0.1 m/s,power,27.389658,10123.405602859148
0.1 m/s,power,27.431612,8457.237846956888
0.1 m/s,power,28.018771,8140.780613675817
0.1 m/s,power,28.060748,8917.551233382403
0.1 m/s,power,28.102532,9440.156990220024
0.1 m/s,power,28.143732,8481.673714544788
0.1 m/s,power,28.189178,8530.726405177931
0.1 m/s,power,28.229327,8941.373328521744
0.1 m/s,power,28.269619,9600.702109741766
0.1 m/s,power,28.311532,10238.157695601294
0.1 m/s,power,28.3535,11149.99596412483
0.1 m/s,power,28.395445,11588.75385880639
0.1 m/s,power,28.442562,8573.459628411392
0.1 m/s,power,29.024645,16388.57949915123
0.1 m/s,power,29.066605,15772.073040662726
0.1 m/s,power,29.108567,16065.095113319436
0.1 m/s,power,29.150473,15580.69398326018
0.1 m/s,power,29.198707,16042.934924757377
0.1 m/s,power,29.234385,16471.95920344632
0.1 m/s,power,29.276228,16541.647590249286
0.1 m/s,power,29.318277,16485.616639968306
0.1 m/s,power,29.360173,15932.376250892396
0.1 m/s,power,29.402146,16121.140964584363
0.1 m/s,power,29.443941,8846.239031362424
0.1 m/s,power,29.989286,9336.765178582998
0.1 m/s,power,30.032106,9517.741118563796
0.1 m/s,power,30.073184,8833.08836138301
0.1 m/s,power,30.115952,8158.748555998035
0.1 m/s,power,30.157093,8263.203313485636
0.1 m/s,power,30.198928,7446.045393361499
0.1 m/s,power,30.240839,8586.224432193698
0.1 m/s,power,30.282842,7767.355083939448
0.1 m/s,power,30.32476,8300.282886745488
0.1 m/s,power,30.366633,7220.050207581663
0.1 m/s,power,30.408698,7425.873820635522
0.1 m/s,power,30.99578,13444.97500927391
0.1 m/s,power,31.037741,14268.287703855707
0.1 m/s,power,31.079662,15437.295423745702
0.1 m/s,power,31.121677,14601.175021209767
0.1 m/s,power,31.163679,14813.235466973445
0.1 m/s,power,31.205673,16459.132237150294
0.1 m/s,power,31.247583,15195.015136550539
0.1 m/s,power,31.289517,15098.336928284518
0.1 m/s,power,31.33287,15647.69289703757
0.1 m/s,power,31.373469,16326.853616052298
0.1 m/s,power,31.415343,15195.372486385453
0.1 m/s,power,32.007715,11584.548545368525
0.1 m/s,power,32.044559,11920.586646637825
0.1 m/s,power,32.08671,11097.101783799228
0.1 m/s,power,32.129466,11632.154400625877
0.1 m/s,power,32.170306,10383.712101170755
0.1 m/s,power,32.21241,10234.91758638046
0.1 m/s,power,32.254227,10940.392406125111
0.1 m/s,power,32.296253,9488.46973963663
0.1 m/s,power,32.338051,9858.87868877592
0.1 m/s,power,32.379975,10166.810020847248
0.1 m/s,power,32.421936,8798.546243556375
0.1 m/s,power,33.009192,7643.775049018646
0.1 m/s,power,33.051074,7955.798514291323
0.1 m/s,power,33.092994,7957.9854862898555
0.1 m/s,power,33.136108,8593.387050517393
0.1 m/s,power,33.182099,8448.6160405122
0.1 m/s,power,33.218858,9149.440420047556
0.1 m/s,power,33.260689,9818.163830370728
0.1 m/s,power,33.307775,9992.349173242495
0.1 m/s,power,33.344726,10555.170533913699
0.1 m/s,power,33.386968,11400.839004213682
0.1 m/s,power,33.430001,11376.370335040961
0.1 m/s,power,34.0159,15412.332010438913
0.1 m/s,power,34.058028,15407.502880090595
0.1 m/s,power,34.100186,16454.886204407492
0.1 m/s,power,34.141935,17347.83113244996
0.1 m/s,power,34.184144,16398.446176391226
0.1 m/s,power,34.226058,16782.94291833229
0.1 m/s,power,34.267577,16437.062663383625
0.1 m/s,power,34.309422,16806.5864469856
0.1 m/s,power,34.351278,16419.371029366503
0.1 m/s,power,34.393291,16044.631656725562
0.1 m/s,power,34.435229,12837.186490816435
0.1 m/s,power,35.022505,10540.679152692202
0.1 m/s,power,35.0646,10157.117750621976
0.1 m/s,power,35.106765,10104.542196457987
0.1 m/s,power,35.148374,8672.214134810094
0.1 m/s,power,35.19027,9009.372508671177
0.1 m/s,power,35.237323,8904.892194743292
0.1 m/s,power,35.274132,8104.823872238063
0.1 m/s,power,35.316428,8687.154252112714
0.1 m/s,power,35.357969,8394.399323358402
0.1 m/s,power,35.399887,7775.740800721176
0.1 m/s,power,35.442163,5188.921467896773
0.1 m/s,power,35.987699,7854.17901502124
0.1 m/s,power,36.030596,7398.161933886011
0.1 m/s,power,36.071037,7113.8154319605455
0.1 m/s,power,36.112926,8077.146587749909
0.1 m/s,power,36.154792,7671.4271162541845
0.1 m/s,power,36.196767,8388.017942279332
0.1 m/s,power,36.242899,8036.863691764344
0.1 m/s,power,36.280739,8114.14795280441
0.1 m/s,power,36.322738,8103.37238438417
0.1 m/s,power,36.364659,8267.557801430843
0.1 m/s,power,36.406585,7804.95413183191
0.1 m/s,power,36.993767,13063.630620926173
0.1 m/s,power,37.035813,14011.839636535953
0.1 m/s,power,37.077663,14470.472072465362
0.1 m/s,power,37.11985,14281.598264900185
0.1 m/s,power,37.161536,14078.284696652501
0.1 m/s,power,37.204608,14897.522612837345
0.1 m/s,power,37.247224,15183.821686255407
0.1 m/s,power,37.289132,14836.668426570704
0.1 m/s,power,37.33614,15205.05011501113
0.1 m/s,power,37.37128,14882.167718447472
0.1 m/s,power,37.413164,16188.370795110915
0.1 m/s,power,38.000421,14886.649052086908
0.1 m/s,power,38.047604,15269.850064751783
0.1 m/s,power,38.085355,14910.389699803289
0.1 m/s,power,38.126754,15151.815897772782
0.1 m/s,power,38.168177,14527.319711495304
0.1 m/s,power,38.210068,14143.485744327669
0.1 m/s,power,38.252027,14503.0926701859
0.1 m/s,power,38.297177,14433.845225718613
0.1 m/s,power,38.338009,13652.206598202356
0.1 m/s,power,38.377863,13949.97125445067
0.1 m/s,power,38.41972,11951.541574207069
0.1 m/s,power,39.012387,8160.700460132084
0.1 m/s,power,39.048972,7864.8200233698935
0.1 m/s,power,39.090882,8415.053475765913
0.1 m/s,power,39.132858,8860.707025965818
0.1 m/s,power,39.174773,9015.295058953978
0.1 m/s,power,39.216697,8933.539332201992
0.1 m/s,power,39.258758,8624.551060779919
0.1 m/s,power,39.300671,8593.690708886375
0.1 m/s,power,39.347904,8484.953564987849
0.1 m/s,power,39.38552,8821.62989475301
0.1 m/s,power,39.427019,8980.882473343028
0.1 m/s,power,40.013656,10217.628394103986
0.1 m/s,power,40.055604,9959.687997121195
0.1 m/s,power,40.102766,10354.173699528126
0.1 m/s,power,40.139449,10387.713992982286
0.1 m/s,power,40.18148,10208.677877178807
0.1 m/s,power,40.224771,10350.519069109529
0.1 m/s,power,40.265256,9681.624502117402
0.1 m/s,power,40.307246,9949.68341204885
0.1 m/s,power,40.350381,10349.336597096453
0.1 m/s,power,40.391267,9317.164053508986
0.1 m/s,power,40.433039,8579.619105764543
0.1 m/s,power,41.020234,9325.62732474336
0.1 m/s,power,41.062249,9969.901203121324
0.1 m/s,power,41.104122,8988.504046836715
0.1 m/s,power,41.147621,10187.68516396144
0.1 m/s,power,41.188071,9267.874945207235
0.1 m/s,power,41.229918,9689.022757739811
0.1 m/s,power,41.272908,9860.348269711369
0.1 m/s,power,41.313852,9937.880910938711
0.1 m/s,power,41.355747,10025.491958003857
0.1 m/s,power,41.402976,9525.083989131013
0.1 m/s,power,41.439737,6782.646238747824
0.1 m/s,power,41.985012,11338.244705420675
0.1 m/s,power,42.028382,12273.768329245913
0.1 m/s,power,42.068828,12137.771212211903
0.1 m/s,power,42.110699,12395.213148631208
0.1 m/s,power,42.157745,12748.121822448984
0.1 m/s,power,42.194704,12170.130360846593
0.1 m/s,power,42.23662,12093.572507741457
0.1 m/s,power,42.278604,12607.514981153106
0.1 m/s,power,42.320516,12965.436899696053
0.1 m/s,power,42.367693,12570.757057552262
0.1 m/s,power,42.404484,12979.188919189059
0.1 m/s,power,42.991589,14085.528353597532
0.1 m/s,power,43.033562,13663.749156069865
0.1 m/s,power,43.075522,14093.572613074371
0.1 m/s,power,43.122735,13928.490585845975
0.1 m/s,power,43.159426,13377.53355443372
0.1 m/s,power,43.201294,13338.010983651197
0.1 m/s,power,43.243296,13708.162313016286
0.1 m/s,power,43.285206,13411.276039214164
0.1 m/s,power,43.328164,13887.252932095678
0.1 m/s,power,43.369108,13393.563006160835
0.1 m/s,power,43.410921,13556.031646466454
0.1 m/s,power,43.999587,13026.375244096109
0.1 m/s,power,44.040163,13308.6918966516
0.1 m/s,power,44.082171,13607.648768247951
0.1 m/s,power,44.128019,13351.652519444926
0.1 m/s,power,44.165996,12775.543589217643
0.1 m/s,power,44.207847,12585.34806828957
0.1 m/s,power,44.251043,13541.197066729366
0.1 m/s,power,44.291905,12519.80530998785
0.1 m/s,power,44.334077,12701.781449859702
0.1 m/s,power,44.375732,12919.87991430261
0.1 m/s,power,44.422977,12667.311356400774
0.1 m/s,power,45.005462,12384.697210670918
0.1 m/s,power,45.046842,13084.23425348232
0.1 m/s,power,45.090836,13784.270746035136
0.1 m/s,power,45.130803,12694.903741265627
0.1 m/s,power,45.184415,12590.228750900438
0.1 m/s,power,45.215226,12634.866441715956
0.1 m/s,power,45.256408,13255.0850996891
0.1 m/s,power,45.29959,12636.376418894777
0.1 m/s,power,45.352002,13197.142114867142
0.1 m/s,power,45.383185,13010.74094738651
0.1 m/s,power,45.424297,12165.437024620202
0.1 m/s,power,46.017999,10194.31827048773
0.1 m/s,power,46.054287,10070.30729421898
0.1 m/s,power,46.095841,10228.57575618424
0.1 m/s,power,46.137973,10226.272830313104
0.1 m/s,power,46.179826,10166.612464336387
0.1 m/s,power,46.222085,9789.735083238973
0.1 m/s,power,46.263971,9818.43134110536
0.1 m/s,power,46.306628,10204.040866245097
0.1 m/s,power,46.347747,10664.9142987649
0.1 m/s,power,46.39009,11008.31145089927
0.1 m/s,power,46.431649,9053.988568581253
0.1 m/s,power,47.019959,10627.00569304449
0.1 m/s,power,47.060973,9877.136528366913
0.1 m/s,power,47.101974,10196.007061590337
0.1 m/s,power,47.143988,10604.032534842583
0.1 m/s,power,47.187334,10915.200776898244
0.1 m/s,power,47.229072,10756.864320051638
0.1 m/s,power,47.269681,10698.170404326154
0.1 m/s,power,47.312006,11369.695334528536
0.1 m/s,power,47.360782,10918.12090059457
0.1 m/s,power,47.396458,10893.9194507762
0.1 m/s,power,47.437766,7878.438741273552
0.1 m/s,power,48.025615,10814.883124657426
0.1 m/s,power,48.066678,10226.163747955534
0.1 m/s,power,48.108853,10943.917260286647
0.1 m/s,power,48.150632,11047.707861814593
0.1 m/s,power,48.192667,10961.684906983963
0.1 m/s,power,48.234609,11000.251815299504
0.1 m/s,power,48.276697,10605.218196718068
0.1 m/s,power,48.319211,11355.566256246319
0.1 m/s,power,48.360945,11705.967751535967
0.1 m/s,power,48.402641,11669.582083348143
0.1 m/s,power,48.990427,14300.456845849367
0.1 m/s,power,49.031472,14393.68041885049
0.1 m/s,power,49.074114,14922.203088016193
0.1 m/s,power,49.119546,15197.210599317232
0.1 m/s,power,49.164983,15202.918798704412
0.1 m/s,power,49.200813,15014.390330612827
0.1 m/s,power,49.241654,15624.634555726416
0.1 m/s,power,49.284193,14923.628647215797
0.1 m/s,power,49.325422,15248.932716751031
0.1 m/s,power,49.367477,15401.127556123933
0.1 m/s,power,49.409687,15953.21923625448
0.1 m/s,power,49.996242,17394.011182013193
0.1 m/s,power,50.037895,17518.147447718322
0.1 m/s,power,50.081297,17264.589887975908
0.1 m/s,power,50.121784,17438.175248574604
0.1 m/s,power,50.166431,17710.22145541947
0.1 m/s,power,50.205856,16651.17188068155
0.1 m/s,power,50.249199,17897.846490569755
0.1 m/s,power,50.289671,17111.67230284638
0.1 m/s,power,50.332562,17554.755139277793
0.1 m/s,power,50.377352,17174.970451211844
0.1 m/s,power,50.416766,16812.128984753836
0.1 m/s,power,51.015109,17536.768716043443
0.1 m/s,power,51.044672,16819.794826334833
0.1 m/s,power,51.086706,17659.04691652412
0.1 m/s,power,51.128486,17209.589681337555
0.1 m/s,power,51.170661,16296.608542884007
0.1 m/s,power,51.213082,16877.764425420803
0.1 m/s,power,51.260312,17264.583690318166
0.1 m/s,power,51.296499,17831.841239759848
0.1 m/s,power,51.343954,16427.728662234473
0.1 m/s,power,51.380273,17320.371272002227
0.1 m/s,power,51.427951,16724.924783089456
0.1 m/s,power,52.009423,14889.356869925577
0.1 m/s,power,52.051258,14292.802279469202
0.1 m/s,power,52.093318,13752.721221634647
0.1 m/s,power,52.141046,13917.761098682504
0.1 m/s,power,52.17721,13694.665421250715
0.1 m/s,power,52.219636,12855.823660893922
0.1 m/s,power,52.261086,12813.125653016908
0.1 m/s,power,52.303693,12532.431527840079
0.1 m/s,power,52.346041,12113.017955901823
0.1 m/s,power,52.392382,12741.394664635422
0.1 m/s,power,52.43382,12100.178593723318
0.1 m/s,power,53.015953,10861.685412494691
0.1 m/s,power,53.057887,10806.800266498867
0.1 m/s,power,53.099744,11207.862329632711
0.1 m/s,power,53.14379,10922.002792528485
0.1 m/s,power,53.183755,10822.709457432551
0.1 m/s,power,53.225638,11260.01798399985
0.1 m/s,power,53.270744,10642.129862015405
0.1 m/s,power,53.310545,10523.2058328249
0.1 m/s,power,53.352757,10805.462044725342
0.1 m/s,power,53.393609,10897.909157264985
0.1 m/s,power,53.444477,8959.10157326057
0.1 m/s,power,54.022713,12792.304092695733
0.1 m/s,power,54.064681,13107.044098499098
0.1 m/s,power,54.106546,13427.163699009556
0.1 m/s,power,54.149986,14321.673819774
0.1 m/s,power,54.19689,13784.812657413955
0.1 m/s,power,54.232626,14634.28665839234
0.1 m/s,power,54.274349,13992.249640425945
0.1 m/s,power,54.317052,15134.955863827288
0.1 m/s,power,54.359468,15838.890017927393
0.1 m/s,power,54.400231,15503.623898946982
0.1 m/s,power,54.993394,18767.64654931459
0.1 m/s,power,55.029305,19564.175142336055
0.1 m/s,power,55.071189,20049.41500393465
0.1 m/s,power,55.113154,20056.679934625274
0.1 m/s,power,55.155012,20080.092629268423
0.1 m/s,power,55.19745,19492.72130822169
0.1 m/s,power,55.239258,19879.886216978208
0.1 m/s,power,55.281314,20005.66199854431
0.1 m/s,power,55.322591,20092.014856653874
0.1 m/s,power,55.365098,19968.568301207775
0.1 m/s,power,55.406992,20095.19489828352
0.1 m/s,power,55.993946,18332.070941385755
0.1 m/s,power,56.035933,19194.413041299285
0.1 m/s,power,56.077904,18226.164187782353
0.1 m/s,power,56.119741,18255.2821123093
0.1 m/s,power,56.161769,18593.59634390292
0.1 m/s,power,56.203897,17804.914967502653
0.1 m/s,power,56.245591,18000.46402179677
0.1 m/s,power,56.287546,16966.21165729109
0.1 m/s,power,56.331017,16801.834721243988
0.1 m/s,power,56.371822,16944.092923494016
0.1 m/s,power,56.41356,17140.09247349617
0.1 m/s,power,57.000964,12636.098329785187
0.1 m/s,power,57.043193,13681.31006154016
0.1 m/s,power,57.085179,13823.633820381672
0.1 m/s,power,57.127208,13803.514407570268
0.1 m/s,power,57.169433,14219.572004810832
0.1 m/s,power,57.210401,14784.57642274543
0.1 m/s,power,57.251977,14928.745593652535
0.1 m/s,power,57.294299,15276.053056990866
0.1 m/s,power,57.335879,16444.110951948725
0.1 m/s,power,57.377753,17101.494963891313
0.1 m/s,power,57.419835,18087.39995134735
0.1 m/s,power,58.007155,21761.90124966107
0.1 m/s,power,58.049115,20673.98287703654
0.1 m/s,power,58.091068,20790.598091445085
0.1 m/s,power,58.132962,21763.224944846756
0.1 m/s,power,58.174847,20057.64106269728
0.1 m/s,power,58.216915,20485.18811238989
0.1 m/s,power,58.258763,21568.88659620612
0.1 m/s,power,58.300696,20639.608765671892
0.1 m/s,power,58.342768,20738.40519422841
0.1 m/s,power,58.384632,20786.84980943481
0.1 m/s,power,58.427681,20718.621792966827
0.1 m/s,power,59.025324,17943.71937475617
0.1 m/s,power,59.055979,16591.80041466266
0.1 m/s,power,59.09812,17058.87698531178
0.1 m/s,power,59.140345,16363.34027636167
0.1 m/s,power,59.182789,15809.927071305548
0.1 m/s,power,59.223604,15162.1187503594
0.1 m/s,power,59.265832,15039.928523766328
0.1 m/s,power,59.307784,14710.277393713553
0.1 m/s,power,59.349726,14090.467167556937
0.1 m/s,power,59.39292,15504.808092975547
0.1 m/s,power,59.433769,11538.972657910237
0.1 m/s,power,60.022787,18366.283592496333
0.1 m/s,power,60.062404,18484.695209821555
0.1 m/s,power,60.104377,20502.276946719845
0.1 m/s,power,60.153245,19297.29413674363
0.1 m/s,power,60.189083,19503.77399376849
0.1 m/s,power,60.232845,20720.40735603429
0.1 m/s,power,60.27291,20676.330066044116
0.1 m/s,power,60.314832,20353.80664642366
0.1 m/s,power,60.365357,21580.293093468405
0.1 m/s,power,60.398458,21475.96388989328
0.1 m/s,power,60.991426,19541.719704263494
0.1 m/s,power,61.027986,19676.457938358722
0.1 m/s,power,61.069555,19573.630015916824
0.1 m/s,power,61.111567,18257.428323835753
0.1 m/s,power,61.155458,17919.72614188063
0.1 m/s,power,61.194809,17106.471903931568
0.1 m/s,power,61.236901,16224.350742017383
0.1 m/s,power,61.278783,16650.123032578467
0.1 m/s,power,61.326165,16434.6552443305
0.1 m/s,power,61.362677,16870.35141898354
0.1 m/s,power,61.404578,16044.72530148148
0.1 m/s,power,61.996407,16167.481962259924
0.1 m/s,power,62.033781,16474.808162767786
0.1 m/s,power,62.075673,17333.263541526157
0.1 m/s,power,62.117641,17780.026012354425
0.1 m/s,power,62.159595,17592.93395087926
0.1 m/s,power,62.201433,18327.426442356824
0.1 m/s,power,62.244653,19094.38351976832
0.1 m/s,power,62.290211,19301.606798398934
0.1 m/s,power,62.328366,19292.9645726104
0.1 m/s,power,62.37019,20517.303940820293
0.1 m/s,power,62.412018,21434.336425464633
0.1 m/s,power,63.003726,23740.999578787745
0.1 m/s,power,63.040538,23393.060509475883
0.1 m/s,power,63.08235,23171.860261964295
0.1 m/s,power,63.124272,23756.009871188384
0.1 m/s,power,63.166194,23393.34958914606
0.1 m/s,power,63.208149,22827.29456155503
0.1 m/s,power,63.250089,23369.747709378466
0.1 m/s,power,63.292021,23621.403175933472
0.1 m/s,power,63.335271,21724.432627804115
0.1 m/s,power,63.375824,21737.44391597135
0.1 m/s,power,63.417784,22238.09688350152
0.1 m/s,power,64.005123,15716.999268308185
0.1 m/s,power,64.047095,16711.605697837655
0.1 m/s,power,64.090206,16116.891325562756
0.1 m/s,power,64.132486,15996.854222002525
0.1 m/s,power,64.172806,15817.1783197889
0.1 m/s,power,64.214713,16535.49627316943
0.1 m/s,power,64.257565,16526.734281157907
0.1 m/s,power,64.299041,16158.895413981738
0.1 m/s,power,64.340643,16464.187347087616
0.1 m/s,power,64.382605,16548.996011843134
0.1 m/s,power,64.424565,16863.046729461435
0.1 m/s,power,65.011807,21321.459917182034
0.1 m/s,power,65.053697,21019.700330880074
0.1 m/s,power,65.095757,22209.89221045433
0.1 m/s,power,65.137784,22260.922375319493
0.1 m/s,power,65.179568,22061.301162896085
0.1 m/s,power,65.221403,23243.69628522968
0.1 m/s,power,65.263462,23837.253973559957
0.1 m/s,power,65.305278,23826.091937201956
0.1 m/s,power,65.347339,23876.83467296283
0.1 m/s,power,65.389187,24270.962753875254
0.1 m/s,power,65.431205,21818.594638518767
0.1 m/s,power,66.023409,22672.237339971547
0.1 m/s,power,66.061282,23575.003054082517
0.1 m/s,power,66.102194,22953.201301779238
0.1 m/s,power,66.144186,22377.074808830577
0.1 m/s,power,66.1861,22321.5731748459
0.1 m/s,power,66.229413,22564.16672514188
0.1 m/s,power,66.27131,21811.96006781601
0.1 m/s,power,66.311892,20497.637132118423
0.1 m/s,power,66.353841,20983.24000244004
0.1 m/s,power,66.395779,21464.819076805656
0.1 m/s,power,66.983186,19015.71720971891
0.1 m/s,power,67.024823,18678.25141708934
0.1 m/s,power,67.066831,19074.47627066075
0.1 m/s,power,67.108902,19272.64665270445
0.1 m/s,power,67.150799,18005.388221307534
0.1 m/s,power,67.192744,18007.438518567822
0.1 m/s,power,67.234721,17978.76402870898
0.1 m/s,power,67.27671,18317.714731920027
0.1 m/s,power,67.318664,16968.86018564594
0.1 m/s,power,67.361169,18823.389838177394
0.1 m/s,power,67.403062,18667.57898068199
0.1 m/s,power,67.991047,20074.167703792853
0.1 m/s,power,68.032998,19449.414721271176
0.1 m/s,power,68.073702,20135.18552186694
0.1 m/s,power,68.115451,20906.550767642184
0.1 m/s,power,68.157406,20841.812061334782
0.1 m/s,power,68.199457,21276.28543707759
0.1 m/s,power,68.241344,21593.753031837703
0.1 m/s,power,68.288341,22273.391681555822
0.1 m/s,power,68.326225,21705.183943012325
0.1 m/s,power,68.36715,22292.715626410347
0.1 m/s,power,68.409042,22160.768623854183
0.1 m/s,power,68.996318,25265.22014548854
0.1 m/s,power,69.046854,25936.614601755566
0.1 m/s,power,69.081377,27224.013554213496
0.1 m/s,power,69.122223,26675.632419869635
0.1 m/s,power,69.164135,26350.139012916043
0.1 m/s,power,69.207334,27058.03795547637
0.1 m/s,power,69.24792,26181.278826673075
0.1 m/s,power,69.289935,25895.047402930162
0.1 m/s,power,69.331813,26423.447958205605
0.1 m/s,power,69.37374,26936.365103703207
0.1 m/s,power,69.415807,27258.791829426333
0.1 m/s,power,70.002877,26594.1445622904
0.1 m/s,power,70.044763,28038.78465625784
0.1 m/s,power,70.088198,27546.811648537474
0.1 m/s,power,70.128656,28045.77543944899
0.1 m/s,power,70.170752,26439.238604770748
0.1 m/s,power,70.212742,26457.87856197091
0.1 m/s,power,70.254614,27829.31997013222
0.1 m/s,power,70.296557,26770.09454596677
0.1 m/s,power,70.343901,27317.967072972322
0.1 m/s,power,70.381496,27447.38738022255
0.1 m/s,power,70.422364,26949.73636234685
0.1 m/s,power,71.009573,25814.26590085412
0.1 m/s,power,71.051528,25522.063944751804
0.1 m/s,power,71.093414,25341.469333880388
0.1 m/s,power,71.136807,24657.250961938153
0.1 m/s,power,71.177335,24613.41138485277
0.1 m/s,power,71.219273,25036.637653646707
0.1 m/s,power,71.2626,24747.1193071032
0.1 m/s,power,71.303147,24036.43642472819
0.1 m/s,power,71.345053,24937.461779419333
0.1 m/s,power,71.388222,24412.3485351164
0.1 m/s,power,71.42891,21792.702723618288
0.1 m/s,power,72.016207,23491.68306018111
0.1 m/s,power,72.059636,23384.630550855407
0.1 m/s,power,72.101062,23617.02847523371
0.1 m/s,power,72.142091,23388.556261556634
0.1 m/s,power,72.183931,24849.385103056375
0.1 m/s,power,72.225975,24321.954793971636
0.1 m/s,power,72.267843,23895.686849304
0.1 m/s,power,72.309779,24642.588581559365
0.1 m/s,power,72.351727,24596.098572741168
0.1 m/s,power,72.398913,24725.9292444187
0.1 m/s,power,72.435625,18512.686082791985
0.1 m/s,power,72.980832,23104.903462252336
0.1 m/s,power,73.022732,23019.860577336258
0.1 m/s,power,73.06473,23776.395437492203
0.1 m/s,power,73.106734,23724.138129761428
0.1 m/s,power,73.153735,23450.91104840066
0.1 m/s,power,73.190757,23735.22329787525
0.1 m/s,power,73.2326,23547.13114160619
0.1 m/s,power,73.27442,23699.64246565758
0.1 m/s,power,73.316399,23477.66481147561
0.1 m/s,power,73.358428,23729.301801780854
0.1 m/s,power,73.40029,24302.11747975884
0.1 m/s,power,73.987725,23835.78370853369
0.1 m/s,power,74.029462,23921.543303056347
0.1 m/s,power,74.072758,24257.028507218274
0.1 m/s,power,74.113351,25078.556617158014
0.1 m/s,power,74.155253,24619.92238005636
0.1 m/s,power,74.19722,23748.370154602188
0.1 m/s,power,74.239257,24867.74249906895
0.1 m/s,power,74.281059,25662.21073874969
0.1 m/s,power,74.324451,25000.937922406036
0.1 m/s,power,74.365029,25093.259513263714
0.1 m/s,power,74.406847,24989.49863442642
0.1 m/s,power,74.994153,25224.895361527273
0.1 m/s,power,75.036105,26867.79665324271
0.1 m/s,power,75.078025,26278.180797003435
0.1 m/s,power,75.11985,26972.076245628552
0.1 m/s,power,75.161875,26360.518697476346
0.1 m/s,power,75.203814,26428.91965253215
0.1 m/s,power,75.24576,27127.38785803012
0.1 m/s,power,75.289189,27037.210377551895
0.1 m/s,power,75.330004,27226.594810956438
0.1 m/s,power,75.371734,27094.39080326406
0.1 m/s,power,75.413813,27818.149650902375
0.1 m/s,power,76.000754,27695.888864595046
0.1 m/s,power,76.042731,28877.010388888943
0.1 m/s,power,76.084655,29977.2855342174
0.1 m/s,power,76.12828,30194.416520277387
0.1 m/s,power,76.168687,29191.218713852973
0.1 m/s,power,76.210498,29123.167633346482
0.1 m/s,power,76.253802,30245.200032401834
0.1 m/s,power,76.294446,30016.542006033942
0.1 m/s,power,76.337178,29597.530741600727
0.1 m/s,power,76.381072,30140.42841434076
0.1 m/s,power,76.422911,29806.958281582505
0.1 m/s,power,77.007402,31880.129108897912
0.1 m/s,power,77.04941,32245.72661609597
0.1 m/s,power,77.091259,31606.846489328862
0.1 m/s,power,77.133224,32217.033134663412
0.1 m/s,power,77.175174,31761.188453834657
0.1 m/s,power,77.218578,32416.780854983117
0.1 m/s,power,77.25911,32875.390491977436
0.1 m/s,power,77.301134,32556.64179549236
0.1 m/s,power,77.342885,33465.000732108165
0.1 m/s,power,77.384803,32513.45336933621
0.1 m/s,power,77.426878,31732.475746465167
0.1 m/s,power,78.01398,33606.730769296795
0.1 m/s,power,78.056014,33818.804000141696
0.1 m/s,power,78.097823,33481.80050415449
0.1 m/s,power,78.139775,33595.68094264499
0.1 m/s,power,78.181851,33672.438729619804
0.1 m/s,power,78.223705,33694.77897241648
0.1 m/s,power,78.26573,33549.473811074895
0.1 m/s,power,78.307673,33545.18042878887
0.1 m/s,power,78.349654,34291.68394815279
0.1 m/s,power,78.391558,34178.42202325906
0.1 m/s,power,78.433684,27630.200741217934
0.1 m/s,power,78.978735,32793.99707263511
0.1 m/s,power,79.021133,33104.43844864311
0.1 m/s,power,79.063195,33196.97651895426
0.1 m/s,power,79.104774,33278.851813126006
0.1 m/s,power,79.146649,32828.198518956226
0.1 m/s,power,79.188295,33439.88099560165
0.1 m/s,power,79.230616,32432.10713166815
0.1 m/s,power,79.273668,33360.40600772118
0.1 m/s,power,79.316435,33201.570143594116
0.1 m/s,power,79.358626,33731.66335952023
0.1 m/s,power,79.409252,33042.101930718636
0.1 m/s,power,79.987245,30635.62361043104
0.1 m/s,power,80.027893,30657.338517881817
0.1 m/s,power,80.070035,30407.40970553066
0.1 m/s,power,80.112007,30983.929528063414
0.1 m/s,power,80.163455,30577.122199448397
0.1 m/s,power,80.195858,29374.20885743138
0.1 m/s,power,80.238689,30405.625433462144
0.1 m/s,power,80.280141,30032.314679358296
0.1 m/s,power,80.321624,30624.38748775231
0.1 m/s,power,80.365573,29983.790237393267
0.1 m/s,power,80.405603,30691.45276783098
0.1 m/s,power,80.993308,27238.190027973593
0.1 m/s,power,81.035288,28218.212647153967
0.1 m/s,power,81.077177,28551.36313733549
0.1 m/s,power,81.117822,28418.75313943242
0.1 m/s,power,81.159804,28183.350350872053
0.1 m/s,power,81.201759,28703.51901770931
0.1 m/s,power,81.243742,28753.809695412536
0.1 m/s,power,81.285608,28876.20461556539
0.1 m/s,power,81.328972,29460.840873946556
0.1 m/s,power,81.369616,29287.78970834092
0.1 m/s,power,81.411493,28714.212508790835
0.1 m/s,power,81.999169,29912.365469818662
0.1 m/s,power,82.047039,30175.97030751455
0.1 m/s,power,82.082594,30991.07423113952
0.1 m/s,power,82.124692,32437.82489625345
0.1 m/s,power,82.166599,31227.473112629526
0.1 m/s,power,82.208458,32607.477930683322
0.1 m/s,power,82.250373,32680.859367525816
0.1 m/s,power,82.292849,32040.439525699392
0.1 m/s,power,82.33572,32030.464951355294
0.1 m/s,power,82.377151,33073.433220637984
0.1 m/s,power,82.418613,32306.97486611831
0.1 m/s,power,83.005532,34890.49578323587
0.1 m/s,power,83.053476,34726.19191618914
0.1 m/s,power,83.089278,35967.939168098026
0.1 m/s,power,83.131261,35156.55462356913
0.1 m/s,power,83.174163,35045.3444839682
0.1 m/s,power,83.217629,36285.23094869316
0.1 m/s,power,83.258764,36334.84400682078
0.1 m/s,power,83.298678,35740.443380014185
0.1 m/s,power,83.341743,36878.25962542159
0.1 m/s,power,83.3831,35970.55331795718
0.1 m/s,power,83.424869,35647.49340416518
0.1 m/s,power,84.011854,37014.883087752685
0.1 m/s,power,84.053836,37030.33001473251
0.1 m/s,power,84.101361,37463.67313812141
0.1 m/s,power,84.138291,36378.5774598183
0.1 m/s,power,84.179873,36403.99741786608
0.1 m/s,power,84.222559,35323.002378053876
0.1 m/s,power,84.264995,35744.45273045875
0.1 m/s,power,84.305608,35117.2340881226
0.1 m/s,power,84.347555,35491.830750188135
0.1 m/s,power,84.389782,34482.97208768409
0.1 m/s,power,84.43291,30343.791737355434
0.1 m/s,power,84.976497,30890.56498350265
0.1 m/s,power,85.018648,31063.05369727838
0.1 m/s,power,85.065868,31238.63460524483
0.1 m/s,power,85.102462,31897.53059407577
0.1 m/s,power,85.144483,31288.066638896053
0.1 m/s,power,85.186254,30832.524856067168
0.1 m/s,power,85.231413,31004.35222674391
0.1 m/s,power,85.270076,31671.105443290104
0.1 m/s,power,85.312749,31746.76331533657
0.1 m/s,power,85.355166,32322.036631375817
0.1 m/s,power,85.396072,32529.019490295126
0.1 m/s,power,85.983379,34370.31133114741
0.1 m/s,power,86.025194,34767.09434220812
0.1 m/s,power,86.067195,34463.164233714815
0.1 m/s,power,86.114989,35815.407438698785
0.1 m/s,power,86.151448,35095.35356710343
0.1 m/s,power,86.192698,35648.504442683145
0.1 m/s,power,86.235277,35841.55131966249
0.1 m/s,power,86.277741,35315.61457769071
0.1 m/s,power,86.319416,35767.129099216225
0.1 m/s,power,86.361905,36502.34486988473
0.1 m/s,power,86.403354,37286.3641161216
0.1 m/s,power,86.990056,38002.17158268722
0.1 m/s,power,87.032118,39121.6178729868
0.1 m/s,power,87.074716,39196.14401953335
0.1 m/s,power,87.115694,40060.5487855571
0.1 m/s,power,87.157781,39250.03267514564
0.1 m/s,power,87.201057,39917.448878905074
0.1 m/s,power,87.241606,39812.734495384764
0.1 m/s,power,87.283472,40156.702678382346
0.1 m/s,power,87.326586,39605.94866936026
0.1 m/s,power,87.368739,40130.65842968441
0.1 m/s,power,87.409271,39920.64618715483
0.1 m/s,power,87.996946,35902.451963619416
0.1 m/s,power,88.039198,35328.848834911114
0.1 m/s,power,88.080525,35753.05866635749
0.1 m/s,power,88.123171,35573.42775162383
0.1 m/s,power,88.167117,35456.18459451045
0.1 m/s,power,88.206994,34662.30299619458
0.1 m/s,power,88.248103,34708.41295709154
0.1 m/s,power,88.290871,33632.087357165336
0.1 m/s,power,88.336354,33612.76104398447
0.1 m/s,power,88.375497,34290.82682001121
0.1 m/s,power,88.416098,33348.829304789695
0.1 m/s,power,89.003477,33022.820140018324
0.1 m/s,power,89.045694,34444.888343555416
0.1 m/s,power,89.087715,34594.14790105401
0.1 m/s,power,89.134585,34979.66066159019
0.1 m/s,power,89.170876,34778.45610431838
0.1 m/s,power,89.213158,34646.72801290188
0.1 m/s,power,89.254896,36182.64900473706
0.1 m/s,power,89.2982,35504.07217489284
0.1 m/s,power,89.342217,36341.611411713704
0.1 m/s,power,89.381464,36187.767767575824
0.1 m/s,power,89.423214,36862.70076920572
0.1 m/s,power,90.009849,38729.58956663496
0.1 m/s,power,90.053322,40061.028768617514
0.1 m/s,power,90.094574,40840.11631961888
0.1 m/s,power,90.136099,40900.17326369168
0.1 m/s,power,90.177606,39677.04390450478
0.1 m/s,power,90.219866,40442.03323276415
0.1 m/s,power,90.262445,40904.5520816449
0.1 m/s,power,90.303668,39579.70319494577
0.1 m/s,power,90.345732,40789.81084780855
0.1 m/s,power,90.387452,40845.25492636813
0.1 m/s,power,90.430012,38009.97432253802
0.1 m/s,power,91.016544,41755.160830728455
0.1 m/s,power,91.059012,40396.18948613842
0.1 m/s,power,91.102969,40993.138791753925
0.1 m/s,power,91.142694,41005.83726739402
0.1 m/s,power,91.184887,40759.69539876372
0.1 m/s,power,91.226366,40386.754672788455
0.1 m/s,power,91.268288,40269.098475133505
0.1 m/s,power,91.310033,39752.407851600634
0.1 m/s,power,91.353268,40175.07849401168
0.1 m/s,power,91.393733,40236.91470528027
0.1 m/s,power,91.98167,39814.1338973988
0.1 m/s,power,92.023656,39063.27269955757
0.1 m/s,power,92.065683,38853.875083445666
0.1 m/s,power,92.107976,39828.47074643966
0.1 m/s,power,92.149324,39216.922316775446
0.1 m/s,power,92.191206,40921.36776795224
0.1 m/s,power,92.233057,40199.05910590445
0.1 m/s,power,92.275459,40539.77414835954
0.1 m/s,power,92.316892,41134.51564076086
0.1 m/s,power,92.358742,40743.50137138437
0.1 m/s,power,92.400728,41467.27473562737
0.1 m/s,power,92.989249,38443.13672165683
0.1 m/s,power,93.030595,38332.06761968365
0.1 m/s,power,93.072492,38391.93723947777
0.1 m/s,power,93.114472,38499.766674617655
0.1 m/s,power,93.156273,37599.42468974758
0.1 m/s,power,93.198233,37786.77297679705
0.1 m/s,power,93.240113,37346.1038931774
0.1 m/s,power,93.282137,38451.65302038392
0.1 m/s,power,93.324427,37970.38083822705
0.1 m/s,power,93.365234,38786.774988390054
0.1 m/s,power,93.409569,38936.99631455924
0.1 m/s,power,93.994616,36719.14940463627
0.1 m/s,power,94.037861,36803.34230745898
0.1 m/s,power,94.079828,36562.8053765025
0.1 m/s,power,94.121769,37422.07532994396
0.1 m/s,power,94.162709,36600.33379629208
0.1 m/s,power,94.20462,35998.61177878947
0.1 m/s,power,94.246556,36220.796512500936
0.1 m/s,power,94.291309,37309.86531736613
0.1 m/s,power,94.330089,36808.32358312451
0.1 m/s,power,94.372325,36062.10444497104
0.1 m/s,power,94.413637,37030.773270349084
0.1 m/s,power,95.002015,35732.90931340464
0.1 m/s,power,95.043475,36296.51600360563
0.1 m/s,power,95.085299,37886.27314740788
0.1 m/s,power,95.127843,37767.50711921559
0.1 m/s,power,95.16906,37064.81263948328
0.1 m/s,power,95.21169,37510.583586502624
0.1 m/s,power,95.252802,37225.52460342231
0.1 m/s,power,95.295122,36648.64466798193
0.1 m/s,power,95.336741,36776.74159030405
0.1 m/s,power,95.378571,37855.82335651941
0.1 m/s,power,95.420548,37816.10330269368
0.1 m/s,power,96.007999,39117.49630280547
0.1 m/s,power,96.049706,39675.97652232393
0.1 m/s,power,96.09198,39825.26485787634
0.1 m/s,power,96.133553,40176.52812277338
0.1 m/s,power,96.175385,39781.307218340626
0.1 m/s,power,96.217408,40240.33421829396
0.1 m/s,power,96.259411,39889.800112309415
0.1 m/s,power,96.301193,39348.37036015596
0.1 m/s,power,96.343097,40340.17640020926
0.1 m/s,power,96.386543,40356.78447299784
0.1 m/s,power,96.428551,38599.60078809106
0.1 m/s,power,97.015554,40645.41598999819
0.1 m/s,power,97.056329,42067.246463252144
0.1 m/s,power,97.098632,41710.88016333388
0.1 m/s,power,97.139866,42596.51362494354
0.1 m/s,power,97.182233,42574.01419880441
0.1 m/s,power,97.224179,41588.234417921616
0.1 m/s,power,97.267548,43953.179384431336
0.1 m/s,power,97.309119,42793.74819994154
0.1 m/s,power,97.349954,43722.59627469531
0.1 m/s,power,97.391923,44100.394884853355
0.1 m/s,power,97.97888,45263.75610795021
0.1 m/s,power,98.020833,45912.06921932402
0.1 m/s,power,98.062766,45358.6752011123
0.1 m/s,power,98.104705,46286.63275720108
0.1 m/s,power,98.146743,44921.38934850524
0.1 m/s,power,98.188712,44623.20853546952
0.1 m/s,power,98.230619,44788.910792739756
0.1 m/s,power,98.273905,44962.194430432326
0.1 m/s,power,98.314608,45304.00937003258
0.1 m/s,power,98.35644,45433.12034188275
0.1 m/s,power,98.398454,45412.65594523183
0.1 m/s,power,98.985588,45316.695345093285
0.1 m/s,power,99.027882,46476.25183897685
0.1 m/s,power,99.070883,46009.41314557272
0.1 m/s,power,99.112134,47058.29555986915
0.1 m/s,power,99.153313,47226.76804525162
0.1 m/s,power,99.195305,47023.50656852379
0.1 m/s,power,99.237221,47082.68813481236
0.1 m/s,power,99.279257,47385.056737330175
0.1 m/s,power,99.321183,47387.088294175664
0.1 m/s,power,99.363026,48593.764918968765
0.1 m/s,power,99.404892,47894.95507879718
0.1 m/s,power,99.992212,47182.34220553279
0.1 m/s,power,100.03476,47943.37695657243
0.1 m/s,power,100.076092,47595.18434673827
0.1 m/s,power,100.11797,49009.33805919031
0.1 m/s,power,100.159868,47459.4315178764
0.1 m/s,power,100.201972,48236.883813115455
0.1 m/s,power,100.243806,47931.87842135962
0.1 m/s,power,100.285783,47411.480940801666
0.1 m/s,power,100.329093,47054.72297230109
0.1 m/s,power,100.369714,48022.11544694798
0.1 m/s,power,100.411725,48424.129790838786
0.1 m/s,power,101.000254,45467.74021215482
0.1 m/s,power,101.040779,45641.22982567407
0.1 m/s,power,101.08275,46577.51475765962
0.1 m/s,power,101.124716,45491.74093173397
0.1 m/s,power,101.166806,45816.21914780835
0.1 m/s,power,101.209703,46419.98026712205
0.1 m/s,power,101.250546,45990.58174235242
0.1 m/s,power,101.292503,46308.17674018272
0.1 m/s,power,101.334455,45793.97934226725
0.1 m/s,power,101.376392,46696.516015651534
0.1 m/s,power,101.418307,46406.492864684355
0.1 m/s,power,102.00558,48129.85354226625
0.1 m/s,power,102.047498,48200.56228925136
0.1 m/s,power,102.090769,48180.21521330099
0.1 m/s,power,102.131404,48973.91489354308
0.1 m/s,power,102.173265,46944.12130395029
0.1 m/s,power,102.215162,47865.68468119933
0.1 m/s,power,102.25709,48229.330370636504
0.1 m/s,power,102.29913,48128.050126719245
0.1 m/s,power,102.340933,48498.3411056502
0.1 m/s,power,102.38289,47615.83402608843
0.1 m/s,power,102.424909,48785.72514578419
0.1 m/s,power,103.012473,46154.36295736298
0.1 m/s,power,103.056151,46841.58760119046
0.1 m/s,power,103.09625,46470.43991614454
0.1 m/s,power,103.138575,47968.94871685224
0.1 m/s,power,103.180067,46649.30878373226
0.1 m/s,power,103.222839,45978.51886479163
0.1 m/s,power,103.263934,46653.701675215445
0.1 m/s,power,103.306236,46005.01260732356
0.1 m/s,power,103.348098,47097.9256655747
0.1 m/s,power,103.390832,46027.92223205388
0.1 m/s,power,103.976803,44772.20826584277
0.1 m/s,power,104.018758,44880.59415827737
0.1 m/s,power,104.060683,44253.19948885052
0.1 m/s,power,104.102637,44742.511071686626
0.1 m/s,power,104.14458,44233.41203208272
0.1 m/s,power,104.187692,44725.507900973025
0.1 m/s,power,104.22925,43892.286725574
0.1 m/s,power,104.271604,43847.46362105795
0.1 m/s,power,104.312242,45123.70703964824
0.1 m/s,power,104.354865,44642.582407383205
0.1 m/s,power,104.396112,44364.33726542075
0.1 m/s,power,104.984031,44554.77959770421
0.1 m/s,power,105.025848,44358.870770117675
0.1 m/s,power,105.070222,44169.884401026
0.1 m/s,power,105.109492,45082.786659655365
0.1 m/s,power,105.153069,45388.61611681942
0.1 m/s,power,105.195054,44535.06758723961
0.1 m/s,power,105.235848,44215.63535673779
0.1 m/s,power,105.277889,44501.673642684495
0.1 m/s,power,105.319875,44713.34923711262
0.1 m/s,power,105.361274,44844.754721148835
0.1 m/s,power,105.403166,44681.02277253733
0.1 m/s,power,105.990869,44199.73625486921
0.1 m/s,power,106.032037,44823.02937107219
0.1 m/s,power,106.073872,44976.257292042435
0.1 m/s,power,106.115843,45118.98369866059
0.1 m/s,power,106.157748,44817.3099594342
0.1 m/s,power,106.200038,45102.08944162121
0.1 m/s,power,106.243187,44681.87732179569
0.1 m/s,power,106.286312,44870.45624907329
0.1 m/s,power,106.325835,44741.174682835495
0.1 m/s,power,106.367745,45464.61657157134
0.1 m/s,power,106.409736,45480.87322160823
0.1 m/s,power,106.996868,45731.29218598574
0.1 m/s,power,107.038677,46296.57622330187
0.1 m/s,power,107.080595,46857.25943757274
0.1 m/s,power,107.122581,45928.69360214811
0.1 m/s,power,107.164501,45775.504508415856
0.1 m/s,power,107.206488,45866.22719387327
0.1 m/s,power,107.24829,45574.76988422431
0.1 m/s,power,107.29033,44922.464146571474
0.1 m/s,power,107.333696,45033.55238041965
0.1 m/s,power,107.374168,45545.949161259115
0.1 m/s,power,107.416149,45377.83451201699
0.1 m/s,power,108.003841,45414.43428030344
0.1 m/s,power,108.045339,46203.57555427934
0.1 m/s,power,108.08718,46843.69861571565
0.1 m/s,power,108.131844,46417.97102416261
0.1 m/s,power,108.172437,46167.4880624883
0.1 m/s,power,108.214449,45997.010478943084
0.1 m/s,power,108.25501,46608.98012186064
0.1 m/s,power,108.297523,45464.46403511208
0.1 m/s,power,108.339387,45835.67467595519
0.1 m/s,power,108.380757,46947.56165127216
0.1 m/s,power,108.427353,46589.20455427416
0.1 m/s,power,109.010106,47946.985932381605
0.1 m/s,power,109.052086,49055.75714429449
0.1 m/s,power,109.094041,50080.192062331385
0.1 m/s,power,109.137116,50175.1057896244
0.1 m/s,power,109.178834,49268.56524194712
0.1 m/s,power,109.22323,49799.324543612034
0.1 m/s,power,109.261885,49683.427830615714
0.1 m/s,power,109.304605,49179.3510022245
0.1 m/s,power,109.347613,49554.8819492086
0.1 m/s,power,109.39016,51310.37805356729
0.1 m/s,power,109.431171,45794.8922151805
0.1 m/s,power,109.975226,51752.155220821485
0.1 m/s,power,110.016632,51991.658561734694
0.1 m/s,power,110.058479,52678.741708586786
0.1 m/s,power,110.100453,52700.71104833406
0.1 m/s,power,110.142431,53242.790403959865
0.1 m/s,power,110.184371,53504.24416810315
0.1 m/s,power,110.227713,52836.57475650744
0.1 m/s,power,110.268381,53556.69075848507
0.1 m/s,power,110.315336,53195.79066993929
0.1 m/s,power,110.352306,54368.61095338008
0.1 m/s,power,110.394129,54465.84530694443
0.1 m/s,power,110.981292,52199.6155158254
0.1 m/s,power,111.023291,51267.93526172085
0.1 m/s,power,111.065195,51717.820497387554
0.1 m/s,power,111.10708,52335.16547217559
0.1 m/s,power,111.149273,51624.2348224165
0.1 m/s,power,111.191497,50751.967695844076
0.1 m/s,power,111.233779,50549.48265808464
0.1 m/s,power,111.27574,50966.40407170198
0.1 m/s,power,111.316799,50821.69379310375
0.1 m/s,power,111.363077,50490.642113167865
0.1 m/s,power,111.400788,51453.495751017734
0.1 m/s,power,111.989462,49176.46209315998
0.1 m/s,power,112.031435,49702.55076955306
0.1 m/s,power,112.071802,49703.85772754465
0.1 m/s,power,112.113687,50415.84290676889
0.1 m/s,power,112.155705,49145.70077839973
0.1 m/s,power,112.197645,48164.19621461569
0.1 m/s,power,112.239543,47869.12198902336
0.1 m/s,power,112.281449,48028.370719815175
0.1 m/s,power,112.323392,47805.440234349895
0.1 m/s,power,112.365405,48539.66876689622
0.1 m/s,power,112.407314,48051.42363135561
0.1 m/s,power,112.996193,47010.91634929062
0.1 m/s,power,113.036623,48082.04895800511
0.1 m/s,power,113.078418,47810.80439607767
0.1 m/s,power,113.120369,49090.92862230251
0.1 m/s,power,113.162307,47196.73290599678
0.1 m/s,power,113.204178,47771.95179182027
0.1 m/s,power,113.247596,48667.90393061941
0.1 m/s,power,113.289528,48320.707910791214
0.1 m/s,power,113.330138,48620.06146643585
0.1 m/s,power,113.371949,49558.808712478145
0.1 m/s,power,113.413909,49081.14086897329
0.1 m/s,power,114.001193,51157.34989226866
0.1 m/s,power,114.043129,52734.293709122525
0.1 m/s,power,114.086259,53217.98629223018
0.1 m/s,power,114.128141,53723.09306992665
0.1 m/s,power,114.168864,52760.98957563249
0.1 m/s,power,114.211286,53458.97676723714
0.1 m/s,power,114.252905,54242.70572159911
0.1 m/s,power,114.294939,54290.21539835701
0.1 m/s,power,114.336815,54292.063186068
0.1 m/s,power,114.378759,55575.53772119529
0.1 m/s,power,114.420641,54562.00008247498
0.1 m/s,power,115.007724,54819.93493246777
0.1 m/s,power,115.049714,55929.32090594342
0.1 m/s,power,115.091708,54827.55352922471
0.1 m/s,power,115.133649,54868.63821893159
0.1 m/s,power,115.175634,54230.646575529594
0.1 m/s,power,115.217558,54257.01559245588
0.1 m/s,power,115.259426,54069.06632262111
0.1 m/s,power,115.301418,52795.86496118802
0.1 m/s,power,115.343358,53566.9529654245
0.1 m/s,power,115.385236,52679.9285971422
0.1 m/s,power,115.429002,50379.396145646686
0.1 m/s,power,115.972496,48247.95035024804
0.1 m/s,power,116.014434,48114.69622682866
0.1 m/s,power,116.056466,47841.74701032561
0.1 m/s,power,116.102632,49124.89195916873
0.1 m/s,power,116.140426,48400.819259595184
0.1 m/s,power,116.182242,48731.738579697725
0.1 m/s,power,116.22415,48146.374204087275
0.1 m/s,power,116.266073,48654.14865147678
0.1 m/s,power,116.307993,48984.2361990059
0.1 m/s,power,116.349873,49729.52002583576
0.1 m/s,power,116.391799,50107.848047985455
0.1 m/s,power,116.979185,54404.19374460024
0.1 m/s,power,117.02107,55087.634401923635
0.1 m/s,power,117.063141,55312.24909547613
0.1 m/s,power,117.104814,56285.11151272599
0.1 m/s,power,117.148768,55667.8719999247
0.1 m/s,power,117.190175,55577.45917186211
0.1 m/s,power,117.230771,55608.41048798284
0.1 m/s,power,117.272804,55546.052181950785
0.1 m/s,power,117.314726,56211.79503449432
0.1 m/s,power,117.356633,56159.426154475615
0.1 m/s,power,117.39858,56082.19726437259
0.1 m/s,power,117.985748,54905.82705870116
0.1 m/s,power,118.029048,54727.98319872568
0.1 m/s,power,118.069671,55205.20936469674
0.1 m/s,power,118.112342,55118.0096610899
0.1 m/s,power,118.153549,55025.45866233193
0.1 m/s,power,118.195392,54016.78081855675
0.1 m/s,power,118.237735,54514.10112071921
0.1 m/s,power,118.279718,54356.57646504238
0.1 m/s,power,118.321406,54591.11154757705
0.1 m/s,power,118.364098,54220.88152179011
0.1 m/s,power,118.407388,54094.03372831425
0.1 m/s,power,118.99237,49480.75524888439
0.1 m/s,power,119.034331,50139.69988940899
0.1 m/s,power,119.076301,50096.759495999344
0.1 m/s,power,119.118152,51155.09504438438
0.1 m/s,power,119.161491,49085.13284081036
0.1 m/s,power,119.201988,49993.93007155969
0.1 m/s,power,119.244095,49876.447387519496
0.1 m/s,power,119.287396,49593.32774678465
0.1 m/s,power,119.329365,48749.0492727807
0.1 m/s,power,119.369846,49195.51810886841
0.1 m/s,power,119.412282,49332.455381827494
0.1 m/s,power,119.999033,49257.576655779565
0.1 m/s,power,120.040977,49154.35407977609
0.1 m/s,power,120.082904,50360.516776538345
0.1 m/s,power,120.124875,50320.120041589726
0.1 m/s,power,120.166855,49976.32176341111
0.1 m/s,power,120.208819,50089.35369916445
0.1 m/s,power,120.252159,51093.06403025757
0.1 m/s,power,120.293997,49974.616376716695
0.1 m/s,power,120.33472,50902.49237512835
0.1 m/s,power,120.377231,50292.40472476932
0.1 m/s,power,120.41848,50371.211817862786
0.1 m/s,power,121.005651,53600.72705663609
0.1 m/s,power,121.047545,52376.02803764333
0.1 m/s,power,121.090939,54133.83874250929
0.1 m/s,power,121.131601,54265.47957034932
0.1 m/s,power,121.173498,53165.66327997799
0.1 m/s,power,121.216444,53374.66422376819
0.1 m/s,power,121.257332,54182.539890632666
0.1 m/s,power,121.299274,53927.30681204097
0.1 m/s,power,121.342659,54786.976353874474
0.1 m/s,power,121.383263,54904.69169387986
0.1 m/s,power,121.425136,55098.291743029564
0.1 m/s,power,121.970396,57306.09047038543
0.1 m/s,power,122.012419,56750.89602816858
0.1 m/s,power,122.054274,57004.6077523563
0.1 m/s,power,122.096264,57247.101140581784
0.1 m/s,power,122.1382,58337.897605244565
0.1 m/s,power,122.18013,57060.63471431071
0.1 m/s,power,122.22196,57474.73832041343
0.1 m/s,power,122.263941,58437.99106745543
0.1 m/s,power,122.305846,56387.21827684001
0.1 m/s,power,122.347747,57393.63798366505
0.1 m/s,power,122.390703,57825.93162241314
0.1 m/s,power,122.977146,54592.82928187548
0.1 m/s,power,123.019157,54525.434587905846
0.1 m/s,power,123.061007,54206.98847934646
0.1 m/s,power,123.102869,55121.033408309755
0.1 m/s,power,123.146164,55002.8180823492
0.1 m/s,power,123.186946,54564.745046595795
0.1 m/s,power,123.229522,53993.22462124298
0.1 m/s,power,123.270625,54900.393896583286
0.1 m/s,power,123.312604,54504.436599234745
0.1 m/s,power,123.354433,54078.75044784226
0.1 m/s,power,123.397993,54073.34187009343
0.1 m/s,power,123.983946,53501.495493116825
0.1 m/s,power,124.025675,53594.50498885123
0.1 m/s,power,124.067635,52082.68412822058
0.1 m/s,power,124.109543,53879.35458039564
0.1 m/s,power,124.151533,52808.23095881929
0.1 m/s,power,124.194274,52971.78875590289
0.1 m/s,power,124.235304,51930.23097387494
0.1 m/s,power,124.277225,52111.34007104404
0.1 m/s,power,124.331235,51787.829168637676
0.1 m/s,power,124.361409,52737.28187914125
0.1 m/s,power,124.403367,51668.2148423961
0.1 m/s,power,124.990863,50885.017922763865
0.1 m/s,power,125.032218,51252.60707515277
0.1 m/s,power,125.07437,51457.80924213544
0.1 m/s,power,125.117605,52648.73569232219
0.1 m/s,power,125.159242,51947.72261610705
0.1 m/s,power,125.202039,52401.817268106264
0.1 m/s,power,125.245588,53322.998912289244
0.1 m/s,power,125.286125,52430.47833083348
0.1 m/s,power,125.326076,52885.1516590432
0.1 m/s,power,125.36899,53094.42413285975
0.1 m/s,power,125.410579,53424.053945764914
0.1 m/s,power,125.996878,55637.10661060656
0.1 m/s,power,126.038727,56044.68528772376
0.1 m/s,power,126.080521,57388.52390504569
0.1 m/s,power,126.123539,57196.28327085598
0.1 m/s,power,126.168542,56475.37681149193
0.1 m/s,power,126.207414,56464.273465617174
0.1 m/s,power,126.248549,56480.170900945406
0.1 m/s,power,126.29058,56462.85123866843
0.1 m/s,power,126.33276,56316.42348374052
0.1 m/s,power,126.374547,57557.24949126739
0.1 m/s,power,126.416458,56810.11040299077
0.1 m/s,power,127.00363,54725.32483229315
0.1 m/s,power,127.045688,55968.84434218738
0.1 m/s,power,127.087622,55489.33314611017
0.1 m/s,power,127.1296,55532.859506782115
0.1 m/s,power,127.17137,55011.77151301347
0.1 m/s,power,127.213213,54463.419576813205
0.1 m/s,power,127.255881,54242.87485006671
0.1 m/s,power,127.298352,54475.176658731456
0.1 m/s,power,127.339335,55731.26994784885
0.1 m/s,power,127.381025,56187.447183512435
0.1 m/s,power,127.423056,55587.587436405265
0.1 m/s,power,127.968664,52843.63810337059
0.1 m/s,power,128.01064,51082.21236399222
0.1 m/s,power,128.054603,51874.83648166999
0.1 m/s,power,128.094238,52185.00387084397
0.1 m/s,power,128.137631,51821.37131531739
0.1 m/s,power,128.178066,50961.60117186272
0.1 m/s,power,128.220111,50139.85677083651
0.1 m/s,power,128.261924,50311.35350991861
0.1 m/s,power,128.303933,49497.27501590365
0.1 m/s,power,128.346299,50094.844056050315
0.1 m/s,power,128.388474,50047.540089399
0.1 m/s,power,128.974835,48293.91097229546
0.1 m/s,power,129.016736,48292.8826329512
0.1 m/s,power,129.058733,47317.51985258737
0.1 m/s,power,129.100683,50179.93680745323
0.1 m/s,power,129.142629,49225.39995774539
0.1 m/s,power,129.185137,48612.3031752251
0.1 m/s,power,129.22748,48094.518481839485
0.1 m/s,power,129.269303,49651.91517957792
0.1 m/s,power,129.310423,49083.50795328305
0.1 m/s,power,129.352263,48899.422593728035
0.1 m/s,power,129.394091,48972.15196415203
0.1 m/s,power,129.982124,48625.31910435139
0.1 m/s,power,130.023912,48676.29176508827
0.1 m/s,power,130.06599,50180.537591779546
0.1 m/s,power,130.108155,50820.835973053414
0.1 m/s,power,130.151161,50306.69198029225
0.1 m/s,power,130.191639,51324.959327796845
0.1 m/s,power,130.234597,51242.04307011968
0.1 m/s,power,130.275324,50696.31120702965
0.1 m/s,power,130.317864,51324.810472129364
0.1 m/s,power,130.360686,51801.73264476778
0.1 m/s,power,130.40169,52269.747703619156
0.1 m/s,power,130.988371,53731.71966352836
0.1 m/s,power,131.03035,53396.97677771655
0.1 m/s,power,131.072071,53762.88482773223
0.1 m/s,power,131.114889,54068.2626408506
0.1 m/s,power,131.158003,51778.956816451995
0.1 m/s,power,131.199951,52370.007227419774
0.1 m/s,power,131.240685,51941.91214231528
0.1 m/s,power,131.28182,51758.35392475306
0.1 m/s,power,131.324601,51382.802541317265
0.1 m/s,power,131.365374,52381.68756349875
0.1 m/s,power,131.408328,51934.46879481873
0.1 m/s,power,131.994746,49843.54005284938
0.1 m/s,power,132.03807,50510.726801343895
0.1 m/s,power,132.078674,49971.214123733276
0.1 m/s,power,132.120584,51145.387406881564
0.1 m/s,power,132.164013,49066.545558048
0.1 m/s,power,132.205971,48709.23908253957
0.1 m/s,power,132.247795,50538.06510938067
0.1 m/s,power,132.290818,49793.57074964599
0.1 m/s,power,132.330375,49020.80395097575
0.1 m/s,power,132.372306,49061.871356482116
0.1 m/s,power,132.414261,49175.64890268353
0.1 m/s,power,133.002784,46276.476237933246
0.1 m/s,power,133.043399,46459.84556582168
0.1 m/s,power,133.086705,47689.32769498853
0.1 m/s,power,133.13111,47783.86844950919
0.1 m/s,power,133.17474,46386.487084063614
0.1 m/s,power,133.211457,47168.066157094036
0.1 m/s,power,133.253187,47998.75175460295
0.1 m/s,power,133.295015,47703.539208322894
0.1 m/s,power,133.337874,47732.18303199635
0.1 m/s,power,133.379904,47799.532476793116
0.1 m/s,power,133.42614,47511.465942443836
0.1 m/s,power,134.007855,51573.34700210953
0.1 m/s,power,134.050093,52754.65864736497
0.1 m/s,power,134.09379,53014.42925279871
0.1 m/s,power,134.134586,53504.78595415554
0.1 m/s,power,134.175952,53429.02246906638
0.1 m/s,power,134.21828,53188.02377415427
0.1 m/s,power,134.26022,54675.507322749196
0.1 m/s,power,134.302332,53535.764083461065
0.1 m/s,power,134.343944,54044.37085395666
0.1 m/s,power,134.385593,54057.18196502662
0.1 m/s,power,134.977576,54456.872963841764
0.1 m/s,power,135.016283,54112.624793110896
0.1 m/s,power,135.056899,55371.01101659604
0.1 m/s,power,135.099046,55798.63268038026
0.1 m/s,power,135.14208,56223.58755006657
0.1 m/s,power,135.184008,55509.39253856053
0.1 m/s,power,135.224399,54966.04429099843
0.1 m/s,power,135.268264,55487.56142596284
0.1 m/s,power,135.308306,55191.04670143518
0.1 m/s,power,135.350249,55628.44798302394
0.1 m/s,power,135.392353,55740.071402896494
0.1 m/s,power,135.979623,55043.160383466355
0.1 m/s,power,136.021684,54281.6223504788
0.1 m/s,power,136.063129,54267.158622872455
0.1 m/s,power,136.105286,55684.8046238828
0.1 m/s,power,136.147178,54562.27832486469
0.1 m/s,power,136.189083,54440.85268435828
0.1 m/s,power,136.230853,53702.168075413865
0.1 m/s,power,136.272903,54374.85526417519
0.1 m/s,power,136.315044,54638.436590005025
0.1 m/s,power,136.356778,53628.31574830595
0.1 m/s,power,136.398707,54447.597899264576
0.1 m/s,power,136.98785,53166.46932983231
0.1 m/s,power,137.029739,53387.365171920595
0.1 m/s,power,137.070584,53108.05525530002
0.1 m/s,power,137.112561,54686.57700935395
0.1 m/s,power,137.157672,54137.68640235746
0.1 m/s,power,137.196696,53814.13759413041
0.1 m/s,power,137.238037,53576.44351765056
0.1 m/s,power,137.279961,53023.119674345835
0.1 m/s,power,137.321703,53142.68011683265
0.1 m/s,power,137.363563,53607.17095687853
0.1 m/s,power,137.405643,52269.92221153577
0.1 m/s,power,137.993123,48720.87365801233
0.1 m/s,power,138.034345,50465.72683515021
0.1 m/s,power,138.077338,49359.89400312769
0.1 m/s,power,138.118651,50115.75650431709
0.1 m/s,power,138.16053,48743.50274651997
0.1 m/s,power,138.202534,49176.20181551235
0.1 m/s,power,138.244367,48955.79354887427
0.1 m/s,power,138.286288,48945.89789757667
0.1 m/s,power,138.332202,48395.82673123789
0.1 m/s,power,138.372128,49702.69087282901
0.1 m/s,power,138.412158,49328.11176195578
0.1 m/s,power,138.999597,46300.162515913486
0.1 m/s,power,139.042292,46941.544297136206
0.1 m/s,power,139.083433,47488.87938244069
0.1 m/s,power,139.125676,47640.61874073425
0.1 m/s,power,139.167778,45686.3464286651
0.1 m/s,power,139.209542,46920.83247343337
0.1 m/s,power,139.251236,46569.44219120517
0.1 m/s,power,139.293331,45552.947709231725
0.1 m/s,power,139.335147,45077.537255267176
0.1 m/s,power,139.377164,46415.79417612069
0.1 m/s,power,139.418828,45756.00004371012
0.1 m/s,power,140.006055,44413.53578583899
0.1 m/s,power,140.047759,44968.755041695345
0.1 m/s,power,140.090049,46074.99053716669
0.1 m/s,power,140.13183,46148.88449356062
0.1 m/s,power,140.173915,45536.3488764745
0.1 m/s,power,140.216046,45497.614047332194
0.1 m/s,power,140.258011,45606.33632512044
0.1 m/s,power,140.299793,44755.62473030625
0.1 m/s,power,140.341642,44948.59545080358
0.1 m/s,power,140.389727,45817.75404796704
0.1 m/s,power,140.970799,46045.206047969856
0.1 m/s,power,141.01275,45862.656628241675
0.1 m/s,power,141.054522,46337.97592687881
0.1 m/s,power,141.096579,46920.3799643609
0.1 m/s,power,141.138414,47045.04910189806
0.1 m/s,power,141.180637,45931.6220593177
0.1 m/s,power,141.222631,47247.7558091387
0.1 m/s,power,141.264408,48138.344020125995
0.1 m/s,power,141.306568,46681.16186428954
0.1 m/s,power,141.348993,48315.16403780495
0.1 m/s,power,141.391366,48499.15566275355
0.1 m/s,power,141.977389,48025.18894288704
0.1 m/s,power,142.019394,47385.64890343911
0.1 m/s,power,142.061671,47969.414797347694
0.1 m/s,power,142.102993,48941.95587632353
0.1 m/s,power,142.146318,48553.90555866747
0.1 m/s,power,142.187082,47840.845571540645
0.1 m/s,power,142.229389,47504.40421687236
0.1 m/s,power,142.270718,47959.74445303061
0.1 m/s,power,142.312977,46954.84922774218
0.1 m/s,power,142.355551,48058.79150582129
0.1 m/s,power,142.397468,47814.173379867185
0.1 m/s,power,142.984274,47023.57121699712
0.1 m/s,power,143.027039,47676.03223843192
0.1 m/s,power,143.069008,46758.15716000792
0.1 m/s,power,143.11093,47726.77146005164
0.1 m/s,power,143.152885,46240.1132459686
0.1 m/s,power,143.197728,46818.708664379024
0.1 m/s,power,143.236488,47968.02965517763
0.1 m/s,power,143.277809,47098.71255140633
0.1 m/s,power,143.319489,47174.76801214819
0.1 m/s,power,143.362281,47584.6106635328
0.1 m/s,power,143.404166,46725.42729606654
0.1 m/s,power,143.990758,45841.11447161816
0.1 m/s,power,144.032671,46098.419810227766
0.1 m/s,power,144.074684,45891.555051011295
0.1 m/s,power,144.116637,47764.34234866005
0.1 m/s,power,144.158547,46369.858971103204
0.1 m/s,power,144.200551,47231.25347690869
0.1 m/s,power,144.242473,46666.43136131153
0.1 m/s,power,144.284481,46624.76187606753
0.1 m/s,power,144.326553,47253.387603430085
0.1 m/s,power,144.368204,47376.945954757364
0.1 m/s,power,144.409814,47317.834745474145
0.1 m/s,power,144.997664,46721.58749443345
0.1 m/s,power,145.039562,46522.08370225908
0.1 m/s,power,145.081565,47677.61190537966
0.1 m/s,power,145.123523,47015.91335920212
0.1 m/s,power,145.165128,47561.156188637804
0.1 m/s,power,145.207154,47455.20423515212
0.1 m/s,power,145.249041,46961.15779024193
0.1 m/s,power,145.290686,47430.81228484286
0.1 m/s,power,145.332732,48159.939950128675
0.1 m/s,power,145.375035,47513.457935620725
0.1 m/s,power,145.4168,47453.24356669415
0.1 m/s,power,146.004038,45700.20123588079
0.1 m/s,power,146.054984,47020.03918543667
0.1 m/s,power,146.088105,47378.743862622614
0.1 m/s,power,146.130044,46970.15423649362
0.1 m/s,power,146.17139,45234.30124363589
0.1 m/s,power,146.213889,46358.50188476759
0.1 m/s,power,146.255535,47023.574991699636
0.1 m/s,power,146.297722,46127.57844283613
0.1 m/s,power,146.339785,45774.33396566246
0.1 m/s,power,146.381563,46724.882204238886
0.1 m/s,power,146.969786,45725.649629064865
0.1 m/s,power,147.010834,46031.261312286464
0.1 m/s,power,147.052562,46853.21837398152
0.1 m/s,power,147.094696,46978.52493427183
0.1 m/s,power,147.136651,48211.2651773421
0.1 m/s,power,147.178885,47181.46945570898
0.1 m/s,power,147.220597,46739.586701210785
0.1 m/s,power,147.262082,48795.10471348535
0.1 m/s,power,147.304166,47631.94521536991
0.1 m/s,power,147.34603,49134.56995843151
0.1 m/s,power,147.391633,50065.23429486773
0.1 m/s,power,147.975735,50950.76251637457
0.1 m/s,power,148.018034,50771.95859921104
0.1 m/s,power,148.059959,50519.400006334195
0.1 m/s,power,148.101915,51633.410937105444
0.1 m/s,power,148.143874,51172.33249520682
0.1 m/s,power,148.185982,50941.12818734976
0.1 m/s,power,148.229869,50880.04108685448
0.1 m/s,power,148.268698,50770.04160920099
0.1 m/s,power,148.310596,50904.043896334995
0.1 m/s,power,148.353317,51433.66757290403
0.1 m/s,power,148.404972,50897.39503157308
0.1 m/s,power,148.981711,50886.961836997114
0.1 m/s,power,149.024234,50906.757527856746
0.1 m/s,power,149.066181,49935.65600850758
0.1 m/s,power,149.107754,50983.30583632254
0.1 m/s,power,149.149537,50045.053152134824
0.1 m/s,power,149.194322,50165.75224194291
0.1 m/s,power,149.235129,51427.87604013994
0.1 m/s,power,149.27601,50279.54122702394
0.1 m/s,power,149.317866,50816.422935897404
0.1 m/s,power,149.359714,50077.62240761836
0.1 m/s,power,149.401482,50694.43426057736
0.1 m/s,power,149.988632,48329.09792247316
0.1 m/s,power,150.030954,48355.10351555459
0.1 m/s,power,150.072148,48225.899265850916
0.1 m/s,power,150.114334,48132.89657812004
0.1 m/s,power,150.156125,47789.08714340545
0.1 m/s,power,150.199121,48020.81125928632
0.1 m/s,power,150.239918,47639.7852744951
0.1 m/s,power,150.282236,47221.20634841935
0.1 m/s,power,150.324451,46386.847500126576
0.1 m/s,power,150.366029,47962.41150109114
0.1 m/s,power,150.408964,46239.08660430048
0.1 m/s,power,150.995297,42281.60084481192
0.1 m/s,power,151.036905,43563.68333830371
0.1 m/s,power,151.080218,42905.23535653895
0.1 m/s,power,151.126984,42748.566876563236
0.1 m/s,power,151.163279,41821.00345520179
0.1 m/s,power,151.205187,42676.819000483156
0.1 m/s,power,151.246689,42645.279375330625
0.1 m/s,power,151.288547,43270.73100838487
0.1 m/s,power,151.330307,42045.19770437523
0.1 m/s,power,151.37233,43384.50065403542
0.1 m/s,power,151.414603,42556.22276471445
0.1 m/s,power,152.001565,43616.816768306235
0.1 m/s,power,152.043489,44178.714241136535
0.1 m/s,power,152.085435,44737.45298963722
0.1 m/s,power,152.127418,44558.26145621033
0.1 m/s,power,152.169349,43744.04221148293
0.1 m/s,power,152.211488,43535.707379115825
0.1 m/s,power,152.262175,43614.02547346438
0.1 m/s,power,152.296488,43993.516942840564
0.1 m/s,power,152.33724,45191.005355048255
0.1 m/s,power,152.379715,44733.79094152428
0.1 m/s,power,152.971482,44973.2034994173
0.1 m/s,power,153.008249,45511.270362405834
0.1 m/s,power,153.050162,46225.11743630296
0.1 m/s,power,153.092978,46186.57157659572
0.1 m/s,power,153.134165,46802.25594990053
0.1 m/s,power,153.175959,46201.769533211605
0.1 m/s,power,153.218094,46076.91743161645
0.1 m/s,power,153.259919,46235.92758883507
0.1 m/s,power,153.301782,45824.40708836286
0.1 m/s,power,153.343817,46991.87645753253
0.1 m/s,power,153.385721,47609.45647662867
0.1 m/s,power,153.972854,49148.29579954934
0.1 m/s,power,154.014814,48075.15842927613
0.1 m/s,power,154.056767,47975.579329488035
0.1 m/s,power,154.098808,50353.203880190194
0.1 m/s,power,154.14066,49844.055021637236
0.1 m/s,power,154.182602,50105.42091430827
0.1 m/s,power,154.224634,48518.748386577325
0.1 m/s,power,154.267727,49307.69392295689
0.1 m/s,power,154.308528,49112.214712839
0.1 m/s,power,154.350368,49130.40815014669
0.1 m/s,power,154.392402,49522.50934676069
0.1 m/s,power,154.980582,47154.522667502424
0.1 m/s,power,155.022453,45661.679031765794
0.1 m/s,power,155.064444,44868.86017050133
0.1 m/s,power,155.106312,46730.17330376595
0.1 m/s,power,155.148193,45870.77266626321
0.1 m/s,power,155.18929,44997.07710507428
0.1 m/s,power,155.234811,45310.62344528047
0.1 m/s,power,155.273388,45535.613227450885
0.1 m/s,power,155.315209,45139.78699550985
0.1 m/s,power,155.356996,44432.509832328855
0.1 m/s,power,155.40039,44850.204235878344
0.1 m/s,power,155.98613,40560.95000120189
0.1 m/s,power,156.029408,40515.47558649658
0.1 m/s,power,156.074302,40757.94798563833
0.1 m/s,power,156.11195,41066.56115381466
0.1 m/s,power,156.153904,40681.03563086859
0.1 m/s,power,156.197344,40542.176470929626
0.1 m/s,power,156.237857,40548.293601580815
0.1 m/s,power,156.280728,40546.02082818979
0.1 m/s,power,156.322727,41563.14681301212
0.1 m/s,power,156.36458,41475.36579706079
0.1 m/s,power,156.40659,40337.579513401644
0.1 m/s,power,156.993608,41528.68562812938
0.1 m/s,power,157.034765,42099.509379564035
0.1 m/s,power,157.076714,42208.12884978437
0.1 m/s,power,157.118699,43438.544922683584
0.1 m/s,power,157.160528,43290.38784765043
0.1 m/s,power,157.204241,42737.733971281166
0.1 m/s,power,157.245005,42800.34159910409
0.1 m/s,power,157.287289,43375.93590921122
0.1 m/s,power,157.329949,43390.26255970342
0.1 m/s,power,157.371759,43338.67669876412
0.1 m/s,power,157.41336,44196.38588165327
0.1 m/s,power,157.999373,46552.7340228262
0.1 m/s,power,158.041356,47691.24036969473
0.1 m/s,power,158.083937,47512.12613638754
0.1 m/s,power,158.125573,48452.70638467989
0.1 m/s,power,158.169125,47718.72420758963
0.1 m/s,power,158.20909,47651.20977477906
0.1 m/s,power,158.252031,48191.89073900297
0.1 m/s,power,158.292845,47965.27874410822
0.1 m/s,power,158.336863,47871.43583599723
0.1 m/s,power,158.376829,48642.421660521795
0.1 m/s,power,158.419697,47661.712096818344
0.1 m/s,power,158.964111,42763.41263276353
0.1 m/s,power,159.006102,45196.21163327741
0.1 m/s,power,159.047995,46330.10677734296
0.1 m/s,power,159.089831,47769.17789746858
0.1 m/s,power,159.131821,47427.46415316763
0.1 m/s,power,159.173785,46261.81708493517
0.1 m/s,power,159.215814,46386.22947599858
0.1 m/s,power,159.257668,47554.11328160793
0.1 m/s,power,159.300905,46112.52133640059
0.1 m/s,power,159.34165,46501.62548771817
0.1 m/s,power,159.388934,46767.65450607931
0.1 m/s,power,159.970784,42339.47979132479
0.1 m/s,power,160.012769,42722.83652802094
0.1 m/s,power,160.054678,42716.05188919032
0.1 m/s,power,160.098008,42524.575318279196
0.1 m/s,power,160.138569,43125.48842621959
0.1 m/s,power,160.180656,41964.067534022484
0.1 m/s,power,160.222383,41448.095203519304
0.1 m/s,power,160.265731,42700.4685922766
0.1 m/s,power,160.306277,41981.52434107175
0.1 m/s,power,160.34905,41386.15958264308
0.1 m/s,power,160.391597,41956.64668440508
0.1 m/s,power,160.977385,38555.38629037453
0.1 m/s,power,161.019352,39315.608554364255
0.1 m/s,power,161.061308,39548.979076583004
0.1 m/s,power,161.103177,40580.00850172409
0.1 m/s,power,161.145128,38840.71698617315
0.1 m/s,power,161.187162,39274.58996603274
0.1 m/s,power,161.229029,38370.43581978188
0.1 m/s,power,161.272324,39373.17015430685
0.1 m/s,power,161.312933,40334.16424075252
0.1 m/s,power,161.354827,39004.54056901581
0.1 m/s,power,161.396759,40149.22590785531
0.1 m/s,power,161.983979,38660.56763680533
0.1 m/s,power,162.025911,38819.26414810049
0.1 m/s,power,162.067879,38712.37086513819
0.1 m/s,power,162.109817,39341.75931500776
0.1 m/s,power,162.151766,38126.18213249262
0.1 m/s,power,162.193721,37636.750470783205
0.1 m/s,power,162.23689,38556.54965112931
0.1 m/s,power,162.277627,37624.33255221945
0.1 m/s,power,162.319592,38064.25784118219
0.1 m/s,power,162.362758,38259.48376546657
0.1 m/s,power,162.403471,38252.19371487079
0.1 m/s,power,162.992083,30450.65426226504
0.1 m/s,power,163.036542,31024.333175750937
0.1 m/s,power,163.075531,31925.046797146595
0.1 m/s,power,163.116685,31615.423988933
0.1 m/s,power,163.159077,30409.85646135147
0.1 m/s,power,163.201052,32662.4874894733
0.1 m/s,power,163.242971,31989.291333194615
0.1 m/s,power,163.285831,31770.383142165596
0.1 m/s,power,163.328632,33064.83456786076
0.1 m/s,power,163.36938,33053.58977478846
0.1 m/s,power,163.410695,33049.80061967092
0.1 m/s,power,163.997957,41126.58539193352
0.1 m/s,power,164.039895,41043.609319844174
0.1 m/s,power,164.081906,42107.207482805126
0.1 m/s,power,164.12387,42289.7129926416
0.1 m/s,power,164.16573,41559.59837390155
0.1 m/s,power,164.208255,41729.078614318816
0.1 m/s,power,164.249623,41844.65031518366
0.1 m/s,power,164.292366,41681.18886260323
0.1 m/s,power,164.33348,42370.022810945
0.1 m/s,power,164.375438,42994.25831433774
0.1 m/s,power,164.417471,42739.358020447624
0.1 m/s,power,164.961973,37481.0838824066
0.1 m/s,power,165.013667,44063.36143555096
0.1 m/s,power,165.046649,43421.104407879815
0.1 m/s,power,165.087908,44667.889596442765
0.1 m/s,power,165.130079,44478.68894200907
0.1 m/s,power,165.172431,43951.61681895218
0.1 m/s,power,165.216375,43846.30048248084
0.1 m/s,power,165.256665,42504.68585932614
0.1 m/s,power,165.298454,42936.905570848954
0.1 m/s,power,165.340485,43366.34604160236
0.1 m/s,power,165.382434,43471.22657574778
0.1 m/s,power,165.969077,41428.42798127875
0.1 m/s,power,166.01122,41136.021878640626
0.1 m/s,power,166.053156,41308.960831761426
0.1 m/s,power,166.09511,42079.55884987389
0.1 m/s,power,166.136369,42293.858703126156
0.1 m/s,power,166.178827,41107.935596427116
0.1 m/s,power,166.221245,40929.39707594042
0.1 m/s,power,166.263918,41411.899570051115
0.1 m/s,power,166.304943,41152.245928989105
0.1 m/s,power,166.346979,41721.94991847817
0.1 m/s,power,166.388944,40987.06576470192
0.1 m/s,power,166.975565,39883.01204773782
0.1 m/s,power,167.017455,40303.34478675436
0.1 m/s,power,167.059881,41083.37564027571
0.1 m/s,power,167.101597,41313.818862458116
0.1 m/s,power,167.143502,41654.86138495722
0.1 m/s,power,167.18474,41088.093956765624
0.1 m/s,power,167.226851,40442.77982532853
0.1 m/s,power,167.268857,40042.50863769652
0.1 m/s,power,167.311731,40656.617296573015
0.1 m/s,power,167.352912,39823.7092446196
0.1 m/s,power,167.395813,40956.31550811182
0.1 m/s,power,167.982427,38704.075715614235
0.1 m/s,power,168.024752,38606.64256316522
0.1 m/s,power,168.068095,38335.85645319536
0.1 m/s,power,168.109203,38766.75508731676
0.1 m/s,power,168.158694,37772.23755617345
0.1 m/s,power,168.192393,38486.22259978238
0.1 m/s,power,168.235876,38537.654897515495
0.1 m/s,power,168.278371,38445.18858062736
0.1 m/s,power,168.318698,38742.46823577455
0.1 m/s,power,168.359989,38806.27739167982
0.1 m/s,power,168.402003,39335.37727034024
0.1 m/s,power,168.990054,39340.58914149609
0.1 m/s,power,169.030522,39430.00654324065
0.1 m/s,power,169.072565,39829.21652505859
0.1 m/s,power,169.114385,40240.65706471504
0.1 m/s,power,169.15762,39133.59091624484
0.1 m/s,power,169.198246,39296.49451286972
0.1 m/s,power,169.240165,39120.645917469206
0.1 m/s,power,169.283001,39535.32103069356
0.1 m/s,power,169.325346,39849.554890864216
0.1 m/s,power,169.366037,39328.34048113396
0.1 m/s,power,169.408012,39088.94309136536
0.1 m/s,power,169.995148,38268.70073571874
0.1 m/s,power,170.037094,38720.224302036266
0.1 m/s,power,170.079066,38655.329671340274
0.1 m/s,power,170.120979,38806.972994553435
0.1 m/s,power,170.16286,38654.34332646203
0.1 m/s,power,170.204805,38997.13134321549
0.1 m/s,power,170.253039,38608.18648939626
0.1 m/s,power,170.291624,38208.6357385343
0.1 m/s,power,170.330841,38491.147034090834
0.1 m/s,power,170.381916,39970.63321990283
0.1 m/s,power,170.4149,39314.061212243134
0.1 m/s,power,170.960431,31122.100266530855
0.1 m/s,power,171.007994,37939.713876095586
0.1 m/s,power,171.044233,38919.83350426875
0.1 m/s,power,171.086554,39347.236472209835
0.1 m/s,power,171.131982,38531.54428516978
0.1 m/s,power,171.169636,39070.91575584069
0.1 m/s,power,171.213874,38389.647680071255
0.1 m/s,power,171.2577,38489.00759957316
0.1 m/s,power,171.29628,39220.91055801739
0.1 m/s,power,171.337582,39139.56875081789
0.1 m/s,power,171.379972,40180.7959104844
0.1 m/s,power,171.966944,37537.474302355506
0.1 m/s,power,172.008804,38203.2577275813
0.1 m/s,power,172.0511,38863.41360457159
0.1 m/s,power,172.100617,39183.34516092264
0.1 m/s,power,172.135701,39281.0006237112
0.1 m/s,power,172.177447,39123.99225539234
0.1 m/s,power,172.218135,38860.4858693249
0.1 m/s,power,172.260505,39189.99419494726
0.1 m/s,power,172.302769,39101.05607269451
0.1 m/s,power,172.351617,39427.78685140722
0.1 m/s,power,172.38676,38874.617734454965
0.1 m/s,power,172.973846,37212.81311591479
0.1 m/s,power,173.015835,36986.30331622776
0.1 m/s,power,173.05769,37725.819938074244
0.1 m/s,power,173.099554,37744.91841294667
0.1 m/s,power,173.141987,37781.27560048761
0.1 m/s,power,173.183859,37631.07705075687
0.1 m/s,power,173.228386,36749.96948298053
0.1 m/s,power,173.267657,36790.18752330572
0.1 m/s,power,173.313365,35782.0116399288
0.1 m/s,power,173.351613,35965.98577823219
0.1 m/s,power,173.392787,36380.962397935546
0.1 m/s,power,173.980657,31993.682892096058
0.1 m/s,power,174.023137,32233.181661139195
0.1 m/s,power,174.064423,32595.422761486003
0.1 m/s,power,174.116784,32194.57949717623
0.1 m/s,power,174.147523,31609.73992300474
0.1 m/s,power,174.190655,32291.413115563708
0.1 m/s,power,174.232542,31227.46638778112
0.1 m/s,power,174.273853,31634.533487946366
0.1 m/s,power,174.316311,31924.813202272617
0.1 m/s,power,174.35707,32155.631808440652
0.1 m/s,power,174.399162,31831.28707733949
0.1 m/s,power,174.992314,31777.52288961492
0.1 m/s,power,175.028186,32110.738406333792
0.1 m/s,power,175.070136,32498.121545713988
0.1 m/s,power,175.112064,32362.461525662722
0.1 m/s,power,175.154018,31881.556188492432
0.1 m/s,power,175.201852,32797.08287332884
0.1 m/s,power,175.238047,33066.07427560762
0.1 m/s,power,175.285809,33535.229774074905
0.1 m/s,power,175.322963,32784.5131883943
0.1 m/s,power,175.368159,33457.309888871816
0.1 m/s,power,175.407043,33265.53196628607
0.1 m/s,power,175.993308,35299.33710425735
0.1 m/s,power,176.037653,36652.364316644016
0.1 m/s,power,176.079841,37387.57313600335
0.1 m/s,power,176.118927,37584.46079166229
0.1 m/s,power,176.162436,37691.80824794692
0.1 m/s,power,176.212416,37761.027157639655
0.1 m/s,power,176.245164,37457.243278169844
0.1 m/s,power,176.286733,38396.13001332296
0.1 m/s,power,176.328983,37975.1333374881
0.1 m/s,power,176.371377,38533.20600469159
0.1 m/s,power,176.413555,37896.884199100066
0.1 m/s,power,176.957931,28960.623888307382
0.1 m/s,power,176.999801,37469.88760324749
0.1 m/s,power,177.04248,38095.50314669699
0.1 m/s,power,177.084029,38588.035140442174
0.1 m/s,power,177.12644,38059.95063055127
0.1 m/s,power,177.168004,36413.64421477202
0.1 m/s,power,177.209731,37374.663677416545
0.1 m/s,power,177.251518,37467.719039194264
0.1 m/s,power,177.293255,36783.03131880242
0.1 m/s,power,177.335332,36804.01317791308
0.1 m/s,power,177.381173,36710.31737808869
0.1 m/s,power,177.965236,30516.598565370947
0.1 m/s,power,178.007165,32495.346036009527
0.1 m/s,power,178.048927,32719.42557564237
0.1 m/s,power,178.090322,33425.04569929561
0.1 m/s,power,178.133471,32513.786275978382
0.1 m/s,power,178.175448,32952.44358162229
0.1 m/s,power,178.215962,32047.44490595155
0.1 m/s,power,178.257654,31757.74118226925
0.1 m/s,power,178.300056,31648.154527555
0.1 m/s,power,178.341797,31166.02483474593
0.1 m/s,power,178.383709,31120.163897383318
0.1 m/s,power,178.971995,30091.002808148485
0.1 m/s,power,179.016217,29892.028452415205
0.1 m/s,power,179.055605,30844.59239477805
0.1 m/s,power,179.097087,30455.133327568936
0.1 m/s,power,179.139542,31271.23177938471
0.1 m/s,power,179.18112,30638.049546274975
0.1 m/s,power,179.223309,30326.95131397154
0.1 m/s,power,179.264746,31637.473034362276
0.1 m/s,power,179.307235,31012.846177027997
0.1 m/s,power,179.349141,31621.379745355833
0.1 m/s,power,179.390718,31857.254903710713
0.1 m/s,power,179.977903,33207.68039174071
0.1 m/s,power,180.019957,33520.83192583382
0.1 m/s,power,180.062069,33759.23620285269
0.1 m/s,power,180.103968,33795.84230345502
0.1 m/s,power,180.145465,33650.77927775225
0.1 m/s,power,180.187037,33207.52291273771
0.1 m/s,power,180.229007,33107.19806930209
0.1 m/s,power,180.271195,33241.171008254205
0.1 m/s,power,180.313608,33086.79792606109
0.1 m/s,power,180.355272,33225.17229451188
0.1 m/s,power,180.397631,33391.84813693306
0.1 m/s,power,180.984047,26856.744478808298
0.1 m/s,power,181.026615,26483.25901395068
0.1 m/s,power,181.06797,27029.79639212993
0.1 m/s,power,181.110299,26493.806219567625
0.1 m/s,power,181.152177,26256.681911467793
0.1 m/s,power,181.194145,26057.661675599367
0.1 m/s,power,181.236261,26346.0849843008
0.1 m/s,power,181.277999,26832.527275677927
0.1 m/s,power,181.325756,26391.013565227087
0.1 m/s,power,181.361857,26852.214973815477
0.1 m/s,power,181.403772,26552.182302025576
0.1 m/s,power,181.990794,33159.21852215459
0.1 m/s,power,182.033143,34390.950117727196
0.1 m/s,power,182.075255,34297.24596815319
0.1 m/s,power,182.117957,33775.57349624133
0.1 m/s,power,182.158493,33696.02624939624
0.1 m/s,power,182.200764,34944.288717900665
0.1 m/s,power,182.242692,34429.82342388645
0.1 m/s,power,182.284728,33692.45909695521
0.1 m/s,power,182.326495,33688.15379328466
0.1 m/s,power,182.368616,34625.46372252652
0.1 m/s,power,182.413392,35272.308756303435
0.1 m/s,power,182.9976,33481.549456379704
0.1 m/s,power,183.039325,34611.89208928053
0.1 m/s,power,183.081809,35259.7113998399
0.1 m/s,power,183.123596,35463.46875307039
0.1 m/s,power,183.16675,33685.249724471396
0.1 m/s,power,183.207764,34144.60815414346
0.1 m/s,power,183.250224,35539.795849160415
0.1 m/s,power,183.2915,34399.906773129485
0.1 m/s,power,183.333936,33959.01372242722
0.1 m/s,power,183.376176,34146.3699388383
0.1 m/s,power,183.96288,28604.305270360965
0.1 m/s,power,184.004662,31685.080542741245
0.1 m/s,power,184.046169,32763.576804128086
0.1 m/s,power,184.08847,33050.517091265
0.1 m/s,power,184.12995,33202.80628199972
0.1 m/s,power,184.171808,32052.9260442787
0.1 m/s,power,184.214293,32106.773319659515
0.1 m/s,power,184.255781,32098.9684102153
0.1 m/s,power,184.298857,31553.872567404465
0.1 m/s,power,184.340477,32313.72552028008
0.1 m/s,power,184.382315,32588.967581069515
0.1 m/s,power,184.969379,31325.226415781897
0.1 m/s,power,185.011477,31377.695979787935
0.1 m/s,power,185.053467,32079.905049734796
0.1 m/s,power,185.095045,31186.98042452972
0.1 m/s,power,185.137166,31597.574479697018
0.1 m/s,power,185.178884,31130.16575606368
0.1 m/s,power,185.220935,30818.67518242794
0.1 m/s,power,185.262917,30353.402461668116
0.1 m/s,power,185.304801,30399.908322230185
0.1 m/s,power,185.346838,31148.550929377117
0.1 m/s,power,185.388781,31431.96960102882
0.1 m/s,power,185.976293,29343.43936896287
0.1 m/s,power,186.017785,29354.124701649678
0.1 m/s,power,186.06007,29740.34502153598
0.1 m/s,power,186.102015,29993.662347235957
0.1 m/s,power,186.143942,30037.805728781193
0.1 m/s,power,186.186028,30012.649233281627
0.1 m/s,power,186.232794,29918.736905156944
0.1 m/s,power,186.269111,30815.762671074684
0.1 m/s,power,186.310954,29920.828548019854
0.1 m/s,power,186.352919,30574.393289156204
0.1 m/s,power,186.394764,30611.033125329173
0.1 m/s,power,186.983622,30226.797332830352
0.1 m/s,power,187.025425,31108.996640843307
0.1 m/s,power,187.066164,30369.415420781483
0.1 m/s,power,187.108641,32040.639725198995
0.1 m/s,power,187.150256,31063.399830025042
0.1 m/s,power,187.191811,30925.747541490404
0.1 m/s,power,187.233547,30893.12099804745
0.1 m/s,power,187.27581,31293.430316921153
0.1 m/s,power,187.318384,30016.595026751453
0.1 m/s,power,187.359719,32395.050300933322
0.1 m/s,power,187.401456,30651.659041559236
0.1 m/s,power,187.989703,29627.947161421762
0.1 m/s,power,188.031212,29887.372266561008
0.1 m/s,power,188.073052,30507.990330403605
0.1 m/s,power,188.114785,31062.742860217608
0.1 m/s,power,188.164451,29101.4104984621
0.1 m/s,power,188.198615,29471.213683864466
0.1 m/s,power,188.241159,29578.13056973006
0.1 m/s,power,188.283744,29658.479950934772
0.1 m/s,power,188.324246,29641.73898407447
0.1 m/s,power,188.36657,30156.826374802768
0.1 m/s,power,188.413233,29969.875491900195
0.1 m/s,power,188.995587,28691.793425995522
0.1 m/s,power,189.043075,28581.746622626124
0.1 m/s,power,189.079392,28610.435753409976
0.1 m/s,power,189.123229,28398.148478377952
0.1 m/s,power,189.163266,27575.311222178436
0.1 m/s,power,189.205195,27511.124967910706
0.1 m/s,power,189.247276,27802.2600700015
0.1 m/s,power,189.28916,27532.116700319286
0.1 m/s,power,189.330906,27173.94158012415
0.1 m/s,power,189.373957,27819.471346522747
0.1 m/s,power,189.960405,21089.958866721387
0.1 m/s,power,190.002444,24445.668123411968
0.1 m/s,power,190.047937,25885.54117649465
0.1 m/s,power,190.091171,26343.57564948236
0.1 m/s,power,190.127594,25829.399470370965
0.1 m/s,power,190.172774,25434.72122906009
0.1 m/s,power,190.211811,25519.24906810543
0.1 m/s,power,190.257752,25887.715638889425
0.1 m/s,power,190.295654,25419.31663125506
0.1 m/s,power,190.337604,26164.622546484406
0.1 m/s,power,190.380896,26982.957954975955
0.1 m/s,power,190.966712,24907.157786467727
0.1 m/s,power,191.00861,26177.713746620426
0.1 m/s,power,191.050569,26031.470991859063
0.1 m/s,power,191.09245,26240.4257777956
0.1 m/s,power,191.134559,26625.557083373864
0.1 m/s,power,191.178963,26274.30769782526
0.1 m/s,power,191.221864,25947.147588896933
0.1 m/s,power,191.260734,25543.99978468525
0.1 m/s,power,191.302226,26325.473462029127
0.1 m/s,power,191.348766,25778.95777567433
0.1 m/s,power,191.388023,26635.634571002807
0.1 m/s,power,191.973288,25633.82283234399
0.1 m/s,power,192.015229,26465.674750514107
0.1 m/s,power,192.062247,25839.32965461759
0.1 m/s,power,192.10012,25962.470163680497
0.1 m/s,power,192.141027,25441.732822274505
0.1 m/s,power,192.182913,26034.43584946676
0.1 m/s,power,192.224893,24791.83666048161
0.1 m/s,power,192.266877,26290.376737506067
0.1 m/s,power,192.309964,25674.808353715125
0.1 m/s,power,192.351932,25476.21159042294
0.1 m/s,power,192.393775,25382.434103135187
0.1 m/s,power,192.979813,25874.809545192787
0.1 m/s,power,193.023248,25836.79732474596
0.1 m/s,power,193.063928,25632.32100298371
0.1 m/s,power,193.105728,27428.70631291239
0.1 m/s,power,193.148964,26014.122510667163
0.1 m/s,power,193.191134,26603.32169109715
0.1 m/s,power,193.231589,25849.29898469202
0.1 m/s,power,193.277381,25768.86774773001
0.1 m/s,power,193.315458,26367.02404519706
0.1 m/s,power,193.357395,26293.96503002162
0.1 m/s,power,193.3993,26148.05797760132
0.1 m/s,power,193.988033,26156.94617114162
0.1 m/s,power,194.032622,25624.27087743181
0.1 m/s,power,194.07055,26145.447194492583
0.1 m/s,power,194.112838,26567.815962174987
0.1 m/s,power,194.154269,25553.733386728447
0.1 m/s,power,194.196258,26058.964829785542
0.1 m/s,power,194.238124,25472.636063038313
0.1 m/s,power,194.280199,25601.37381079383
0.1 m/s,power,194.322099,26349.978747619516
0.1 m/s,power,194.364072,26115.23909521029
0.1 m/s,power,194.405903,26712.657467949535
0.1 m/s,power,194.993139,25461.775036316696
0.1 m/s,power,195.036397,26700.574413296803
0.1 m/s,power,195.077008,26127.81056652088
0.1 m/s,power,195.118958,26070.630563912335
0.1 m/s,power,195.1609,25932.453740438832
0.1 m/s,power,195.202957,26080.40814481246
0.1 m/s,power,195.244756,26520.31014147459
0.1 m/s,power,195.287836,25891.793062667562
0.1 m/s,power,195.332803,26319.78863896897
0.1 m/s,power,195.370718,25913.894979334927
0.1 m/s,power,195.960218,18664.734715500243
0.1 m/s,power,195.999738,25041.924287083053
0.1 m/s,power,196.041701,25029.137619982033
0.1 m/s,power,196.083713,25372.122694012025
0.1 m/s,power,196.125574,25315.36831649897
0.1 m/s,power,196.167596,23937.244787151256
0.1 m/s,power,196.211075,24437.41905357438
0.1 m/s,power,196.253613,24105.37319769184
0.1 m/s,power,196.298014,23602.351598940302
0.1 m/s,power,196.335958,24607.903709987164
0.1 m/s,power,196.377905,22571.597130021615
0.1 m/s,power,196.965472,18440.370549422267
0.1 m/s,power,197.007381,20666.16210136754
0.1 m/s,power,197.04935,21160.143784955715
0.1 m/s,power,197.093547,20170.124144387413
0.1 m/s,power,197.133218,19743.110722477348
0.1 m/s,power,197.175169,19801.468682903298
0.1 m/s,power,197.218899,18930.840446213686
0.1 m/s,power,197.259063,18737.370413160967
0.1 m/s,power,197.301036,18844.378923169636
0.1 m/s,power,197.342978,19255.33614352136
0.1 m/s,power,197.385272,18596.242308595574
0.1 m/s,power,197.971243,17923.297129713603
0.1 m/s,power,198.013006,17332.73103120221
0.1 m/s,power,198.059984,17241.22373847054
0.1 m/s,power,198.096933,17498.170247200134
0.1 m/s,power,198.138834,18337.540647535046
0.1 m/s,power,198.180774,17777.668266676596
0.1 m/s,power,198.222737,17511.314399553223
0.1 m/s,power,198.264686,19329.111852333
0.1 m/s,power,198.307593,17699.197072183808
0.1 m/s,power,198.349432,18122.60767660107
0.1 m/s,power,198.39055,18505.23852858968
0.1 m/s,power,198.98163,19687.14994609428
0.1 m/s,power,199.01967,19057.03914568053
0.1 m/s,power,199.061667,19939.10441820294
0.1 m/s,power,199.103599,20456.00471744177
0.1 m/s,power,199.1455,20496.694977483563
0.1 m/s,power,199.187599,19899.83743652194
0.1 m/s,power,199.230812,20626.802297011527
0.1 m/s,power,199.271372,20688.861254307834
0.1 m/s,power,199.313388,21434.72698683144
0.1 m/s,power,199.356983,22602.911405392006
0.1 m/s,power,199.397266,22280.18536727197
0.1 m/s,power,199.98626,24556.37041584118
0.1 m/s,power,200.027133,24218.62450677164
0.1 m/s,power,200.07358,24025.609877794985
0.1 m/s,power,200.110291,24172.936954371096
0.1 m/s,power,200.15787,23666.02478237526
0.1 m/s,power,200.194159,22784.45123324238
0.1 m/s,power,200.236026,22694.823815134587
0.1 m/s,power,200.27799,22549.619708544975
0.1 m/s,power,200.321371,23353.64917951796
0.1 m/s,power,200.361808,22213.845502298784
0.1 m/s,power,200.403727,22286.65614218517
0.1 m/s,power,200.992449,18121.358254832885
0.1 m/s,power,201.034114,17354.175203679373
0.1 m/s,power,201.074866,17769.1794126797
0.1 m/s,power,201.116775,18247.178083199607
0.1 m/s,power,201.158757,18079.06634757448
0.1 m/s,power,201.200781,17830.545841336432
0.1 m/s,power,201.242665,17898.06481159346
0.1 m/s,power,201.284663,17639.92859962874
0.1 m/s,power,201.326703,18023.267905682365
0.1 m/s,power,201.368552,18994.290221011153
0.1 m/s,power,201.410552,18539.12840453941
0.1 m/s,power,201.955681,14516.484457333325
0.1 m/s,power,201.997641,21112.527465938325
0.1 m/s,power,202.039659,21118.98588947869
0.1 m/s,power,202.08156,22468.569335852248
0.1 m/s,power,202.123543,21262.011687514423
0.1 m/s,power,202.165484,21915.915426922053
0.1 m/s,power,202.207459,21989.005639182502
0.1 m/s,power,202.249263,22455.88252552101
0.1 m/s,power,202.291337,23481.280075839135
0.1 m/s,power,202.333223,23298.993561954558
0.1 m/s,power,202.376594,22784.91327611321
0.1 m/s,power,202.962363,19779.338967720836
0.1 m/s,power,203.004272,23219.765308891474
0.1 m/s,power,203.051922,22965.220486640228
0.1 m/s,power,203.091821,22978.7065127696
0.1 m/s,power,203.130392,23231.94707724688
0.1 m/s,power,203.172074,21252.089897231283
0.1 m/s,power,203.213996,22370.27693167878
0.1 m/s,power,203.25594,22721.266602018473
0.1 m/s,power,203.299182,23194.23419731723
0.1 m/s,power,203.33973,22353.56913336213
0.1 m/s,power,203.38177,22886.92650838028
0.1 m/s,power,203.968962,18118.191659213677
0.1 m/s,power,204.010927,18198.876943372084
0.1 m/s,power,204.05279,17608.784881416435
0.1 m/s,power,204.0948,18104.219425316296
0.1 m/s,power,204.136766,17444.400964206252
0.1 m/s,power,204.178669,16753.55296646058
0.1 m/s,power,204.220673,16369.647797066375
0.1 m/s,power,204.266107,17116.208049682034
0.1 m/s,power,204.304535,15919.486423876871
0.1 m/s,power,204.346479,16817.70935650869
0.1 m/s,power,204.388504,16454.365499769352
0.1 m/s,power,204.975642,17713.526865082513
0.1 m/s,power,205.017572,17819.082608260167
0.1 m/s,power,205.05948,18265.852539643474
0.1 m/s,power,205.102704,19165.900996300697
0.1 m/s,power,205.143293,18925.23268020766
0.1 m/s,power,205.185272,19372.683087275236
0.1 m/s,power,205.22732,19878.13034467779
0.1 m/s,power,205.269248,20319.752582155128
0.1 m/s,power,205.311192,20628.40085900989
0.1 m/s,power,205.353081,20376.431704299946
0.1 m/s,power,205.395061,20407.106335784112
0.1 m/s,power,205.982247,23072.292127138127
0.1 m/s,power,206.024342,23212.707145010037
0.1 m/s,power,206.066331,22852.156528432937
0.1 m/s,power,206.108141,23541.27422209766
0.1 m/s,power,206.150163,23305.63152973976
0.1 m/s,power,206.19189,23745.506206438306
0.1 m/s,power,206.233873,23288.644486100948
0.1 m/s,power,206.27581,23386.867960460204
0.1 m/s,power,206.317777,22736.95340189622
0.1 m/s,power,206.359764,23600.06722448053
0.1 m/s,power,206.401646,22647.57333579031
0.1 m/s,power,206.993086,19565.19220452485
0.1 m/s,power,207.030929,18544.727013358814
0.1 m/s,power,207.07272,18702.952307055697
0.1 m/s,power,207.114634,17711.046496466548
0.1 m/s,power,207.156609,17622.23541438486
0.1 m/s,power,207.198609,17255.38365264592
0.1 m/s,power,207.240567,16577.844401489594
0.1 m/s,power,207.28252,15836.730218072165
0.1 m/s,power,207.325612,16209.047165086542
0.1 m/s,power,207.366428,16453.439822724
0.1 m/s,power,207.408248,15875.671355882874
0.1 m/s,power,207.953589,10991.521186805765
0.1 m/s,power,208.000894,16608.89984315638
0.1 m/s,power,208.039387,16500.76983052609
0.1 m/s,power,208.079401,16889.38127937196
0.1 m/s,power,208.121391,17812.30105853817
0.1 m/s,power,208.165374,18025.69801699784
0.1 m/s,power,208.205284,17854.634020332087
0.1 m/s,power,208.247123,18145.98605752798
0.1 m/s,power,208.289699,18984.46696644391
0.1 m/s,power,208.331088,18550.584168699377
0.1 m/s,power,208.373586,19004.03499260091
0.1 m/s,power,208.959928,17833.743297468427
0.1 m/s,power,209.003141,22148.74707517335
0.1 m/s,power,209.050589,21465.20032517749
0.1 m/s,power,209.086564,21390.073889540447
0.1 m/s,power,209.128084,22103.3303599254
0.1 m/s,power,209.171679,21076.98768799754
0.1 m/s,power,209.212383,21920.68028141463
0.1 m/s,power,209.255803,22007.360155184448
0.1 m/s,power,209.296422,21247.336680158292
0.1 m/s,power,209.338007,22262.074229505208
0.1 m/s,power,209.379991,22047.736255679403
0.1 m/s,power,209.96676,15256.249866857843
0.1 m/s,power,210.009712,15187.196252106576
0.1 m/s,power,210.051182,15815.533124115673
0.1 m/s,power,210.093685,14518.842412534135
0.1 m/s,power,210.134698,14343.955172824544
0.1 m/s,power,210.186839,14658.3300549551
0.1 m/s,power,210.222587,15106.50409591842
0.1 m/s,power,210.265719,14167.543365029804
0.1 m/s,power,210.302344,14011.548736667193
0.1 m/s,power,210.344952,13642.10075464919
0.1 m/s,power,210.3866,14135.248423710142
0.1 m/s,power,210.976055,14687.0377203846
0.1 m/s,power,211.015687,14990.926889288734
0.1 m/s,power,211.057854,14460.748701225673
0.1 m/s,power,211.099911,14453.407210758302
0.1 m/s,power,211.154572,15021.79060565018
0.1 m/s,power,211.183479,15433.819553176072
0.1 m/s,power,211.225405,16048.049476494021
0.1 m/s,power,211.278302,14886.90444652615
0.1 m/s,power,211.312748,16116.028822262639
0.1 m/s,power,211.351308,16407.19101491782
0.1 m/s,power,211.393226,16458.169187367104
0.1 m/s,power,211.98041,19175.933067259073
0.1 m/s,power,212.022082,19723.546461019632
0.1 m/s,power,212.064237,19597.78030798386
0.1 m/s,power,212.106224,19695.842226216173
0.1 m/s,power,212.148009,20766.118197679603
0.1 m/s,power,212.197858,20139.548381232387
0.1 m/s,power,212.232182,20148.69784874447
0.1 m/s,power,212.273954,19752.604739628645
0.1 m/s,power,212.315857,20198.74065381305
0.1 m/s,power,212.35759,20898.29172444485
0.1 m/s,power,212.399796,20700.835176388417
0.1 m/s,power,212.986799,18640.19678007719
0.1 m/s,power,213.034759,18748.59592076164
0.1 m/s,power,213.072878,18588.67660700998
0.1 m/s,power,213.118638,19190.28655335819
0.1 m/s,power,213.154889,18693.755347709033
0.1 m/s,power,213.196443,17843.824926287525
0.1 m/s,power,213.240747,17553.294192259185
0.1 m/s,power,213.281032,18091.71484409369
0.1 m/s,power,213.322939,17494.723433081188
0.1 m/s,power,213.364123,16982.70582092265
0.1 m/s,power,213.407077,17657.644520150472
0.1 m/s,power,213.951474,9297.932942326483
0.1 m/s,power,213.993324,14360.495047177168
0.1 m/s,power,214.035359,13944.731514088036
0.1 m/s,power,214.077488,13919.237227664453
0.1 m/s,power,214.120229,14266.006028317808
0.1 m/s,power,214.161396,13422.141855903626
0.1 m/s,power,214.203164,13276.470351716229
0.1 m/s,power,214.245268,14213.3689532074
0.1 m/s,power,214.292548,14037.060233538929
0.1 m/s,power,214.329036,13191.700610611202
0.1 m/s,power,214.382047,14129.386858600763
0.1 m/s,power,214.967951,11563.144598248351
0.1 m/s,power,215.000562,15385.69273708532
0.1 m/s,power,215.041943,15151.938291849
0.1 m/s,power,215.093956,15430.236550357871
0.1 m/s,power,215.125771,17065.924703923898
0.1 m/s,power,215.167913,17065.37230768787
0.1 m/s,power,215.209652,16995.609109414112
0.1 m/s,power,215.257219,17387.55408330913
0.1 m/s,power,215.293683,17432.849738353165
0.1 m/s,power,215.335722,17501.961061549646
0.1 m/s,power,215.377651,17900.14807201326
0.1 m/s,power,215.968355,18202.804893751952
0.1 m/s,power,216.007268,19574.914584743405
0.1 m/s,power,216.05306,19652.578914737882
0.1 m/s,power,216.09203,19832.618107552014
0.1 m/s,power,216.132748,20452.229805084826
0.1 m/s,power,216.174602,19028.24684515103
0.1 m/s,power,216.216621,19269.642264453174
0.1 m/s,power,216.258321,19335.408581149764
0.1 m/s,power,216.300682,18880.80117473832
0.1 m/s,power,216.34201,18328.805989480057
0.1 m/s,power,216.384162,19022.143938052828
0.1 m/s,power,216.971942,13266.870354382754
0.1 m/s,power,217.013626,13190.257010384596
0.1 m/s,power,217.055687,12985.105698453131
0.1 m/s,power,217.097469,12596.647212651465
0.1 m/s,power,217.139545,13016.24123931329
0.1 m/s,power,217.182215,13319.076394405132
0.1 m/s,power,217.223144,11746.117017976621
0.1 m/s,power,217.269384,12176.769440208682
0.1 m/s,power,217.307231,11327.678667758899
0.1 m/s,power,217.350258,11473.060838329062
0.1 m/s,power,217.390972,12138.318376117839
0.1 m/s,power,217.978356,13070.29552076004
0.1 m/s,power,218.02041,13363.407237677073
0.1 m/s,power,218.062239,13651.033807005242
0.1 m/s,power,218.103989,13709.571145736107
0.1 m/s,power,218.146495,13570.956119595996
0.1 m/s,power,218.188167,13445.142059494945
0.1 m/s,power,218.231809,13177.497827736492
0.1 m/s,power,218.273732,13616.35252187604
0.1 m/s,power,218.315827,14576.868044953962
0.1 m/s,power,218.35607,14600.68032661492
0.1 m/s,power,218.40071,15303.355351033313
0.1 m/s,power,218.985159,16812.830606414853
0.1 m/s,power,219.027574,16674.769563625163
0.1 m/s,power,219.068991,17446.610272485595
0.1 m/s,power,219.110911,17631.699861329307
0.1 m/s,power,219.152895,17858.359163148223
0.1 m/s,power,219.194702,17417.20741106335
0.1 m/s,power,219.236728,17791.666419984387
0.1 m/s,power,219.278622,17606.82983958214
0.1 m/s,power,219.320396,17013.473836932888
0.1 m/s,power,219.3624,18484.275939295
0.1 m/s,power,219.404505,18159.000110138222
0.1 m/s,power,219.949777,10665.56646409369
0.1 m/s,power,219.991645,17696.3938134299
0.1 m/s,power,220.033612,18772.41209860896
0.1 m/s,power,220.077948,18990.574530540143
0.1 m/s,power,220.118729,17293.77937294217
0.1 m/s,power,220.161136,18118.662892167293
0.1 m/s,power,220.200917,17768.735042202636
0.1 m/s,power,220.243039,18490.04772844029
0.1 m/s,power,220.285652,17833.8130807744
0.1 m/s,power,220.326986,18323.951129600842
0.1 m/s,power,220.368995,17870.93606949563
0.1 m/s,power,220.956611,12438.41649889567
0.1 m/s,power,220.998032,16607.188353240294
0.1 m/s,power,221.040591,17454.20112752228
0.1 m/s,power,221.08208,17350.157636171494
0.1 m/s,power,221.123814,16511.06916586567
0.1 m/s,power,221.165504,16748.31731846516
0.1 m/s,power,221.207481,16889.745320756025
0.1 m/s,power,221.249534,16207.706068410791
0.1 m/s,power,221.293156,16441.174653898666
0.1 m/s,power,221.33342,16698.90325739987
0.1 m/s,power,221.375877,16977.019820922633
0.1 m/s,power,221.962915,14253.097102033647
0.1 m/s,power,222.004752,16973.64501219464
0.1 m/s,power,222.046965,16991.522386178352
0.1 m/s,power,222.088613,16547.2426706083
0.1 m/s,power,222.13076,16911.568850937514
0.1 m/s,power,222.172597,16421.19630234046
0.1 m/s,power,222.214393,16090.296765442208
0.1 m/s,power,222.256274,16701.62821403949
0.1 m/s,power,222.298146,16877.024915547172
0.1 m/s,power,222.342821,16754.97254548631
0.1 m/s,power,222.382006,16160.901583760728
0.1 m/s,power,222.969736,17349.48212483589
0.1 m/s,power,223.011666,16913.431585577186
0.1 m/s,power,223.053006,17255.344679258076
0.1 m/s,power,223.094814,17564.051155698675
0.1 m/s,power,223.136963,17834.95749924849
0.1 m/s,power,223.178986,17008.04471419334
0.1 m/s,power,223.221192,16593.411343060234
0.1 m/s,power,223.262699,16993.512438574904
0.1 m/s,power,223.304816,16611.965958308487
0.1 m/s,power,223.34672,18149.686085439604
0.1 m/s,power,223.388536,16702.066009928232
0.1 m/s,power,223.981768,17731.049404928064
0.1 m/s,power,224.017905,16554.361660903753
0.1 m/s,power,224.05992,16923.441730333696
0.1 m/s,power,224.102089,18168.46157493804
0.1 m/s,power,224.145355,16897.196217124307
0.1 m/s,power,224.185696,17023.391260263037
0.1 m/s,power,224.227374,17413.82669030561
0.1 m/s,power,224.269821,16714.850941602796
0.1 m/s,power,224.313546,17177.275715316442
0.1 m/s,power,224.353639,16181.524186553008
0.1 m/s,power,224.395224,16628.701091787058
0.1 m/s,power,224.982686,14149.499673133321
0.1 m/s,power,225.02464,13480.234159687287
0.1 m/s,power,225.066672,14957.958717686046
0.1 m/s,power,225.108614,14931.379306681618
0.1 m/s,power,225.150397,13325.280785034138
0.1 m/s,power,225.192489,13532.242423190623
0.1 m/s,power,225.234438,13039.506163961885
0.1 m/s,power,225.276733,13738.83404805517
0.1 m/s,power,225.31865,12374.485363036316
0.1 m/s,power,225.360521,12915.810156548445
0.1 m/s,power,225.401992,12453.077129769974
0.1 m/s,power,225.990649,8816.796073404443
0.1 m/s,power,226.031211,8916.093370978122
0.1 m/s,power,226.07362,9160.234986068863
0.1 m/s,power,226.115565,8968.339199651182
0.1 m/s,power,226.157339,9750.62218527618
0.1 m/s,power,226.199116,9544.39615690799
0.1 m/s,power,226.240999,9293.950989756726
0.1 m/s,power,226.282907,9323.030891292809
0.1 m/s,power,226.324811,9864.92194596592
0.1 m/s,power,226.366864,10602.677774977414
0.1 m/s,power,226.953715,7602.632504599969
0.1 m/s,power,226.99571,11021.937488481779
0.1 m/s,power,227.037456,11980.344110249922
0.1 m/s,power,227.079924,11702.64965723575
0.1 m/s,power,227.122409,12257.310186170536
0.1 m/s,power,227.163925,11907.195219698046
0.1 m/s,power,227.205311,12644.47978368426
0.1 m/s,power,227.24772,12470.437883250132
0.1 m/s,power,227.289604,12324.30740447511
0.1 m/s,power,227.331712,12780.614421849992
0.1 m/s,power,227.373895,13009.299827431145
0.1 m/s,power,227.960124,13350.03479396215
0.1 m/s,power,228.003439,15797.523476798508
0.1 m/s,power,228.044184,15670.004530950207
0.1 m/s,power,228.087529,16951.513590237304
0.1 m/s,power,228.128923,15802.32495552474
0.1 m/s,power,228.171004,16430.84757399934
0.1 m/s,power,228.212779,16558.545165563308
0.1 m/s,power,228.254669,17069.964997034996
0.1 m/s,power,228.29594,15951.80406725208
0.1 m/s,power,228.338628,16114.534557349152
0.1 m/s,power,228.380219,16409.750668428816
0.1 m/s,power,228.968415,15858.610910164862
0.1 m/s,power,229.009542,15517.489616558472
0.1 m/s,power,229.052328,15525.814181549387
0.1 m/s,power,229.094617,15818.093722063984
0.1 m/s,power,229.135734,14564.158369092256
0.1 m/s,power,229.17795,14737.683298266385
0.1 m/s,power,229.219643,14393.387995881996
0.1 m/s,power,229.261256,14176.417107294776
0.1 m/s,power,229.302798,14044.413124086033
0.1 m/s,power,229.345853,14327.122704855989
0.1 m/s,power,229.386988,14098.816191439619
0.1 m/s,power,229.974107,11162.783344668122
0.1 m/s,power,230.015871,11000.180589426704
0.1 m/s,power,230.057924,10488.630463506664
0.1 m/s,power,230.099892,10387.336761653585
0.1 m/s,power,230.14163,11004.430562278085
0.1 m/s,power,230.183632,9756.401078266514
0.1 m/s,power,230.225756,10244.945875894124
0.1 m/s,power,230.269216,9457.495704466379
0.1 m/s,power,230.309232,9528.871759027928
0.1 m/s,power,230.352042,9542.138649170845
0.1 m/s,power,230.393951,9306.50718583508
0.1 m/s,power,230.980875,6736.582664823464
0.1 m/s,power,231.022267,7051.688379388302
0.1 m/s,power,231.064714,6984.3323231358345
0.1 m/s,power,231.106588,8986.877822692371
0.1 m/s,power,231.14846,7741.484095443199
0.1 m/s,power,231.189904,8400.781511264295
0.1 m/s,power,231.232195,7874.090233163448
0.1 m/s,power,231.274147,8964.774620702965
0.1 m/s,power,231.315982,8595.32721890214
0.1 m/s,power,231.359149,8501.778225759597
0.1 m/s,power,231.400083,8302.414708986777
0.1 m/s,power,231.987048,11803.975304955531
0.1 m/s,power,232.029445,11516.588253471598
0.1 m/s,power,232.071004,12826.175189821788
0.1 m/s,power,232.112938,13418.703365079651
0.1 m/s,power,232.154939,12830.06632874515
0.1 m/s,power,232.196923,12404.609223994117
0.1 m/s,power,232.238917,13057.372055662654
0.1 m/s,power,232.280915,13175.126299204876
0.1 m/s,power,232.323615,13399.601486611458
0.1 m/s,power,232.364268,13295.043437311517
0.1 m/s,power,232.951692,9198.690395920497
0.1 m/s,power,232.999713,14981.894406249165
0.1 m/s,power,233.035658,14308.65647082213
0.1 m/s,power,233.085118,14249.719435834517
0.1 m/s,power,233.119504,15078.068344453144
0.1 m/s,power,233.161425,14295.048408452487
0.1 m/s,power,233.214459,13625.191264712581
0.1 m/s,power,233.245443,14736.6797481658
0.1 m/s,power,233.287536,13877.939328300869
0.1 m/s,power,233.329537,13736.7306517963
0.1 m/s,power,233.371396,13767.99368099797
0.1 m/s,power,233.958571,8168.053134009352
0.1 m/s,power,234.000488,10458.39954295111
0.1 m/s,power,234.050194,10466.459955495937
0.1 m/s,power,234.08471,10616.398636072403
0.1 m/s,power,234.126141,10417.429433406305
0.1 m/s,power,234.168135,9584.980177339963
0.1 m/s,power,234.209934,9718.796324648438
0.1 m/s,power,234.252907,8939.901845098748
0.1 m/s,power,234.294817,8811.887992933185
0.1 m/s,power,234.336424,8736.478123362984
0.1 m/s,power,234.378401,8333.570963278587
0.1 m/s,power,234.964915,6939.430019821513
0.1 m/s,power,235.00689,7202.0033324068945
0.1 m/s,power,235.058203,7741.559791153202
0.1 m/s,power,235.091359,7077.749501077303
0.1 m/s,power,235.132677,9008.457415118306
0.1 m/s,power,235.17521,7418.399423056163
0.1 m/s,power,235.217489,8013.932991983399
0.1 m/s,power,235.259431,8771.211204845087
0.1 m/s,power,235.30138,8518.261618428962
0.1 m/s,power,235.343323,8019.221221540156
0.1 m/s,power,235.385376,9262.678068463785
0.1 m/s,power,235.972234,11488.498814031362
0.1 m/s,power,236.014165,11274.298204322964
0.1 m/s,power,236.056088,11387.44510414869
0.1 m/s,power,236.098013,11385.404911552334
0.1 m/s,power,236.140004,12381.588145306723
0.1 m/s,power,236.181925,12573.089556668241
0.1 m/s,power,236.223228,11826.23207112054
0.1 m/s,power,236.265079,13237.446166085057
0.1 m/s,power,236.307109,12470.001002405734
0.1 m/s,power,236.349014,13024.493003568317
0.1 m/s,power,236.392444,12357.498533279298
0.1 m/s,power,236.97816,13500.10996251512
0.1 m/s,power,237.020932,14191.490584149362
0.1 m/s,power,237.066693,13916.860170311404
0.1 m/s,power,237.104571,14300.926962962925
0.1 m/s,power,237.146494,14424.646962750941
0.1 m/s,power,237.188532,13337.846190446191
0.1 m/s,power,237.234995,13919.098390341236
0.1 m/s,power,237.271762,13877.5911814695
0.1 m/s,power,237.313755,13828.033880490748
0.1 m/s,power,237.35566,13947.106725052334
0.1 m/s,power,237.397608,13578.658586178533
0.1 m/s,power,237.984788,11960.612066278212
0.1 m/s,power,238.026731,12435.414146702153
0.1 m/s,power,238.068645,12234.55781791888
0.1 m/s,power,238.110567,11831.200488538769
0.1 m/s,power,238.152594,11585.600761289852
0.1 m/s,power,238.194529,11870.915760799586
0.1 m/s,power,238.236552,11940.4037201428
0.1 m/s,power,238.278346,11095.942681899542
0.1 m/s,power,238.320411,11570.404011960862
0.1 m/s,power,238.367627,12068.388873416368
0.1 m/s,power,238.950404,5649.558035811297
0.1 m/s,power,238.992322,10273.096904049917
0.1 m/s,power,239.034265,9794.494627085156
0.1 m/s,power,239.076228,9146.70869766825
0.1 m/s,power,239.118148,10737.970944270615
0.1 m/s,power,239.160119,10205.125084975685
0.1 m/s,power,239.202056,9434.297536117885
0.1 m/s,power,239.243986,10199.023727788852
0.1 m/s,power,239.28591,9512.612680015938
0.1 m/s,power,239.329176,8857.038161823624
0.1 m/s,power,239.368878,7924.572480582155
0.1 m/s,power,239.956146,4940.211027881298
0.1 m/s,power,239.99802,6397.722407232124
0.1 m/s,power,240.041397,6704.282884843092
0.1 m/s,power,240.081868,7433.7783125406695
0.1 m/s,power,240.12384,6535.980798625406
0.1 m/s,power,240.165799,7676.77621140541
0.1 m/s,power,240.208081,7246.572224162263
0.1 m/s,power,240.249847,7057.1606896825015
0.1 m/s,power,240.293385,7757.115249885101
0.1 m/s,power,240.333749,7122.022886792769
0.1 m/s,power,240.378554,7953.02571352564
0.1 m/s,power,240.962814,6528.836037150879
0.1 m/s,power,241.005148,8098.075944321589
0.1 m/s,power,241.051812,7364.510845942181
0.1 m/s,power,241.088645,8350.086526497795
0.1 m/s,power,241.130778,7967.438546986101
0.1 m/s,power,241.17276,6851.408176426215
0.1 m/s,power,241.215558,7044.912490584961
0.1 m/s,power,241.256743,7344.941456540004
0.1 m/s,power,241.298466,8007.277315042859
0.1 m/s,power,241.352603,7414.768641029875
0.1 m/s,power,241.382537,7351.320017520662
0.1 m/s,power,241.970093,7689.268690844402
0.1 m/s,power,242.012606,7780.131104293809
0.1 m/s,power,242.054553,7922.59679650555
0.1 m/s,power,242.096442,7716.123897398227
0.1 m/s,power,242.137757,8565.286043092781
0.1 m/s,power,242.183114,7187.353407200734
0.1 m/s,power,242.222162,7570.108387599216
0.1 m/s,power,242.263159,7558.032548223116
0.1 m/s,power,242.305608,7038.81247086467
0.1 m/s,power,242.348139,8208.708790059494
0.1 m/s,power,242.390419,7341.892943921207
0.1 m/s,power,242.976977,7263.011290091733
0.1 m/s,power,243.017851,7325.9323638701435
0.1 m/s,power,243.060823,7701.48719404246
0.1 m/s,power,243.102065,7766.447901067772
0.1 m/s,power,243.144186,7555.906960782405
0.1 m/s,power,243.18566,6831.004684524817
0.1 m/s,power,243.230877,7014.542180356462
0.1 m/s,power,243.269675,6126.864206100867
0.1 m/s,power,243.311731,7461.823101628716
0.1 m/s,power,243.353591,6978.859004163933
0.1 m/s,power,243.396928,6799.106411875019
0.1 m/s,power,243.982585,6019.409688665492
0.1 m/s,power,244.024555,5726.269291606884
0.1 m/s,power,244.066634,6345.2888035139895
0.1 m/s,power,244.108469,5345.666843341436
0.1 m/s,power,244.150323,5945.473067805455
0.1 m/s,power,244.193959,6558.524986610938
0.1 m/s,power,244.234265,6240.463524450727
0.1 m/s,power,244.276253,6190.057188750359
0.1 m/s,power,244.318179,5774.518594653583
0.1 m/s,power,244.36124,6457.343106882272
0.1 m/s,power,244.402192,6318.207419830407
0.1 m/s,power,244.947407,2402.602755346793
0.1 m/s,power,244.991117,5358.353571760639
0.1 m/s,power,245.032954,6034.290430531166
0.1 m/s,power,245.073232,5230.163381769254
0.1 m/s,power,245.115133,5994.372360806426
0.1 m/s,power,245.157096,5976.07245605339
0.1 m/s,power,245.198944,5505.034513969917
0.1 m/s,power,245.240844,6777.522408668229
0.1 m/s,power,245.282792,6115.741083466501
0.1 m/s,power,245.324824,6219.530689690339
0.1 m/s,power,245.366722,7015.1849583599715
0.1 m/s,power,245.953872,5177.957608941966
0.1 m/s,power,245.995847,7417.524182636683
0.1 m/s,power,246.037879,7751.903056669375
0.1 m/s,power,246.07976,7351.960418827076
0.1 m/s,power,246.121755,7122.61251227385
0.1 m/s,power,246.163605,7468.907282862735
0.1 m/s,power,246.205595,7103.180836780097
0.1 m/s,power,246.252995,7274.309108087174
0.1 m/s,power,246.290621,7187.416782126941
0.1 m/s,power,246.33148,7553.753239284429
0.1 m/s,power,246.373366,6889.652821441731
0.1 m/s,power,246.961698,4451.654186928719
0.1 m/s,power,247.002573,4711.9186113514315
0.1 m/s,power,247.044498,4302.267890310876
0.1 m/s,power,247.086457,4663.25519353166
0.1 m/s,power,247.128395,4869.292864472212
0.1 m/s,power,247.170341,4614.63151291628
0.1 m/s,power,247.213715,4451.869719567274
0.1 m/s,power,247.255955,5282.527046783575
0.1 m/s,power,247.297859,4504.830518454606
0.1 m/s,power,247.338791,4472.479066468618
0.1 m/s,power,247.380763,4645.254137288939
0.1 m/s,power,247.967331,5230.620039727603
0.1 m/s,power,248.009286,4006.455041554816
0.1 m/s,power,248.051123,4096.17443476227
0.1 m/s,power,248.093065,3534.7589733954987
0.1 m/s,power,248.134962,3781.5705731878124
0.1 m/s,power,248.176931,4503.99378329944
0.1 m/s,power,248.218761,4467.085067468494
0.1 m/s,power,248.260779,5286.337106163397
0.1 m/s,power,248.302689,5167.740318553168
0.1 m/s,power,248.344765,4398.927710249396
0.1 m/s,power,248.386648,4590.0027233107385
0.1 m/s,power,248.973821,6525.288959118975
0.1 m/s,power,249.015694,6646.752966674781
0.1 m/s,power,249.057688,6851.693659234918
0.1 m/s,power,249.099627,6544.374072438097
0.1 m/s,power,249.141624,6966.605270861842
0.1 m/s,power,249.183505,5773.570818826075
0.1 m/s,power,249.225531,6839.41700731868
0.1 m/s,power,249.267396,6065.385148529316
0.1 m/s,power,249.309369,6011.649524049119
0.1 m/s,power,249.351283,5638.417951872671
0.1 m/s,power,249.395361,6838.9912267819145
0.1 m/s,power,249.980475,6949.68733109627
0.1 m/s,power,250.027573,7577.036491927434
0.1 m/s,power,250.06444,7445.306239504188
0.1 m/s,power,250.106342,7431.328346937713
0.1 m/s,power,250.148287,8184.949236250644
0.1 m/s,power,250.190248,7918.2331993949265
0.1 m/s,power,250.237232,7680.695411224169
0.1 m/s,power,250.274145,8045.099440031801
0.1 m/s,power,250.316016,7936.847862974319
0.1 m/s,power,250.357939,7176.715195686673
0.1 m/s,power,250.399883,7421.289375842987
0.1 m/s,power,250.945183,3558.4631514180387
0.1 m/s,power,250.987102,6698.2176733814795
0.1 m/s,power,251.029305,6795.898910372343
0.1 m/s,power,251.071319,5917.321775938841
0.1 m/s,power,251.113113,7644.055598960542
0.1 m/s,power,251.15524,7048.795074337173
0.1 m/s,power,251.196985,6473.52678221076
0.1 m/s,power,251.238697,6329.669264661465
0.1 m/s,power,251.281234,7950.600291801871
1_ms,distance,0.0,52.940887040563915
1_ms,distance,0.041909,52.94044819627724
1_ms,distance,0.08394,52.94000807374756
1_ms,distance,0.126236,52.93936820200079
1_ms,distance,0.168848,52.938622245612265
1_ms,distance,0.209662,52.93768833628709
1_ms,distance,0.251615,52.93614834341872
1_ms,distance,0.293493,52.93461109861535
1_ms,distance,0.33562,52.93360053452247
1_ms,distance,0.377572,52.932661858944286
1_ms,distance,0.419654,52.931756434660514
1_ms,distance,1.006426,52.914512585509954
1_ms,distance,1.048366,52.91193660948499
1_ms,distance,1.090371,52.90935663570292
1_ms,distance,1.133214,52.905802018358564
1_ms,distance,1.174192,52.902203591989306
1_ms,distance,1.216166,52.89813736710751
1_ms,distance,1.257599,52.89362007735656
1_ms,distance,1.300106,52.888897119477114
1_ms,distance,1.342699,52.8822364522728
1_ms,distance,1.384576,52.875687748166946
1_ms,distance,1.428166,52.86806605056055
1_ms,distance,2.012644,52.6979036640975
1_ms,distance,2.054333,52.683025613819055
1_ms,distance,2.096549,52.66795943519976
1_ms,distance,2.139009,52.652503877379715
1_ms,distance,2.18098,52.63721395751762
1_ms,distance,2.223067,52.62236849574767
1_ms,distance,2.265482,52.60774818532298
1_ms,distance,2.306818,52.59329240807936
1_ms,distance,2.348831,52.577794919332696
1_ms,distance,2.3907,52.56235063790372
1_ms,distance,2.432745,52.54780732939128
1_ms,distance,3.022415,52.338926797645705
1_ms,distance,3.061164,52.32495720209383
1_ms,distance,3.103091,52.309866299036955
1_ms,distance,3.145656,52.29473452474058
1_ms,distance,3.187473,52.27986871830269
1_ms,distance,3.240244,52.26205516621859
1_ms,distance,3.270882,52.2518536927926
1_ms,distance,3.312672,52.23779719289306
1_ms,distance,3.355154,52.223234944584654
1_ms,distance,3.397466,52.208730885772354
1_ms,distance,3.439405,52.19494314731064
1_ms,distance,4.029152,52.00217644500638
1_ms,distance,4.071215,51.98921541700445
1_ms,distance,4.110668,51.97662615138749
1_ms,distance,4.152184,51.96238968686589
1_ms,distance,4.206493,51.94410820195095
1_ms,distance,4.235621,51.935326133287155
1_ms,distance,4.27738,51.922735753193166
1_ms,distance,4.3199,51.90978519546718
1_ms,distance,4.362244,51.89676290917567
1_ms,distance,4.404095,51.88394030536833
1_ms,distance,4.446062,51.87137814166454
1_ms,distance,5.032437,51.70953247465518
1_ms,distance,5.075174,51.69850123640546
1_ms,distance,5.117921,51.68700516046428
1_ms,distance,5.159081,51.675414523629975
1_ms,distance,5.20101,51.66367241170466
1_ms,distance,5.242939,51.65284905396906
1_ms,distance,5.284925,51.642010987155935
1_ms,distance,5.328243,51.63056448806064
1_ms,distance,5.370931,51.61916878447666
1_ms,distance,5.410243,51.6088566554881
1_ms,distance,5.452191,51.5982952707554
1_ms,distance,5.997746,51.458759179842055
1_ms,distance,6.039603,51.44889592892904
1_ms,distance,6.08162,51.439002487704464
1_ms,distance,6.123726,51.428928518565726
1_ms,distance,6.165969,51.41871748560148
1_ms,distance,6.207387,51.40884082300768
1_ms,distance,6.258825,51.39716539772119
1_ms,distance,6.291068,51.38984687422159
1_ms,distance,6.332516,51.38011931698663
1_ms,distance,6.375114,51.370053260267944
1_ms,distance,6.41786,51.3601998913294
1_ms,distance,7.007559,51.22750693576005
1_ms,distance,7.046045,51.219552585412224
1_ms,distance,7.087735,51.21093600492028
1_ms,distance,7.130114,51.20194175719911
1_ms,distance,7.17202,51.192971212135284
1_ms,distance,7.213975,51.18407886267869
1_ms,distance,7.255935,51.175333127519785
1_ms,distance,7.297963,51.16657322966964
1_ms,distance,7.339855,51.15766575832059
1_ms,distance,7.381771,51.14875206713782
1_ms,distance,7.423988,51.14009325780125
1_ms,distance,8.010882,51.02267906017251
1_ms,distance,8.05274,51.01506333011829
1_ms,distance,8.098108,51.00680898315377
1_ms,distance,8.137202,50.999599817715726
1_ms,distance,8.178147,50.992048972564476
1_ms,distance,8.219993,50.984582348959094
1_ms,distance,8.262797,50.977181243647145
1_ms,distance,8.304632,50.96984021752647
1_ms,distance,8.346626,50.96187378566524
1_ms,distance,8.38849,50.9539319584478
1_ms,distance,8.432287,50.94622330104718
1_ms,distance,9.01756,50.84599747322246
1_ms,distance,9.059667,50.83923968870318
1_ms,distance,9.101517,50.83250491086459
1_ms,distance,9.147556,50.824860232057524
1_ms,distance,9.185135,50.81862029034716
1_ms,distance,9.226851,50.81196802526044
1_ms,distance,9.272666,50.80480014036445
1_ms,distance,9.311436,50.79857790637661
1_ms,distance,9.352637,50.79164338615362
1_ms,distance,9.395001,50.78451308027036
1_ms,distance,9.437619,50.777837717895984
1_ms,distance,10.024899,50.680485807812616
1_ms,distance,10.067732,50.673470428964585
1_ms,distance,10.108513,50.66681350005651
1_ms,distance,10.150284,50.66006293340402
1_ms,distance,10.192266,50.65327826714258
1_ms,distance,10.234166,50.64691895053926
1_ms,distance,10.276109,50.64062169207095
1_ms,distance,10.318109,50.63424708784076
1_ms,distance,10.360195,50.62778271667956
1_ms,distance,10.401926,50.62140027030766
1_ms,distance,10.443904,50.61526365821507
1_ms,distance,11.030283,50.529761453671995
1_ms,distance,11.07218,50.5240999620894
1_ms,distance,11.118054,50.51769655479933
1_ms,distance,11.156923,50.512043187733404
1_ms,distance,11.198067,50.506058895415926
1_ms,distance,11.240503,50.50063783303276
1_ms,distance,11.282463,50.495280512618756
1_ms,distance,11.335815,50.48834453674736
1_ms,distance,11.365926,50.484400608812
1_ms,distance,11.407656,50.478996288592434
1_ms,distance,11.450124,50.47371111460487
1_ms,distance,11.995857,50.408240715744654
1_ms,distance,12.037932,50.40333448413118
1_ms,distance,12.081158,50.39830962795104
1_ms,distance,12.121189,50.39348321654858
1_ms,distance,12.163289,50.388272020049676
1_ms,distance,12.217252,50.38177937341423
1_ms,distance,12.246701,50.37842366657409
1_ms,distance,12.288376,50.373674797225156
1_ms,distance,12.331323,50.36855224270534
1_ms,distance,12.37327,50.36348241305277
1_ms,distance,12.425268,50.3574107268223
1_ms,distance,13.002425,50.29281502664262
1_ms,distance,13.044376,50.28842616212499
1_ms,distance,13.086463,50.28402308003597
1_ms,distance,13.129365,50.27936080901544
1_ms,distance,13.172628,50.27459296554341
1_ms,distance,13.21169,50.270341922979306
1_ms,distance,13.253614,50.265889324180584
1_ms,distance,13.295586,50.26143163574253
1_ms,distance,13.33801,50.256995514583984
1_ms,distance,13.379832,50.252626911299934
1_ms,distance,13.421743,50.24843012481354
1_ms,distance,14.008254,50.193926027657135
1_ms,distance,14.050013,50.19051496471268
1_ms,distance,14.092475,50.18704646971214
1_ms,distance,14.13477,50.18347279299503
1_ms,distance,14.176712,50.17991037256179
1_ms,distance,14.218625,50.17643049056341
1_ms,distance,14.263016,50.172834415171614
1_ms,distance,14.305568,50.169409246252584
1_ms,distance,14.343643,50.16643870703686
1_ms,distance,14.385567,50.16316789409018
1_ms,distance,14.433209,50.159676178606894
1_ms,distance,15.01471,50.120834844013864
1_ms,distance,15.056724,50.11850289830016
1_ms,distance,15.098714,50.11617205436067
1_ms,distance,15.140604,50.113827614207345
1_ms,distance,15.182586,50.11147801011832
1_ms,distance,15.22441,50.109265165223086
1_ms,distance,15.266505,50.10711493834746
1_ms,distance,15.308354,50.1049587993337
1_ms,distance,15.350306,50.10273931286128
1_ms,distance,15.392316,50.10051674865655
1_ms,distance,15.434345,50.09849183072242
1_ms,distance,16.021582,50.07204614431179
1_ms,distance,16.063226,50.070439723505686
1_ms,distance,16.105208,50.06882262744234
1_ms,distance,16.147161,50.06721857845161
1_ms,distance,16.189133,50.06561379107855
1_ms,distance,16.231095,50.06413455794126
1_ms,distance,16.274276,50.062648027359636
1_ms,distance,16.314898,50.06123104365194
1_ms,distance,16.356829,50.05974086672197
1_ms,distance,16.398733,50.0582542665991
1_ms,distance,16.440764,50.05698087166857
1_ms,distance,17.028115,50.04206306918061
1_ms,distance,17.071292,50.04123313961262
1_ms,distance,17.111812,50.04046367043038
1_ms,distance,17.153727,50.03968697689491
1_ms,distance,17.200891,50.03881919659475
1_ms,distance,17.238701,50.03820652796724
1_ms,distance,17.279633,50.03754327333325
1_ms,distance,17.321519,50.03687551604741
1_ms,distance,17.363517,50.036214754328356
1_ms,distance,17.405485,50.03557047659975
1_ms,distance,17.447369,50.03500402779475
1_ms,distance,17.992646,50.03004153969921
1_ms,distance,18.034571,50.029892534240446
1_ms,distance,18.076516,50.0297543272662
1_ms,distance,18.118614,50.029648158680324
1_ms,distance,18.160451,50.02957711580842
1_ms,distance,18.20793,50.0295115213421
1_ms,distance,18.244447,50.02950611957372
1_ms,distance,18.286316,50.02949992607169
1_ms,distance,18.330908,50.029546789187506
1_ms,distance,18.370545,50.029605780082136
1_ms,distance,18.412692,50.029694551002336
1_ms,distance,18.999289,50.034143650414244
1_ms,distance,19.041209,50.034718549852734
1_ms,distance,19.083184,50.03529420459775
1_ms,distance,19.125132,50.035973142546624
1_ms,distance,19.16704,50.036709379290606
1_ms,distance,19.208937,50.03744602685073
1_ms,distance,19.252297,50.038210216717644
1_ms,distance,19.292745,50.03892308381749
1_ms,distance,19.334735,50.039768070288225
1_ms,distance,19.37669,50.040628122789364
1_ms,distance,19.41882,50.041516021482956
1_ms,distance,20.005836,50.05868873612127
1_ms,distance,20.047861,50.06021923477267
1_ms,distance,20.089757,50.061745027296574
1_ms,distance,20.131726,50.063436748185204
1_ms,distance,20.17768,50.06533435049875
1_ms,distance,20.217628,50.067020762074264
1_ms,distance,20.257544,50.06874481823499
1_ms,distance,20.299546,50.07056293965834
1_ms,distance,20.341492,50.07250171725432
1_ms,distance,20.383386,50.07443808150279
1_ms,distance,20.425335,50.076372830711
1_ms,distance,21.0126,50.10762835479925
1_ms,distance,21.05456,50.11003219891463
1_ms,distance,21.096659,50.11244400608036
1_ms,distance,21.142432,50.115338134516705
1_ms,distance,21.182181,50.11785981699747
1_ms,distance,21.22435,50.12061996716266
1_ms,distance,21.264361,50.1232884432911
1_ms,distance,21.30642,50.126110112372004
1_ms,distance,21.348518,50.129003251937725
1_ms,distance,21.39033,50.131876729453516
1_ms,distance,21.432221,50.13471599136096
1_ms,distance,22.019224,50.1786727468874
1_ms,distance,22.061203,50.181877864297206
1_ms,distance,22.103107,50.18510800168143
1_ms,distance,22.145027,50.18857311020154
1_ms,distance,22.187169,50.19205654678987
1_ms,distance,22.229401,50.195452936376185
1_ms,distance,22.270827,50.19875158634388
1_ms,distance,22.312759,50.20221434686915
1_ms,distance,22.354731,50.20591425085915
1_ms,distance,22.396654,50.20960984635454
1_ms,distance,22.438789,50.2130442326197
1_ms,distance,23.025905,50.26557102181771
1_ms,distance,23.069095,50.269569948827616
1_ms,distance,23.109741,50.27331210648349
1_ms,distance,23.151678,50.27711773221832
1_ms,distance,23.193622,50.28092398538367
1_ms,distance,23.235579,50.28464876484144
1_ms,distance,23.277578,50.28836707202706
1_ms,distance,23.319423,50.292190165522406
1_ms,distance,23.361303,50.29613198976902
1_ms,distance,23.403334,50.300097377595144
1_ms,distance,23.44534,50.304127985458024
1_ms,distance,23.990566,50.362515814413385
1_ms,distance,24.032439,50.36746432626874
1_ms,distance,24.074472,50.37247277164798
1_ms,distance,24.116359,50.37752718533333
1_ms,distance,24.158256,50.38266599750409
1_ms,distance,24.200253,50.387809687429744
1_ms,distance,24.245292,50.3931692884256
1_ms,distance,24.284165,50.39779511763541
1_ms,distance,24.326084,50.403007946481196
1_ms,distance,24.369556,50.40853154461104
1_ms,distance,24.409923,50.41367847533195
1_ms,distance,24.997207,50.49105727744103
1_ms,distance,25.039047,50.49657472536688
1_ms,distance,25.081067,50.502110396346076
1_ms,distance,25.122887,50.50775454093664
1_ms,distance,25.164834,50.513509983553995
1_ms,distance,25.206826,50.51922090849842
1_ms,distance,25.248716,50.52472134588804
1_ms,distance,25.290738,50.530239095411275
1_ms,distance,25.332693,50.536013261751116
1_ms,distance,25.374688,50.54185069879706
1_ms,distance,25.41659,50.54760039935443
1_ms,distance,26.003766,50.634209887175246
1_ms,distance,26.045779,50.64065432502111
1_ms,distance,26.087708,50.64708588971701
1_ms,distance,26.130967,50.65458467484705
1_ms,distance,26.171539,50.6618780126504
1_ms,distance,26.213486,50.66912012189853
1_ms,distance,26.255381,50.67583147334945
1_ms,distance,26.302707,50.6834417788041
1_ms,distance,26.339378,50.6895533170627
1_ms,distance,26.381278,50.69653631444975
1_ms,distance,26.423218,50.70334740988665
1_ms,distance,27.010451,50.8032907813572
1_ms,distance,27.052406,50.81058504222972
1_ms,distance,27.094304,50.817869396251446
1_ms,distance,27.136243,50.82584118666041
1_ms,distance,27.178251,50.83389655177528
1_ms,distance,27.220332,50.84198444830736
1_ms,distance,27.26211,50.85003066383229
1_ms,distance,27.304067,50.85809369386394
1_ms,distance,27.346029,50.86604788838853
1_ms,distance,27.387797,50.873965340166485
1_ms,distance,27.430866,50.88181128664392
1_ms,distance,28.018534,50.98951436502927
1_ms,distance,28.060488,50.99702520323355
1_ms,distance,28.106974,51.005450355192146
1_ms,distance,28.147014,51.01309006506036
1_ms,distance,28.190592,51.021404811576986
1_ms,distance,28.226939,51.028389093775765
1_ms,distance,28.274729,51.03758935595227
1_ms,distance,28.316609,51.045791501720025
1_ms,distance,28.352774,51.053028556279266
1_ms,distance,28.394774,51.06143327631599
1_ms,distance,28.436572,51.06955783345629
1_ms,distance,29.02377,51.19243476005285
1_ms,distance,29.065476,51.20106436102591
1_ms,distance,29.111493,51.210661202239145
1_ms,distance,29.151648,51.21919779872144
1_ms,distance,29.191494,51.22766870646331
1_ms,distance,29.243399,51.238380005958284
1_ms,distance,29.275327,51.2449390432265
1_ms,distance,29.31796,51.25404542121065
1_ms,distance,29.359262,51.26325916995871
1_ms,distance,29.402322,51.27283487735802
1_ms,distance,29.443133,51.281637122942094
1_ms,distance,30.030591,51.41797082604777
1_ms,distance,30.072412,51.427909177783974
1_ms,distance,30.114235,51.437980895917306
1_ms,distance,30.156294,51.448325029170284
1_ms,distance,30.198107,51.45860864846971
1_ms,distance,30.239814,51.46850377145538
1_ms,distance,30.282041,51.47852113387119
1_ms,distance,30.323887,51.48932011731862
1_ms,distance,30.373091,51.502665189220124
1_ms,distance,30.408549,51.51197664547493
1_ms,distance,30.994982,51.65877056965436
1_ms,distance,31.037434,51.66921628763009
1_ms,distance,31.07925,51.67947736300782
1_ms,distance,31.131064,51.692480896157406
1_ms,distance,31.163334,51.70068364469491
1_ms,distance,31.204928,51.711169526694896
1_ms,distance,31.247329,51.72139652533096
1_ms,distance,31.289643,51.73160259174908
1_ms,distance,31.331592,51.742067491907164
1_ms,distance,31.373599,51.75263631731787
1_ms,distance,31.415491,51.76297916615253
1_ms,distance,32.002155,51.915466519420164
1_ms,distance,32.043936,51.926352938021765
1_ms,distance,32.086119,51.93734415677504
1_ms,distance,32.140401,51.95285628962755
1_ms,distance,32.169713,51.96144507152475
1_ms,distance,32.22101,51.975897791944355
1_ms,distance,32.253559,51.98460910265662
1_ms,distance,32.295158,51.99574248713055
1_ms,distance,32.337917,52.00779845482802
1_ms,distance,32.3792,52.01948407653776
1_ms,distance,32.421157,52.03140286508371
1_ms,distance,33.016056,52.202070570623924
1_ms,distance,33.050497,52.21157471240408
1_ms,distance,33.092453,52.223152638235504
1_ms,distance,33.134749,52.234848442865726
1_ms,distance,33.177177,52.24658451678822
1_ms,distance,33.224118,52.25859210564145
1_ms,distance,33.259901,52.26713972252339
1_ms,distance,33.308382,52.27855516395003
1_ms,distance,33.34396,52.28647395170057
1_ms,distance,33.386013,52.29583390840892
1_ms,distance,33.433881,52.30497025550804
1_ms,distance,34.016489,52.36350053521264
1_ms,distance,34.05746,52.36601725817741
1_ms,distance,34.099054,52.36858008876442
1_ms,distance,34.141757,52.37161196173087
1_ms,distance,34.190693,52.37508638804103
1_ms,distance,34.225461,52.3777590613301
1_ms,distance,34.266779,52.38100248670705
1_ms,distance,34.308793,52.38417015447035
1_ms,distance,34.350959,52.386959463505356
1_ms,distance,34.393078,52.389745665545
1_ms,distance,34.434973,52.39207419888465
1_ms,distance,35.022317,52.410458415598335
1_ms,distance,35.064209,52.41057245870082
1_ms,distance,35.106218,52.41063638534957
1_ms,distance,35.148182,52.41048549943976
1_ms,distance,35.190091,52.41033481155645
1_ms,distance,35.232156,52.410062926699425
1_ms,distance,35.27399,52.409763729550704
1_ms,distance,35.315949,52.4094255815685
1_ms,distance,35.357294,52.40904105687209
1_ms,distance,35.398869,52.408654179612135
1_ms,distance,35.440906,52.40824910858533
1_ms,distance,36.03219,52.40412686098868
1_ms,distance,36.070106,52.403930392600024
1_ms,distance,36.117486,52.40362408832317
1_ms,distance,36.154078,52.40331891867805
1_ms,distance,36.196069,52.40296872260169
1_ms,distance,36.238774,52.4026023651322
1_ms,distance,36.279794,52.40224994032645
1_ms,distance,36.321768,52.402067158840254
1_ms,distance,36.364026,52.402023446187755
1_ms,distance,36.405705,52.40193850550589
1_ms,distance,36.993484,52.41051717787231
1_ms,distance,37.034754,52.41189758528164
1_ms,distance,37.076775,52.413300997978546
1_ms,distance,37.119994,52.41440940178372
1_ms,distance,37.160821,52.41514432829067
1_ms,distance,37.202721,52.415858829309926
1_ms,distance,37.244651,52.41624218732511
1_ms,distance,37.28649,52.416624712649906
1_ms,distance,37.333861,52.41716826823947
1_ms,distance,37.370369,52.417615239684345
1_ms,distance,37.418917,52.41804629953796
1_ms,distance,38.010856,52.42324083945689
1_ms,distance,38.042188,52.42422871419615
1_ms,distance,38.083426,52.4255289117855
1_ms,distance,38.125513,52.42610436032499
1_ms,distance,38.167084,52.42626975400314
1_ms,distance,38.20967,52.42642622381599
1_ms,distance,38.251546,52.42654536048202
1_ms,distance,38.293836,52.42666567467067
1_ms,distance,38.335576,52.426818175924424
1_ms,distance,38.37744,52.426975118203444
1_ms,distance,38.419663,52.42725000373183
1_ms,distance,39.006844,52.52342740839772
1_ms,distance,39.049019,52.52360897294349
1_ms,distance,39.090815,52.5237889055176
1_ms,distance,39.13262,52.523836913045116
1_ms,distance,39.174882,52.5238566570709
1_ms,distance,39.231606,52.52371924626788
1_ms,distance,39.261752,52.52358525864445
1_ms,distance,39.30019,52.52341474854897
1_ms,distance,39.341879,52.523236514930126
1_ms,distance,39.384613,52.5230538146916
1_ms,distance,39.425335,52.52296079970156
1_ms,distance,40.012734,52.52459633998524
1_ms,distance,40.054704,52.52518474736743
1_ms,distance,40.09855,52.525804341531796
1_ms,distance,40.138772,52.52699242035008
1_ms,distance,40.186172,52.52839252556377
1_ms,distance,40.226788,52.52921026620522
1_ms,distance,40.26558,52.52983715428339
1_ms,distance,40.30645,52.53052218524968
1_ms,distance,40.353028,52.53141417409557
1_ms,distance,40.390619,52.532134058706475
1_ms,distance,40.432591,52.53276831577995
1_ms,distance,41.019381,52.44631279240842
1_ms,distance,41.066749,52.44704476944905
1_ms,distance,41.103344,52.44762961153505
1_ms,distance,41.146337,52.448456759417105
1_ms,distance,41.187283,52.449244523673315
1_ms,distance,41.230557,52.4502304651748
1_ms,distance,41.272575,52.451238262636394
1_ms,distance,41.313596,52.45186435761907
1_ms,distance,41.35488,52.45189296503422
1_ms,distance,41.398079,52.45192289941525
1_ms,distance,41.438727,52.45161973499573
1_ms,distance,42.02618,52.44841059084813
1_ms,distance,42.068545,52.44829881302985
1_ms,distance,42.11003,52.44818281143174
1_ms,distance,42.152324,52.448047750154196
1_ms,distance,42.193625,52.44791586071607
1_ms,distance,42.235685,52.44795589041224
1_ms,distance,42.277883,52.44801758313596
1_ms,distance,42.32,52.447793940615895
1_ms,distance,42.361864,52.44730654366731
1_ms,distance,42.404197,52.44681707747173
1_ms,distance,42.445608,52.446358503324646
1_ms,distance,42.487155,52.44589842427942
1_ms,distance,42.529438,52.44540815630977
1_ms,distance,42.571491,52.4449127692224
1_ms,distance,42.613274,52.444597721537804
1_ms,distance,42.655491,52.444597721537804
1_ms,power,0.0,2.562103980926691e-10
1_ms,power,0.041909,2.657614825132461e-10
1_ms,power,0.08394,3.24359985536526e-10
1_ms,power,0.126236,2.7496911159161347e-10
1_ms,power,0.168848,2.8742300540283807e-10
1_ms,power,0.209662,2.634690465089908e-10
1_ms,power,0.251615,2.566623377869482e-10
1_ms,power,0.293493,2.9894806839209796e-10
1_ms,power,0.33562,2.49859978055866e-10
1_ms,power,0.377572,2.69609272233058e-10
1_ms,power,0.419654,2.0874389864839802e-10
1_ms,power,1.006426,3.5305792497824523e-10
1_ms,power,1.048366,3.4515283265130694e-10
1_ms,power,1.090371,2.651067585817118e-10
1_ms,power,1.133214,3.1269810855950516e-10
1_ms,power,1.174192,2.712161233421123e-10
1_ms,power,1.216166,2.5687297440576056e-10
1_ms,power,1.257599,3.333576941916717e-10
1_ms,power,1.300106,2.6660890438144685e-10
1_ms,power,1.342699,2.5659022559824495e-10
1_ms,power,1.384576,2.866206512480386e-10
1_ms,power,1.428166,3.282074453593429e-10
1_ms,power,2.012644,2.872793365821697e-10
1_ms,power,2.054333,2.769909037082907e-10
1_ms,power,2.096549,2.7094579912814676e-10
1_ms,power,2.139009,2.6257337148990627e-10
1_ms,power,2.18098,3.1296932588640457e-10
1_ms,power,2.223067,2.6034864301292067e-10
1_ms,power,2.265482,3.0925055943980946e-10
1_ms,power,2.306818,2.961130478741314e-10
1_ms,power,2.348831,3.0218973085883087e-10
1_ms,power,2.3907,2.8903817166184993e-10
1_ms,power,2.432745,3.1934301290425587e-10
1_ms,power,3.022415,4.410931559482469e-10
1_ms,power,3.061164,4.5359277197478966e-10
1_ms,power,3.103091,4.909584144889043e-10
1_ms,power,3.145656,4.1831648762307003e-10
1_ms,power,3.187473,4.722609078913594e-10
1_ms,power,3.240244,5.460349226670846e-10
1_ms,power,3.270882,4.373810300496358e-10
1_ms,power,3.312672,4.6277831422787086e-10
1_ms,power,3.355154,4.5691319935880874e-10
1_ms,power,3.397466,5.02223623187729e-10
1_ms,power,3.439405,4.2043237134693446e-10
1_ms,power,4.029152,5.933247971706253e-10
1_ms,power,4.071215,6.313956769851807e-10
1_ms,power,4.110668,5.854386487727967e-10
1_ms,power,4.152184,6.514253954376442e-10
1_ms,power,4.206493,6.232972384277139e-10
1_ms,power,4.235621,5.656247135204596e-10
1_ms,power,4.27738,5.979438777122726e-10
1_ms,power,4.3199,5.981622510669478e-10
1_ms,power,4.362244,6.257100617085706e-10
1_ms,power,4.404095,6.096226226236814e-10
1_ms,power,4.446062,6.704091150482925e-10
1_ms,power,5.032437,7.207177737880235e-10
1_ms,power,5.075174,6.926216645037045e-10
1_ms,power,5.117921,6.84188765314191e-10
1_ms,power,5.159081,6.994331090962696e-10
1_ms,power,5.20101,7.50191494844741e-10
1_ms,power,5.242939,6.619323039254498e-10
1_ms,power,5.284925,7.223236481520572e-10
1_ms,power,5.328243,7.217210544323123e-10
1_ms,power,5.370931,6.966988124548851e-10
1_ms,power,5.410243,7.679537377078286e-10
1_ms,power,5.452191,6.862294456850127e-10
1_ms,power,5.997746,8.060310709112475e-10
1_ms,power,6.039603,7.475968273365854e-10
1_ms,power,6.08162,7.807193295032938e-10
1_ms,power,6.123726,7.900849451460568e-10
1_ms,power,6.165969,7.80390188697557e-10
1_ms,power,6.207387,7.51936297213641e-10
1_ms,power,6.258825,8.008152161364623e-10
1_ms,power,6.291068,7.680973683255161e-10
1_ms,power,6.332516,8.194139326511301e-10
1_ms,power,6.375114,8.149600845970008e-10
1_ms,power,6.41786,7.987095977895384e-10
1_ms,power,7.007559,8.935599779554003e-10
1_ms,power,7.046045,8.94843208829543e-10
1_ms,power,7.087735,9.125831735263686e-10
1_ms,power,7.130114,9.389514447769876e-10
1_ms,power,7.17202,9.808088930737507e-10
1_ms,power,7.213975,9.597987709462703e-10
1_ms,power,7.255935,9.96921349856759e-10
1_ms,power,7.297963,9.751388303292958e-10
1_ms,power,7.339855,8.865877055672692e-10
1_ms,power,7.381771,8.598150359414517e-10
1_ms,power,7.423988,9.387519780176979e-10
1_ms,power,8.010882,8.940230139049405e-10
1_ms,power,8.05274,8.549947546948891e-10
1_ms,power,8.098108,8.266788846871416e-10
1_ms,power,8.137202,8.631431590764191e-10
1_ms,power,8.178147,8.932964938828748e-10
1_ms,power,8.219993,8.64009799296987e-10
1_ms,power,8.262797,9.146031720502071e-10
1_ms,power,8.304632,8.841228169100247e-10
1_ms,power,8.346626,8.880750095673672e-10
1_ms,power,8.38849,9.755886699779515e-10
1_ms,power,8.432287,8.573350731348592e-10
1_ms,power,9.01756,9.555760280616683e-10
1_ms,power,9.059667,9.732560871386623e-10
1_ms,power,9.101517,1.0443063375223448e-09
1_ms,power,9.147556,9.24939453531755e-10
1_ms,power,9.185135,9.254866843705972e-10
1_ms,power,9.226851,9.37106519408048e-10
1_ms,power,9.272666,9.257429598598908e-10
1_ms,power,9.311436,9.311641542205108e-10
1_ms,power,9.352637,1.0006018025672299e-09
1_ms,power,9.395001,9.66514371224355e-10
1_ms,power,9.437619,9.871153608964398e-10
1_ms,power,10.024899,1.1184929260486533e-09
1_ms,power,10.067732,1.1265687165185075e-09
1_ms,power,10.108513,1.214089047353052e-09
1_ms,power,10.150284,1.220886482368104e-09
1_ms,power,10.192266,1.2046666576937468e-09
1_ms,power,10.234166,1.1388382955573728e-09
1_ms,power,10.276109,1.255746761336509e-09
1_ms,power,10.318109,1.1927804123804122e-09
1_ms,power,10.360195,1.2303093553470682e-09
1_ms,power,10.401926,1.234813920178933e-09
1_ms,power,10.443904,1.196520530191599e-09
1_ms,power,11.030283,1.3605512477781033e-09
1_ms,power,11.07218,1.423538377413765e-09
1_ms,power,11.118054,1.4172555849797759e-09
1_ms,power,11.156923,1.4736661010661055e-09
1_ms,power,11.198067,1.4347891833701628e-09
1_ms,power,11.240503,1.4761787900625255e-09
1_ms,power,11.282463,1.5239615152849937e-09
1_ms,power,11.335815,1.5295922282791912e-09
1_ms,power,11.365926,1.5067953709893846e-09
1_ms,power,11.407656,1.5373171909395098e-09
1_ms,power,11.450124,1.4775774181311739e-09
1_ms,power,11.995857,1.6243120695037138e-09
1_ms,power,12.037932,1.5807996468767214e-09
1_ms,power,12.081158,1.634839087399016e-09
1_ms,power,12.121189,1.6026893518907663e-09
1_ms,power,12.163289,1.595428443880417e-09
1_ms,power,12.217252,1.6444748070443424e-09
1_ms,power,12.246701,1.7044863672812934e-09
1_ms,power,12.288376,1.7028310594836223e-09
1_ms,power,12.331323,1.7489836289107327e-09
1_ms,power,12.37327,1.7679147156284142e-09
1_ms,power,12.425268,1.824000372706074e-09
1_ms,power,13.002425,2.0504884952803055e-09
1_ms,power,13.044376,2.0137555167226304e-09
1_ms,power,13.086463,2.0472228485660443e-09
1_ms,power,13.129365,2.0240947802437887e-09
1_ms,power,13.172628,2.095499541847864e-09
1_ms,power,13.21169,2.1150110376594025e-09
1_ms,power,13.253614,2.160922336131978e-09
1_ms,power,13.295586,2.193014396115723e-09
1_ms,power,13.33801,2.188416519779872e-09
1_ms,power,13.379832,2.206348737848952e-09
1_ms,power,13.421743,2.215945549648774e-09
1_ms,power,14.008254,2.544579789891069e-09
1_ms,power,14.050013,2.5815619839508306e-09
1_ms,power,14.092475,2.6045728048976743e-09
1_ms,power,14.13477,2.6106071656527026e-09
1_ms,power,14.176712,2.6394503774374975e-09
1_ms,power,14.218625,2.7213829552057115e-09
1_ms,power,14.263016,2.6626762153693344e-09
1_ms,power,14.305568,2.7204974793953936e-09
1_ms,power,14.343643,2.7122753658912627e-09
1_ms,power,14.385567,2.7517141774721627e-09
1_ms,power,14.433209,2.7384512147780996e-09
1_ms,power,15.01471,3.0041750014413522e-09
1_ms,power,15.056724,3.01718068952919e-09
1_ms,power,15.098714,3.0250775629759125e-09
1_ms,power,15.140604,3.057353223662199e-09
1_ms,power,15.182586,3.0271895479424424e-09
1_ms,power,15.22441,3.0840912685102493e-09
1_ms,power,15.266505,3.2301970775672338e-09
1_ms,power,15.308354,3.1684494503799637e-09
1_ms,power,15.350306,3.1606923146582163e-09
1_ms,power,15.392316,3.268104646831093e-09
1_ms,power,15.434345,3.2653082563291746e-09
1_ms,power,16.021582,3.341722598155183e-09
1_ms,power,16.063226,3.3580751145923897e-09
1_ms,power,16.105208,3.302491967941015e-09
1_ms,power,16.147161,3.397615933204181e-09
1_ms,power,16.189133,3.38082717332827e-09
1_ms,power,16.231095,3.3842528194001633e-09
1_ms,power,16.274276,3.4417994343240837e-09
1_ms,power,16.314898,3.39262342169257e-09
1_ms,power,16.356829,3.3976288068941356e-09
1_ms,power,16.398733,3.4317406308440453e-09
1_ms,power,16.440764,3.406465480264295e-09
1_ms,power,17.028115,3.5489625651130204e-09
1_ms,power,17.071292,3.5727201972489186e-09
1_ms,power,17.111812,3.6052717805689977e-09
1_ms,power,17.153727,3.63323536845119e-09
1_ms,power,17.200891,3.521963596847717e-09
1_ms,power,17.238701,3.5388600393056486e-09
1_ms,power,17.279633,3.5582525497667915e-09
1_ms,power,17.321519,3.570890311559088e-09
1_ms,power,17.363517,3.578694855156237e-09
1_ms,power,17.405485,3.679344655892488e-09
1_ms,power,17.447369,3.638663335808491e-09
1_ms,power,17.992646,3.648719198951986e-09
1_ms,power,18.034571,3.5712995508889256e-09
1_ms,power,18.076516,3.613372362581668e-09
1_ms,power,18.118614,3.5415559703330717e-09
1_ms,power,18.160451,3.6392590726310633e-09
1_ms,power,18.20793,3.53661639477633e-09
1_ms,power,18.244447,3.6618036053619806e-09
1_ms,power,18.286316,3.5944256837084597e-09
1_ms,power,18.330908,3.683536345690419e-09
1_ms,power,18.370545,3.6817150878474463e-09
1_ms,power,18.412692,3.691923622086897e-09
1_ms,power,18.999289,3.77876143402638e-09
1_ms,power,19.041209,3.776155310702951e-09
1_ms,power,19.083184,3.758715190685123e-09
1_ms,power,19.125132,3.7091581860551906e-09
1_ms,power,19.16704,3.7721881642013596e-09
1_ms,power,19.208937,3.6716081364930118e-09
1_ms,power,19.252297,3.79247465600037e-09
1_ms,power,19.292745,3.65035044201813e-09
1_ms,power,19.334735,3.7164458925696837e-09
1_ms,power,19.37669,3.6729713628086614e-09
1_ms,power,19.41882,3.704941140643696e-09
1_ms,power,20.005836,3.5365221787731484e-09
1_ms,power,20.047861,3.5312917440766037e-09
1_ms,power,20.089757,3.4126777415668977e-09
1_ms,power,20.131726,3.4154828431818314e-09
1_ms,power,20.17768,3.441657756969974e-09
1_ms,power,20.217628,3.3831080451780504e-09
1_ms,power,20.257544,3.470584788756903e-09
1_ms,power,20.299546,3.4213976250609345e-09
1_ms,power,20.341492,3.3488305893562097e-09
1_ms,power,20.383386,3.4039196013928975e-09
1_ms,power,20.425335,3.4272538260382665e-09
1_ms,power,21.0126,3.2792227101099845e-09
1_ms,power,21.05456,3.182869093153417e-09
1_ms,power,21.096659,3.1483373080993024e-09
1_ms,power,21.142432,3.0934008086283354e-09
1_ms,power,21.182181,3.1231991211593262e-09
1_ms,power,21.22435,3.070397674428927e-09
1_ms,power,21.264361,3.014681043715226e-09
1_ms,power,21.30642,3.0443160884166554e-09
1_ms,power,21.348518,2.964653467127602e-09
1_ms,power,21.39033,3.0385744160413076e-09
1_ms,power,21.432221,2.980497508271854e-09
1_ms,power,22.019224,2.8785472737335155e-09
1_ms,power,22.061203,2.854369572856701e-09
1_ms,power,22.103107,2.8236826696184146e-09
1_ms,power,22.145027,2.737340563773557e-09
1_ms,power,22.187169,2.8095328495053816e-09
1_ms,power,22.229401,2.8006476521980434e-09
1_ms,power,22.270827,2.758705988252605e-09
1_ms,power,22.312759,2.7556982575573497e-09
1_ms,power,22.354731,2.663485518369222e-09
1_ms,power,22.396654,2.6910684287830355e-09
1_ms,power,22.438789,2.599024689407686e-09
1_ms,power,23.025905,2.413940357334145e-09
1_ms,power,23.069095,2.442443335236715e-09
1_ms,power,23.109741,2.2934396319655694e-09
1_ms,power,23.151678,2.4196360991233032e-09
1_ms,power,23.193622,2.337094102351945e-09
1_ms,power,23.235579,2.309413453865755e-09
1_ms,power,23.277578,2.257816215703373e-09
1_ms,power,23.319423,2.2673686930355576e-09
1_ms,power,23.361303,2.26996696454982e-09
1_ms,power,23.403334,2.3142694743661372e-09
1_ms,power,23.44534,2.2642026470300346e-09
1_ms,power,23.990566,2.1074217663869383e-09
1_ms,power,24.032439,2.026594552850622e-09
1_ms,power,24.074472,2.0703100351684685e-09
1_ms,power,24.116359,2.0560527426576916e-09
1_ms,power,24.158256,2.0766091220958533e-09
1_ms,power,24.200253,2.0340683363116883e-09
1_ms,power,24.245292,1.995697449759693e-09
1_ms,power,24.284165,1.9996427685089814e-09
1_ms,power,24.326084,1.963949765461904e-09
1_ms,power,24.369556,1.9747629550725755e-09
1_ms,power,24.409923,2.0553424851910157e-09
1_ms,power,24.997207,1.963242129724881e-09
1_ms,power,25.039047,1.906300745410275e-09
1_ms,power,25.081067,1.9107240459130762e-09
1_ms,power,25.122887,1.8322809227168129e-09
1_ms,power,25.164834,1.863114354174278e-09
1_ms,power,25.206826,1.873818214963096e-09
1_ms,power,25.248716,1.8126420699599183e-09
1_ms,power,25.290738,1.7699602633175103e-09
1_ms,power,25.332693,1.7727024319699132e-09
1_ms,power,25.374688,1.7077016302273885e-09
1_ms,power,25.41659,1.7025891915649375e-09
1_ms,power,26.003766,1.4664381990947073e-09
1_ms,power,26.045779,1.4289541273834173e-09
1_ms,power,26.087708,1.4186511455346735e-09
1_ms,power,26.130967,1.3671414810890882e-09
1_ms,power,26.171539,1.4144387107049502e-09
1_ms,power,26.213486,1.3792985370529014e-09
1_ms,power,26.255381,1.4197729745267305e-09
1_ms,power,26.302707,1.3480978449726019e-09
1_ms,power,26.339378,1.3920944874525834e-09
1_ms,power,26.381278,1.3251172425067501e-09
1_ms,power,26.423218,1.3739058423557822e-09
1_ms,power,27.010451,1.278484368364079e-09
1_ms,power,27.052406,1.2681335647644838e-09
1_ms,power,27.094304,1.2296485099892905e-09
1_ms,power,27.136243,1.245937834325463e-09
1_ms,power,27.178251,1.2022915595487537e-09
1_ms,power,27.220332,1.2110015284660416e-09
1_ms,power,27.26211,1.2484813949178642e-09
1_ms,power,27.304067,1.1917284184582315e-09
1_ms,power,27.346029,1.2159209485663376e-09
1_ms,power,27.387797,1.2290848814871904e-09
1_ms,power,27.430866,1.2342680420508805e-09
1_ms,power,28.018534,1.1509727527460984e-09
1_ms,power,28.060488,1.2442331272483968e-09
1_ms,power,28.106974,1.2300287677357956e-09
1_ms,power,28.147014,1.2003623346805114e-09
1_ms,power,28.190592,1.1540817301023417e-09
1_ms,power,28.226939,1.1378708123989549e-09
1_ms,power,28.274729,1.1449196899792924e-09
1_ms,power,28.316609,1.1867681572367954e-09
1_ms,power,28.352774,1.1111420130233673e-09
1_ms,power,28.394774,1.1457913336516235e-09
1_ms,power,28.436572,1.1742150902718442e-09
1_ms,power,29.02377,1.0876851561766886e-09
1_ms,power,29.065476,1.0691271561697184e-09
1_ms,power,29.111493,1.0557370324380089e-09
1_ms,power,29.151648,9.602731924477484e-10
1_ms,power,29.191494,1.0124448664502312e-09
1_ms,power,29.243399,9.523269647772624e-10
1_ms,power,29.275327,9.362142717555134e-10
1_ms,power,29.31796,9.751266193126466e-10
1_ms,power,29.359262,9.519801802042284e-10
1_ms,power,29.402322,8.953521100614118e-10
1_ms,power,29.443133,9.146118788029022e-10
1_ms,power,30.030591,7.470289530903733e-10
1_ms,power,30.072412,7.37847269738525e-10
1_ms,power,30.114235,7.687044409693901e-10
1_ms,power,30.156294,8.10520034952033e-10
1_ms,power,30.198107,7.801792732903678e-10
1_ms,power,30.239814,7.096437372107799e-10
1_ms,power,30.282041,7.478493248505187e-10
1_ms,power,30.323887,7.019755679346038e-10
1_ms,power,30.373091,6.163606704398476e-10
1_ms,power,30.408549,7.559799550274414e-10
1_ms,power,30.994982,6.863041292265217e-10
1_ms,power,31.037434,6.716075803709886e-10
1_ms,power,31.07925,6.561482280258202e-10
1_ms,power,31.131064,5.496826587592434e-10
1_ms,power,31.163334,6.303765335601341e-10
1_ms,power,31.204928,6.028342683395335e-10
1_ms,power,31.247329,5.93872752237768e-10
1_ms,power,31.289643,6.029704928650147e-10
1_ms,power,31.331592,5.923602470585417e-10
1_ms,power,31.373599,6.260233865309353e-10
1_ms,power,31.415491,5.7290356890917e-10
1_ms,power,32.002155,5.406358449386953e-10
1_ms,power,32.043936,5.046708311616169e-10
1_ms,power,32.086119,5.945843492053036e-10
1_ms,power,32.140401,4.469623876406173e-10
1_ms,power,32.169713,5.483272150356277e-10
1_ms,power,32.22101,5.095927793721934e-10
1_ms,power,32.253559,3.781152361850341e-10
1_ms,power,32.295158,4.074037053599486e-10
1_ms,power,32.337917,3.9651009092940783e-10
1_ms,power,32.3792,4.1276381081819205e-10
1_ms,power,32.421157,4.31158409660069e-10
1_ms,power,33.016056,2.7702366647531253e-10
1_ms,power,33.050497,3.3839539744314727e-10
1_ms,power,33.092453,2.6432325008076134e-10
1_ms,power,33.134749,2.771076495564115e-10
1_ms,power,33.177177,1.770577493976579e-10
1_ms,power,33.224118,2.784236717568551e-10
1_ms,power,33.259901,2.100794646370645e-10
1_ms,power,33.308382,2.5185683378782126e-10
1_ms,power,33.34396,2.5156039103656747e-10
1_ms,power,33.386013,1.9525453379130292e-10
1_ms,power,33.433881,2.5369611172008616e-10
1_ms,power,34.016489,1.784292582774189e-10
1_ms,power,34.05746,1.3644834124008917e-10
1_ms,power,34.099054,2.2698257848559134e-10
1_ms,power,34.141757,1.678811510192228e-10
1_ms,power,34.190693,1.5599314399594948e-10
1_ms,power,34.225461,1.9697927528808188e-10
1_ms,power,34.266779,1.273113035355913e-10
1_ms,power,34.308793,1.091719528122682e-10
1_ms,power,34.350959,1.5073073655952752e-10
1_ms,power,34.393078,2.3594195457175597e-10
1_ms,power,34.434973,1.297315883701912e-10
1_ms,power,35.022317,1.9074329821829587e-10
1_ms,power,35.064209,1.8153774000591583e-10
1_ms,power,35.106218,1.737922520382366e-10
1_ms,power,35.148182,1.342285195961023e-10
1_ms,power,35.190091,1.4081573255428577e-10
1_ms,power,35.232156,2.0900113612037997e-10
1_ms,power,35.27399,1.2286572461185953e-10
1_ms,power,35.315949,1.3216274479382168e-10
1_ms,power,35.357294,1.1834093084452836e-10
1_ms,power,35.398869,7.546945888140678e-11
1_ms,power,35.440906,5.0182033212399055e-11
1_ms,power,36.03219,1.2596312914494987e-10
1_ms,power,36.070106,1.2031975900006943e-10
1_ms,power,36.117486,1.506549794502334e-10
1_ms,power,36.154078,1.3545609714352466e-10
1_ms,power,36.196069,8.606676464963029e-11
1_ms,power,36.238774,1.1035672860695192e-10
1_ms,power,36.279794,5.933002281020956e-11
1_ms,power,36.321768,1.1220800501926006e-10
1_ms,power,36.364026,1.0032845060254276e-10
1_ms,power,36.405705,9.345814723857962e-11
1_ms,power,36.993484,7.09429878831046e-11
1_ms,power,37.034754,1.3948047915845564e-10
1_ms,power,37.076775,1.3927779365163952e-10
1_ms,power,37.119994,7.839749612333848e-11
1_ms,power,37.160821,7.20800251279932e-11
1_ms,power,37.202721,9.35671657697282e-11
1_ms,power,37.244651,1.7988144669995033e-10
1_ms,power,37.28649,5.714622690338739e-11
1_ms,power,37.333861,1.3978981417730647e-10
1_ms,power,37.370369,1.1994367398561522e-10
1_ms,power,37.418917,1.442829839691876e-10
1_ms,power,38.010856,2.6460676150269184e-10
1_ms,power,38.042188,1.3660508077343909e-10
1_ms,power,38.083426,1.7742399611455112e-10
1_ms,power,38.125513,1.8911343482535473e-10
1_ms,power,38.167084,1.6808409594330472e-10
1_ms,power,38.20967,1.6830378490642616e-10
1_ms,power,38.251546,1.8797550235249444e-10
1_ms,power,38.293836,1.851112744519894e-10
1_ms,power,38.335576,1.7808301272174835e-10
1_ms,power,38.37744,1.5798726745180607e-10
1_ms,power,38.419663,1.489850350995877e-10
1_ms,power,39.006844,9.33141267310755e-11
1_ms,power,39.049019,1.3807307615053533e-10
1_ms,power,39.090815,1.0309220581627996e-10
1_ms,power,39.13262,1.1054744271971662e-10
1_ms,power,39.174882,1.254056551228418e-10
1_ms,power,39.231606,1.3306019511312446e-10
1_ms,power,39.261752,1.4672161033655254e-10
1_ms,power,39.30019,1.4950009603621545e-10
1_ms,power,39.341879,1.2669331293103844e-10
1_ms,power,39.384613,1.018177773367794e-10
1_ms,power,39.425335,1.541302219737867e-10
1_ms,power,40.012734,1.4984462674296586e-10
1_ms,power,40.054704,9.981109722480141e-11
1_ms,power,40.09855,1.0861920415131373e-10
1_ms,power,40.138772,1.1956338126688277e-10
1_ms,power,40.186172,1.6428330651209522e-10
1_ms,power,40.226788,9.515448006788391e-11
1_ms,power,40.26558,1.8070078560148623e-10
1_ms,power,40.30645,1.6981705617607423e-10
1_ms,power,40.353028,1.1690498412846083e-10
1_ms,power,40.390619,6.685586264022004e-11
1_ms,power,40.432591,1.391141082531079e-10
1_ms,power,41.019381,1.8078656151372303e-10
1_ms,power,41.066749,1.2520105842832391e-10
1_ms,power,41.103344,1.199458927100492e-10
1_ms,power,41.146337,1.074959136358033e-10
1_ms,power,41.187283,1.24451264387646e-10
1_ms,power,41.230557,1.2583304863599484e-10
1_ms,power,41.272575,1.9024495551704732e-10
1_ms,power,41.313596,1.1860904092506199e-10
1_ms,power,41.35488,1.6877719968914183e-10
1_ms,power,41.398079,1.6249957055616727e-10
1_ms,power,41.438727,1.1953695408066996e-10
1_ms,power,42.02618,1.2829308833191214e-10
1_ms,power,42.068545,1.321403866519924e-10
1_ms,power,42.11003,7.663871229266533e-11
1_ms,power,42.152324,1.3428341175175967e-10
1_ms,power,42.193625,1.6135977003935817e-10
1_ms,power,42.235685,1.6103737684551898e-10
1_ms,power,42.277883,1.843753960127654e-10
1_ms,power,42.32,1.6178379197475765e-10
1_ms,power,42.361864,1.250513064868071e-10
1_ms,power,42.404197,1.1152414679846958e-10
1_ms,power,42.445608,1.661887364478336e-10
1_ms,power,42.487155,1.3295856501856366e-10
1_ms,power,42.529438,1.203888723845877e-10
1_ms,power,42.571491,1.203888723845877e-10
1_ms,power,42.613274,1.203888723845877e-10
1_ms,power,42.655491,1.203888723845877e-10
1ms,distance,0.0,52.940887040563915
1ms,distance,0.041909,52.94044819627724
1ms,distance,0.08394,52.94000807374756
1ms,distance,0.126236,52.93936820200079
1ms,distance,0.168848,52.938622245612265
1ms,distance,0.209662,52.93768833628709
1ms,distance,0.251615,52.93614834341872
1ms,distance,0.293493,52.93461109861535
1ms,distance,0.33562,52.93360053452247
1ms,distance,0.377572,52.932661858944286
1ms,distance,0.419654,52.931756434660514
1ms,distance,1.006426,52.914512585509954
1ms,distance,1.048366,52.91193660948499
1ms,distance,1.090371,52.90935663570292
1ms,distance,1.133214,52.905802018358564
1ms,distance,1.174192,52.902203591989306
1ms,distance,1.216166,52.89813736710751
1ms,distance,1.257599,52.89362007735656
1ms,distance,1.300106,52.888897119477114
1ms,distance,1.342699,52.8822364522728
1ms,distance,1.384576,52.875687748166946
1ms,distance,1.428166,52.86806605056055
1ms,distance,2.012644,52.6979036640975
1ms,distance,2.054333,52.683025613819055
1ms,distance,2.096549,52.66795943519976
1ms,distance,2.139009,52.652503877379715
1ms,distance,2.18098,52.63721395751762
1ms,distance,2.223067,52.62236849574767
1ms,distance,2.265482,52.60774818532298
1ms,distance,2.306818,52.59329240807936
1ms,distance,2.348831,52.577794919332696
1ms,distance,2.3907,52.56235063790372
1ms,distance,2.432745,52.54780732939128
1ms,distance,3.022415,52.338926797645705
1ms,distance,3.061164,52.32495720209383
1ms,distance,3.103091,52.309866299036955
1ms,distance,3.145656,52.29473452474058
1ms,distance,3.187473,52.27986871830269
1ms,distance,3.240244,52.26205516621859
1ms,distance,3.270882,52.2518536927926
1ms,distance,3.312672,52.23779719289306
1ms,distance,3.355154,52.223234944584654
1ms,distance,3.397466,52.208730885772354
1ms,distance,3.439405,52.19494314731064
1ms,distance,4.029152,52.00217644500638
1ms,distance,4.071215,51.98921541700445
1ms,distance,4.110668,51.97662615138749
1ms,distance,4.152184,51.96238968686589
1ms,distance,4.206493,51.94410820195095
1ms,distance,4.235621,51.935326133287155
1ms,distance,4.27738,51.922735753193166
1ms,distance,4.3199,51.90978519546718
1ms,distance,4.362244,51.89676290917567
1ms,distance,4.404095,51.88394030536833
1ms,distance,4.446062,51.87137814166454
1ms,distance,5.032437,51.70953247465518
1ms,distance,5.075174,51.69850123640546
1ms,distance,5.117921,51.68700516046428
1ms,distance,5.159081,51.675414523629975
1ms,distance,5.20101,51.66367241170466
1ms,distance,5.242939,51.65284905396906
1ms,distance,5.284925,51.642010987155935
1ms,distance,5.328243,51.63056448806064
1ms,distance,5.370931,51.61916878447666
1ms,distance,5.410243,51.6088566554881
1ms,distance,5.452191,51.5982952707554
1ms,distance,5.997746,51.458759179842055
1ms,distance,6.039603,51.44889592892904
1ms,distance,6.08162,51.439002487704464
1ms,distance,6.123726,51.428928518565726
1ms,distance,6.165969,51.41871748560148
1ms,distance,6.207387,51.40884082300768
1ms,distance,6.258825,51.39716539772119
1ms,distance,6.291068,51.38984687422159
1ms,distance,6.332516,51.38011931698663
1ms,distance,6.375114,51.370053260267944
1ms,distance,6.41786,51.3601998913294
1ms,distance,7.007559,51.22750693576005
1ms,distance,7.046045,51.219552585412224
1ms,distance,7.087735,51.21093600492028
1ms,distance,7.130114,51.20194175719911
1ms,distance,7.17202,51.192971212135284
1ms,distance,7.213975,51.18407886267869
1ms,distance,7.255935,51.175333127519785
1ms,distance,7.297963,51.16657322966964
1ms,distance,7.339855,51.15766575832059
1ms,distance,7.381771,51.14875206713782
1ms,distance,7.423988,51.14009325780125
1ms,distance,8.010882,51.02267906017251
1ms,distance,8.05274,51.01506333011829
1ms,distance,8.098108,51.00680898315377
1ms,distance,8.137202,50.999599817715726
1ms,distance,8.178147,50.992048972564476
1ms,distance,8.219993,50.984582348959094
1ms,distance,8.262797,50.977181243647145
1ms,distance,8.304632,50.96984021752647
1ms,distance,8.346626,50.96187378566524
1ms,distance,8.38849,50.9539319584478
1ms,distance,8.432287,50.94622330104718
1ms,distance,9.01756,50.84599747322246
1ms,distance,9.059667,50.83923968870318
1ms,distance,9.101517,50.83250491086459
1ms,distance,9.147556,50.824860232057524
1ms,distance,9.185135,50.81862029034716
1ms,distance,9.226851,50.81196802526044
1ms,distance,9.272666,50.80480014036445
1ms,distance,9.311436,50.79857790637661
1ms,distance,9.352637,50.79164338615362
1ms,distance,9.395001,50.78451308027036
1ms,distance,9.437619,50.777837717895984
1ms,distance,10.024899,50.680485807812616
1ms,distance,10.067732,50.673470428964585
1ms,distance,10.108513,50.66681350005651
1ms,distance,10.150284,50.66006293340402
1ms,distance,10.192266,50.65327826714258
1ms,distance,10.234166,50.64691895053926
1ms,distance,10.276109,50.64062169207095
1ms,distance,10.318109,50.63424708784076
1ms,distance,10.360195,50.62778271667956
1ms,distance,10.401926,50.62140027030766
1ms,distance,10.443904,50.61526365821507
1ms,distance,11.030283,50.529761453671995
1ms,distance,11.07218,50.5240999620894
1ms,distance,11.118054,50.51769655479933
1ms,distance,11.156923,50.512043187733404
1ms,distance,11.198067,50.506058895415926
1ms,distance,11.240503,50.50063783303276
1ms,distance,11.282463,50.495280512618756
1ms,distance,11.335815,50.48834453674736
1ms,distance,11.365926,50.484400608812
1ms,distance,11.407656,50.478996288592434
1ms,distance,11.450124,50.47371111460487
1ms,distance,11.995857,50.408240715744654
1ms,distance,12.037932,50.40333448413118
1ms,distance,12.081158,50.39830962795104
1ms,distance,12.121189,50.39348321654858
1ms,distance,12.163289,50.388272020049676
1ms,distance,12.217252,50.38177937341423
1ms,distance,12.246701,50.37842366657409
1ms,distance,12.288376,50.373674797225156
1ms,distance,12.331323,50.36855224270534
1ms,distance,12.37327,50.36348241305277
1ms,distance,12.425268,50.3574107268223
1ms,distance,13.002425,50.29281502664262
1ms,distance,13.044376,50.28842616212499
1ms,distance,13.086463,50.28402308003597
1ms,distance,13.129365,50.27936080901544
1ms,distance,13.172628,50.27459296554341
1ms,distance,13.21169,50.270341922979306
1ms,distance,13.253614,50.265889324180584
1ms,distance,13.295586,50.26143163574253
1ms,distance,13.33801,50.256995514583984
1ms,distance,13.379832,50.252626911299934
1ms,distance,13.421743,50.24843012481354
1ms,distance,14.008254,50.193926027657135
1ms,distance,14.050013,50.19051496471268
1ms,distance,14.092475,50.18704646971214
1ms,distance,14.13477,50.18347279299503
1ms,distance,14.176712,50.17991037256179
1ms,distance,14.218625,50.17643049056341
1ms,distance,14.263016,50.172834415171614
1ms,distance,14.305568,50.169409246252584
1ms,distance,14.343643,50.16643870703686
1ms,distance,14.385567,50.16316789409018
1ms,distance,14.433209,50.159676178606894
1ms,distance,15.01471,50.120834844013864
1ms,distance,15.056724,50.11850289830016
1ms,distance,15.098714,50.11617205436067
1ms,distance,15.140604,50.113827614207345
1ms,distance,15.182586,50.11147801011832
1ms,distance,15.22441,50.109265165223086
1ms,distance,15.266505,50.10711493834746
1ms,distance,15.308354,50.1049587993337
1ms,distance,15.350306,50.10273931286128
1ms,distance,15.392316,50.10051674865655
1ms,distance,15.434345,50.09849183072242
1ms,distance,16.021582,50.07204614431179
1ms,distance,16.063226,50.070439723505686
1ms,distance,16.105208,50.06882262744234
1ms,distance,16.147161,50.06721857845161
1ms,distance,16.189133,50.06561379107855
1ms,distance,16.231095,50.06413455794126
1ms,distance,16.274276,50.062648027359636
1ms,distance,16.314898,50.06123104365194
1ms,distance,16.356829,50.05974086672197
1ms,distance,16.398733,50.0582542665991
1ms,distance,16.440764,50.05698087166857
1ms,distance,17.028115,50.04206306918061
1ms,distance,17.071292,50.04123313961262
1ms,distance,17.111812,50.04046367043038
1ms,distance,17.153727,50.03968697689491
1ms,distance,17.200891,50.03881919659475
1ms,distance,17.238701,50.03820652796724
1ms,distance,17.279633,50.03754327333325
1ms,distance,17.321519,50.03687551604741
1ms,distance,17.363517,50.036214754328356
1ms,distance,17.405485,50.03557047659975
1ms,distance,17.447369,50.03500402779475
1ms,distance,17.992646,50.03004153969921
1ms,distance,18.034571,50.029892534240446
1ms,distance,18.076516,50.0297543272662
1ms,distance,18.118614,50.029648158680324
1ms,distance,18.160451,50.02957711580842
1ms,distance,18.20793,50.0295115213421
1ms,distance,18.244447,50.02950611957372
1ms,distance,18.286316,50.02949992607169
1ms,distance,18.330908,50.029546789187506
1ms,distance,18.370545,50.029605780082136
1ms,distance,18.412692,50.029694551002336
1ms,distance,18.999289,50.034143650414244
1ms,distance,19.041209,50.034718549852734
1ms,distance,19.083184,50.03529420459775
1ms,distance,19.125132,50.035973142546624
1ms,distance,19.16704,50.036709379290606
1ms,distance,19.208937,50.03744602685073
1ms,distance,19.252297,50.038210216717644
1ms,distance,19.292745,50.03892308381749
1ms,distance,19.334735,50.039768070288225
1ms,distance,19.37669,50.040628122789364
1ms,distance,19.41882,50.041516021482956
1ms,distance,20.005836,50.05868873612127
1ms,distance,20.047861,50.06021923477267
1ms,distance,20.089757,50.061745027296574
1ms,distance,20.131726,50.063436748185204
1ms,distance,20.17768,50.06533435049875
1ms,distance,20.217628,50.067020762074264
1ms,distance,20.257544,50.06874481823499
1ms,distance,20.299546,50.07056293965834
1ms,distance,20.341492,50.07250171725432
1ms,distance,20.383386,50.07443808150279
1ms,distance,20.425335,50.076372830711
1ms,distance,21.0126,50.10762835479925
1ms,distance,21.05456,50.11003219891463
1ms,distance,21.096659,50.11244400608036
1ms,distance,21.142432,50.115338134516705
1ms,distance,21.182181,50.11785981699747
1ms,distance,21.22435,50.12061996716266
1ms,distance,21.264361,50.1232884432911
1ms,distance,21.30642,50.126110112372004
1ms,distance,21.348518,50.129003251937725
1ms,distance,21.39033,50.131876729453516
1ms,distance,21.432221,50.13471599136096
1ms,distance,22.019224,50.1786727468874
1ms,distance,22.061203,50.181877864297206
1ms,distance,22.103107,50.18510800168143
1ms,distance,22.145027,50.18857311020154
1ms,distance,22.187169,50.19205654678987
1ms,distance,22.229401,50.195452936376185
1ms,distance,22.270827,50.19875158634388
1ms,distance,22.312759,50.20221434686915
1ms,distance,22.354731,50.20591425085915
1ms,distance,22.396654,50.20960984635454
1ms,distance,22.438789,50.2130442326197
1ms,distance,23.025905,50.26557102181771
1ms,distance,23.069095,50.269569948827616
1ms,distance,23.109741,50.27331210648349
1ms,distance,23.151678,50.27711773221832
1ms,distance,23.193622,50.28092398538367
1ms,distance,23.235579,50.28464876484144
1ms,distance,23.277578,50.28836707202706
1ms,distance,23.319423,50.292190165522406
1ms,distance,23.361303,50.29613198976902
1ms,distance,23.403334,50.300097377595144
1ms,distance,23.44534,50.304127985458024
1ms,distance,23.990566,50.362515814413385
1ms,distance,24.032439,50.36746432626874
1ms,distance,24.074472,50.37247277164798
1ms,distance,24.116359,50.37752718533333
1ms,distance,24.158256,50.38266599750409
1ms,distance,24.200253,50.387809687429744
1ms,distance,24.245292,50.3931692884256
1ms,distance,24.284165,50.39779511763541
1ms,distance,24.326084,50.403007946481196
1ms,distance,24.369556,50.40853154461104
1ms,distance,24.409923,50.41367847533195
1ms,distance,24.997207,50.49105727744103
1ms,distance,25.039047,50.49657472536688
1ms,distance,25.081067,50.502110396346076
1ms,distance,25.122887,50.50775454093664
1ms,distance,25.164834,50.513509983553995
1ms,distance,25.206826,50.51922090849842
1ms,distance,25.248716,50.52472134588804
1ms,distance,25.290738,50.530239095411275
1ms,distance,25.332693,50.536013261751116
1ms,distance,25.374688,50.54185069879706
1ms,distance,25.41659,50.54760039935443
1ms,distance,26.003766,50.634209887175246
1ms,distance,26.045779,50.64065432502111
1ms,distance,26.087708,50.64708588971701
1ms,distance,26.130967,50.65458467484705
1ms,distance,26.171539,50.6618780126504
1ms,distance,26.213486,50.66912012189853
1ms,distance,26.255381,50.67583147334945
1ms,distance,26.302707,50.6834417788041
1ms,distance,26.339378,50.6895533170627
1ms,distance,26.381278,50.69653631444975
1ms,distance,26.423218,50.70334740988665
1ms,distance,27.010451,50.8032907813572
1ms,distance,27.052406,50.81058504222972
1ms,distance,27.094304,50.817869396251446
1ms,distance,27.136243,50.82584118666041
1ms,distance,27.178251,50.83389655177528
1ms,distance,27.220332,50.84198444830736
1ms,distance,27.26211,50.85003066383229
1ms,distance,27.304067,50.85809369386394
1ms,distance,27.346029,50.86604788838853
1ms,distance,27.387797,50.873965340166485
1ms,distance,27.430866,50.88181128664392
1ms,distance,28.018534,50.98951436502927
1ms,distance,28.060488,50.99702520323355
1ms,distance,28.106974,51.005450355192146
1ms,distance,28.147014,51.01309006506036
1ms,distance,28.190592,51.021404811576986
1ms,distance,28.226939,51.028389093775765
1ms,distance,28.274729,51.03758935595227
1ms,distance,28.316609,51.045791501720025
1ms,distance,28.352774,51.053028556279266
1ms,distance,28.394774,51.06143327631599
1ms,distance,28.436572,51.06955783345629
1ms,distance,29.02377,51.19243476005285
1ms,distance,29.065476,51.20106436102591
1ms,distance,29.111493,51.210661202239145
1ms,distance,29.151648,51.21919779872144
1ms,distance,29.191494,51.22766870646331
1ms,distance,29.243399,51.238380005958284
1ms,distance,29.275327,51.2449390432265
1ms,distance,29.31796,51.25404542121065
1ms,distance,29.359262,51.26325916995871
1ms,distance,29.402322,51.27283487735802
1ms,distance,29.443133,51.281637122942094
1ms,distance,30.030591,51.41797082604777
1ms,distance,30.072412,51.427909177783974
1ms,distance,30.114235,51.437980895917306
1ms,distance,30.156294,51.448325029170284
1ms,distance,30.198107,51.45860864846971
1ms,distance,30.239814,51.46850377145538
1ms,distance,30.282041,51.47852113387119
1ms,distance,30.323887,51.48932011731862
1ms,distance,30.373091,51.502665189220124
1ms,distance,30.408549,51.51197664547493
1ms,distance,30.994982,51.65877056965436
1ms,distance,31.037434,51.66921628763009
1ms,distance,31.07925,51.67947736300782
1ms,distance,31.131064,51.692480896157406
1ms,distance,31.163334,51.70068364469491
1ms,distance,31.204928,51.711169526694896
1ms,distance,31.247329,51.72139652533096
1ms,distance,31.289643,51.73160259174908
1ms,distance,31.331592,51.742067491907164
1ms,distance,31.373599,51.75263631731787
1ms,distance,31.415491,51.76297916615253
1ms,distance,32.002155,51.915466519420164
1ms,distance,32.043936,51.926352938021765
1ms,distance,32.086119,51.93734415677504
1ms,distance,32.140401,51.95285628962755
1ms,distance,32.169713,51.96144507152475
1ms,distance,32.22101,51.975897791944355
1ms,distance,32.253559,51.98460910265662
1ms,distance,32.295158,51.99574248713055
1ms,distance,32.337917,52.00779845482802
1ms,distance,32.3792,52.01948407653776
1ms,distance,32.421157,52.03140286508371
1ms,distance,33.016056,52.202070570623924
1ms,distance,33.050497,52.21157471240408
1ms,distance,33.092453,52.223152638235504
1ms,distance,33.134749,52.234848442865726
1ms,distance,33.177177,52.24658451678822
1ms,distance,33.224118,52.25859210564145
1ms,distance,33.259901,52.26713972252339
1ms,distance,33.308382,52.27855516395003
1ms,distance,33.34396,52.28647395170057
1ms,distance,33.386013,52.29583390840892
1ms,distance,33.433881,52.30497025550804
1ms,distance,34.016489,52.36350053521264
1ms,distance,34.05746,52.36601725817741
1ms,distance,34.099054,52.36858008876442
1ms,distance,34.141757,52.37161196173087
1ms,distance,34.190693,52.37508638804103
1ms,distance,34.225461,52.3777590613301
1ms,distance,34.266779,52.38100248670705
1ms,distance,34.308793,52.38417015447035
1ms,distance,34.350959,52.386959463505356
1ms,distance,34.393078,52.389745665545
1ms,distance,34.434973,52.39207419888465
1ms,distance,35.022317,52.410458415598335
1ms,distance,35.064209,52.41057245870082
1ms,distance,35.106218,52.41063638534957
1ms,distance,35.148182,52.41048549943976
1ms,distance,35.190091,52.41033481155645
1ms,distance,35.232156,52.410062926699425
1ms,distance,35.27399,52.409763729550704
1ms,distance,35.315949,52.4094255815685
1ms,distance,35.357294,52.40904105687209
1ms,distance,35.398869,52.408654179612135
1ms,distance,35.440906,52.40824910858533
1ms,distance,36.03219,52.40412686098868
1ms,distance,36.070106,52.403930392600024
1ms,distance,36.117486,52.40362408832317
1ms,distance,36.154078,52.40331891867805
1ms,distance,36.196069,52.40296872260169
1ms,distance,36.238774,52.4026023651322
1ms,distance,36.279794,52.40224994032645
1ms,distance,36.321768,52.402067158840254
1ms,distance,36.364026,52.402023446187755
1ms,distance,36.405705,52.40193850550589
1ms,distance,36.993484,52.41051717787231
1ms,distance,37.034754,52.41189758528164
1ms,distance,37.076775,52.413300997978546
1ms,distance,37.119994,52.41440940178372
1ms,distance,37.160821,52.41514432829067
1ms,distance,37.202721,52.415858829309926
1ms,distance,37.244651,52.41624218732511
1ms,distance,37.28649,52.416624712649906
1ms,distance,37.333861,52.41716826823947
1ms,distance,37.370369,52.417615239684345
1ms,distance,37.418917,52.41804629953796
1ms,distance,38.010856,52.42324083945689
1ms,distance,38.042188,52.42422871419615
1ms,distance,38.083426,52.4255289117855
1ms,distance,38.125513,52.42610436032499
1ms,distance,38.167084,52.42626975400314
1ms,distance,38.20967,52.42642622381599
1ms,distance,38.251546,52.42654536048202
1ms,distance,38.293836,52.42666567467067
1ms,distance,38.335576,52.426818175924424
1ms,distance,38.37744,52.426975118203444
1ms,distance,38.419663,52.42725000373183
1ms,distance,39.006844,52.52342740839772
1ms,distance,39.049019,52.52360897294349
1ms,distance,39.090815,52.5237889055176
1ms,distance,39.13262,52.523836913045116
1ms,distance,39.174882,52.5238566570709
1ms,distance,39.231606,52.52371924626788
1ms,distance,39.261752,52.52358525864445
1ms,distance,39.30019,52.52341474854897
1ms,distance,39.341879,52.523236514930126
1ms,distance,39.384613,52.5230538146916
1ms,distance,39.425335,52.52296079970156
1ms,distance,40.012734,52.52459633998524
1ms,distance,40.054704,52.52518474736743
1ms,distance,40.09855,52.525804341531796
1ms,distance,40.138772,52.52699242035008
1ms,distance,40.186172,52.52839252556377
1ms,distance,40.226788,52.52921026620522
1ms,distance,40.26558,52.52983715428339
1ms,distance,40.30645,52.53052218524968
1ms,distance,40.353028,52.53141417409557
1ms,distance,40.390619,52.532134058706475
1ms,distance,40.432591,52.53276831577995
1ms,distance,41.019381,52.44631279240842
1ms,distance,41.066749,52.44704476944905
1ms,distance,41.103344,52.44762961153505
1ms,distance,41.146337,52.448456759417105
1ms,distance,41.187283,52.449244523673315
1ms,distance,41.230557,52.4502304651748
1ms,distance,41.272575,52.451238262636394
1ms,distance,41.313596,52.45186435761907
1ms,distance,41.35488,52.45189296503422
1ms,distance,41.398079,52.45192289941525
1ms,distance,41.438727,52.45161973499573
1ms,distance,42.02618,52.44841059084813
1ms,distance,42.068545,52.44829881302985
1ms,distance,42.11003,52.44818281143174
1ms,distance,42.152324,52.448047750154196
1ms,distance,42.193625,52.44791586071607
1ms,distance,42.235685,52.44795589041224
1ms,distance,42.277883,52.44801758313596
1ms,distance,42.32,52.447793940615895
1ms,distance,42.361864,52.44730654366731
1ms,distance,42.404197,52.44681707747173
1ms,distance,42.445608,52.446358503324646
1ms,distance,42.487155,52.44589842427942
1ms,distance,42.529438,52.44540815630977
1ms,distance,42.571491,52.4449127692224
1ms,distance,42.613274,52.444597721537804
1ms,distance,42.655491,52.444597721537804
1ms,power,0.0,2.562103980926691e-10
1ms,power,0.041909,2.657614825132461e-10
1ms,power,0.08394,3.24359985536526e-10
1ms,power,0.126236,2.7496911159161347e-10
1ms,power,0.168848,2.8742300540283807e-10
1ms,power,0.209662,2.634690465089908e-10
1ms,power,0.251615,2.566623377869482e-10
1ms,power,0.293493,2.9894806839209796e-10
1ms,power,0.33562,2.49859978055866e-10
1ms,power,0.377572,2.69609272233058e-10
1ms,power,0.419654,2.0874389864839802e-10
1ms,power,1.006426,3.5305792497824523e-10
1ms,power,1.048366,3.4515283265130694e-10
1ms,power,1.090371,2.651067585817118e-10
1ms,power,1.133214,3.1269810855950516e-10
1ms,power,1.174192,2.712161233421123e-10
1ms,power,1.216166,2.5687297440576056e-10
1ms,power,1.257599,3.333576941916717e-10
1ms,power,1.300106,2.6660890438144685e-10
1ms,power,1.342699,2.5659022559824495e-10
1ms,power,1.384576,2.866206512480386e-10
1ms,power,1.428166,3.282074453593429e-10
1ms,power,2.012644,2.872793365821697e-10
1ms,power,2.054333,2.769909037082907e-10
1ms,power,2.096549,2.7094579912814676e-10
1ms,power,2.139009,2.6257337148990627e-10
1ms,power,2.18098,3.1296932588640457e-10
1ms,power,2.223067,2.6034864301292067e-10
1ms,power,2.265482,3.0925055943980946e-10
1ms,power,2.306818,2.961130478741314e-10
1ms,power,2.348831,3.0218973085883087e-10
1ms,power,2.3907,2.8903817166184993e-10
1ms,power,2.432745,3.1934301290425587e-10
1ms,power,3.022415,4.410931559482469e-10
1ms,power,3.061164,4.5359277197478966e-10
1ms,power,3.103091,4.909584144889043e-10
1ms,power,3.145656,4.1831648762307003e-10
1ms,power,3.187473,4.722609078913594e-10
1ms,power,3.240244,5.460349226670846e-10
1ms,power,3.270882,4.373810300496358e-10
1ms,power,3.312672,4.6277831422787086e-10
1ms,power,3.355154,4.5691319935880874e-10
1ms,power,3.397466,5.02223623187729e-10
1ms,power,3.439405,4.2043237134693446e-10
1ms,power,4.029152,5.933247971706253e-10
1ms,power,4.071215,6.313956769851807e-10
1ms,power,4.110668,5.854386487727967e-10
1ms,power,4.152184,6.514253954376442e-10
1ms,power,4.206493,6.232972384277139e-10
1ms,power,4.235621,5.656247135204596e-10
1ms,power,4.27738,5.979438777122726e-10
1ms,power,4.3199,5.981622510669478e-10
1ms,power,4.362244,6.257100617085706e-10
1ms,power,4.404095,6.096226226236814e-10
1ms,power,4.446062,6.704091150482925e-10
1ms,power,5.032437,7.207177737880235e-10
1ms,power,5.075174,6.926216645037045e-10
1ms,power,5.117921,6.84188765314191e-10
1ms,power,5.159081,6.994331090962696e-10
1ms,power,5.20101,7.50191494844741e-10
1ms,power,5.242939,6.619323039254498e-10
1ms,power,5.284925,7.223236481520572e-10
1ms,power,5.328243,7.217210544323123e-10
1ms,power,5.370931,6.966988124548851e-10
1ms,power,5.410243,7.679537377078286e-10
1ms,power,5.452191,6.862294456850127e-10
1ms,power,5.997746,8.060310709112475e-10
1ms,power,6.039603,7.475968273365854e-10
1ms,power,6.08162,7.807193295032938e-10
1ms,power,6.123726,7.900849451460568e-10
1ms,power,6.165969,7.80390188697557e-10
1ms,power,6.207387,7.51936297213641e-10
1ms,power,6.258825,8.008152161364623e-10
1ms,power,6.291068,7.680973683255161e-10
1ms,power,6.332516,8.194139326511301e-10
1ms,power,6.375114,8.149600845970008e-10
1ms,power,6.41786,7.987095977895384e-10
1ms,power,7.007559,8.935599779554003e-10
1ms,power,7.046045,8.94843208829543e-10
1ms,power,7.087735,9.125831735263686e-10
1ms,power,7.130114,9.389514447769876e-10
1ms,power,7.17202,9.808088930737507e-10
1ms,power,7.213975,9.597987709462703e-10
1ms,power,7.255935,9.96921349856759e-10
1ms,power,7.297963,9.751388303292958e-10
1ms,power,7.339855,8.865877055672692e-10
1ms,power,7.381771,8.598150359414517e-10
1ms,power,7.423988,9.387519780176979e-10
1ms,power,8.010882,8.940230139049405e-10
1ms,power,8.05274,8.549947546948891e-10
1ms,power,8.098108,8.266788846871416e-10
1ms,power,8.137202,8.631431590764191e-10
1ms,power,8.178147,8.932964938828748e-10
1ms,power,8.219993,8.64009799296987e-10
1ms,power,8.262797,9.146031720502071e-10
1ms,power,8.304632,8.841228169100247e-10
1ms,power,8.346626,8.880750095673672e-10
1ms,power,8.38849,9.755886699779515e-10
1ms,power,8.432287,8.573350731348592e-10
1ms,power,9.01756,9.555760280616683e-10
1ms,power,9.059667,9.732560871386623e-10
1ms,power,9.101517,1.0443063375223448e-09
1ms,power,9.147556,9.24939453531755e-10
1ms,power,9.185135,9.254866843705972e-10
1ms,power,9.226851,9.37106519408048e-10
1ms,power,9.272666,9.257429598598908e-10
1ms,power,9.311436,9.311641542205108e-10
1ms,power,9.352637,1.0006018025672299e-09
1ms,power,9.395001,9.66514371224355e-10
1ms,power,9.437619,9.871153608964398e-10
1ms,power,10.024899,1.1184929260486533e-09
1ms,power,10.067732,1.1265687165185075e-09
1ms,power,10.108513,1.214089047353052e-09
1ms,power,10.150284,1.220886482368104e-09
1ms,power,10.192266,1.2046666576937468e-09
1ms,power,10.234166,1.1388382955573728e-09
1ms,power,10.276109,1.255746761336509e-09
1ms,power,10.318109,1.1927804123804122e-09
1ms,power,10.360195,1.2303093553470682e-09
1ms,power,10.401926,1.234813920178933e-09
1ms,power,10.443904,1.196520530191599e-09
1ms,power,11.030283,1.3605512477781033e-09
1ms,power,11.07218,1.423538377413765e-09
1ms,power,11.118054,1.4172555849797759e-09
1ms,power,11.156923,1.4736661010661055e-09
1ms,power,11.198067,1.4347891833701628e-09
1ms,power,11.240503,1.4761787900625255e-09
1ms,power,11.282463,1.5239615152849937e-09
1ms,power,11.335815,1.5295922282791912e-09
1ms,power,11.365926,1.5067953709893846e-09
1ms,power,11.407656,1.5373171909395098e-09
1ms,power,11.450124,1.4775774181311739e-09
1ms,power,11.995857,1.6243120695037138e-09
1ms,power,12.037932,1.5807996468767214e-09
1ms,power,12.081158,1.634839087399016e-09
1ms,power,12.121189,1.6026893518907663e-09
1ms,power,12.163289,1.595428443880417e-09
1ms,power,12.217252,1.6444748070443424e-09
1ms,power,12.246701,1.7044863672812934e-09
1ms,power,12.288376,1.7028310594836223e-09
1ms,power,12.331323,1.7489836289107327e-09
1ms,power,12.37327,1.7679147156284142e-09
1ms,power,12.425268,1.824000372706074e-09
1ms,power,13.002425,2.0504884952803055e-09
1ms,power,13.044376,2.0137555167226304e-09
1ms,power,13.086463,2.0472228485660443e-09
1ms,power,13.129365,2.0240947802437887e-09
1ms,power,13.172628,2.095499541847864e-09
1ms,power,13.21169,2.1150110376594025e-09
1ms,power,13.253614,2.160922336131978e-09
1ms,power,13.295586,2.193014396115723e-09
1ms,power,13.33801,2.188416519779872e-09
1ms,power,13.379832,2.206348737848952e-09
1ms,power,13.421743,2.215945549648774e-09
1ms,power,14.008254,2.544579789891069e-09
1ms,power,14.050013,2.5815619839508306e-09
1ms,power,14.092475,2.6045728048976743e-09
1ms,power,14.13477,2.6106071656527026e-09
1ms,power,14.176712,2.6394503774374975e-09
1ms,power,14.218625,2.7213829552057115e-09
1ms,power,14.263016,2.6626762153693344e-09
1ms,power,14.305568,2.7204974793953936e-09
1ms,power,14.343643,2.7122753658912627e-09
1ms,power,14.385567,2.7517141774721627e-09
1ms,power,14.433209,2.7384512147780996e-09
1ms,power,15.01471,3.0041750014413522e-09
1ms,power,15.056724,3.01718068952919e-09
1ms,power,15.098714,3.0250775629759125e-09
1ms,power,15.140604,3.057353223662199e-09
1ms,power,15.182586,3.0271895479424424e-09
1ms,power,15.22441,3.0840912685102493e-09
1ms,power,15.266505,3.2301970775672338e-09
1ms,power,15.308354,3.1684494503799637e-09
1ms,power,15.350306,3.1606923146582163e-09
1ms,power,15.392316,3.268104646831093e-09
1ms,power,15.434345,3.2653082563291746e-09
1ms,power,16.021582,3.341722598155183e-09
1ms,power,16.063226,3.3580751145923897e-09
1ms,power,16.105208,3.302491967941015e-09
1ms,power,16.147161,3.397615933204181e-09
1ms,power,16.189133,3.38082717332827e-09
1ms,power,16.231095,3.3842528194001633e-09
1ms,power,16.274276,3.4417994343240837e-09
1ms,power,16.314898,3.39262342169257e-09
1ms,power,16.356829,3.3976288068941356e-09
1ms,power,16.398733,3.4317406308440453e-09
1ms,power,16.440764,3.406465480264295e-09
1ms,power,17.028115,3.5489625651130204e-09
1ms,power,17.071292,3.5727201972489186e-09
1ms,power,17.111812,3.6052717805689977e-09
1ms,power,17.153727,3.63323536845119e-09
1ms,power,17.200891,3.521963596847717e-09
1ms,power,17.238701,3.5388600393056486e-09
1ms,power,17.279633,3.5582525497667915e-09
1ms,power,17.321519,3.570890311559088e-09
1ms,power,17.363517,3.578694855156237e-09
1ms,power,17.405485,3.679344655892488e-09
1ms,power,17.447369,3.638663335808491e-09
1ms,power,17.992646,3.648719198951986e-09
1ms,power,18.034571,3.5712995508889256e-09
1ms,power,18.076516,3.613372362581668e-09
1ms,power,18.118614,3.5415559703330717e-09
1ms,power,18.160451,3.6392590726310633e-09
1ms,power,18.20793,3.53661639477633e-09
1ms,power,18.244447,3.6618036053619806e-09
1ms,power,18.286316,3.5944256837084597e-09
1ms,power,18.330908,3.683536345690419e-09
1ms,power,18.370545,3.6817150878474463e-09
1ms,power,18.412692,3.691923622086897e-09
1ms,power,18.999289,3.77876143402638e-09
1ms,power,19.041209,3.776155310702951e-09
1ms,power,19.083184,3.758715190685123e-09
1ms,power,19.125132,3.7091581860551906e-09
1ms,power,19.16704,3.7721881642013596e-09
1ms,power,19.208937,3.6716081364930118e-09
1ms,power,19.252297,3.79247465600037e-09
1ms,power,19.292745,3.65035044201813e-09
1ms,power,19.334735,3.7164458925696837e-09
1ms,power,19.37669,3.6729713628086614e-09
1ms,power,19.41882,3.704941140643696e-09
1ms,power,20.005836,3.5365221787731484e-09
1ms,power,20.047861,3.5312917440766037e-09
1ms,power,20.089757,3.4126777415668977e-09
1ms,power,20.131726,3.4154828431818314e-09
1ms,power,20.17768,3.441657756969974e-09
1ms,power,20.217628,3.3831080451780504e-09
1ms,power,20.257544,3.470584788756903e-09
1ms,power,20.299546,3.4213976250609345e-09
1ms,power,20.341492,3.3488305893562097e-09
1ms,power,20.383386,3.4039196013928975e-09
1ms,power,20.425335,3.4272538260382665e-09
1ms,power,21.0126,3.2792227101099845e-09
1ms,power,21.05456,3.182869093153417e-09
1ms,power,21.096659,3.1483373080993024e-09
1ms,power,21.142432,3.0934008086283354e-09
1ms,power,21.182181,3.1231991211593262e-09
1ms,power,21.22435,3.070397674428927e-09
1ms,power,21.264361,3.014681043715226e-09
1ms,power,21.30642,3.0443160884166554e-09
1ms,power,21.348518,2.964653467127602e-09
1ms,power,21.39033,3.0385744160413076e-09
1ms,power,21.432221,2.980497508271854e-09
1ms,power,22.019224,2.8785472737335155e-09
1ms,power,22.061203,2.854369572856701e-09
1ms,power,22.103107,2.8236826696184146e-09
1ms,power,22.145027,2.737340563773557e-09
1ms,power,22.187169,2.8095328495053816e-09
1ms,power,22.229401,2.8006476521980434e-09
1ms,power,22.270827,2.758705988252605e-09
1ms,power,22.312759,2.7556982575573497e-09
1ms,power,22.354731,2.663485518369222e-09
1ms,power,22.396654,2.6910684287830355e-09
1ms,power,22.438789,2.599024689407686e-09
1ms,power,23.025905,2.413940357334145e-09
1ms,power,23.069095,2.442443335236715e-09
1ms,power,23.109741,2.2934396319655694e-09
1ms,power,23.151678,2.4196360991233032e-09
1ms,power,23.193622,2.337094102351945e-09
1ms,power,23.235579,2.309413453865755e-09
1ms,power,23.277578,2.257816215703373e-09
1ms,power,23.319423,2.2673686930355576e-09
1ms,power,23.361303,2.26996696454982e-09
1ms,power,23.403334,2.3142694743661372e-09
1ms,power,23.44534,2.2642026470300346e-09
1ms,power,23.990566,2.1074217663869383e-09
1ms,power,24.032439,2.026594552850622e-09
1ms,power,24.074472,2.0703100351684685e-09
1ms,power,24.116359,2.0560527426576916e-09
1ms,power,24.158256,2.0766091220958533e-09
1ms,power,24.200253,2.0340683363116883e-09
1ms,power,24.245292,1.995697449759693e-09
1ms,power,24.284165,1.9996427685089814e-09
1ms,power,24.326084,1.963949765461904e-09
1ms,power,24.369556,1.9747629550725755e-09
1ms,power,24.409923,2.0553424851910157e-09
1ms,power,24.997207,1.963242129724881e-09
1ms,power,25.039047,1.906300745410275e-09
1ms,power,25.081067,1.9107240459130762e-09
1ms,power,25.122887,1.8322809227168129e-09
1ms,power,25.164834,1.863114354174278e-09
1ms,power,25.206826,1.873818214963096e-09
1ms,power,25.248716,1.8126420699599183e-09
1ms,power,25.290738,1.7699602633175103e-09
1ms,power,25.332693,1.7727024319699132e-09
1ms,power,25.374688,1.7077016302273885e-09
1ms,power,25.41659,1.7025891915649375e-09
1ms,power,26.003766,1.4664381990947073e-09
1ms,power,26.045779,1.4289541273834173e-09
1ms,power,26.087708,1.4186511455346735e-09
1ms,power,26.130967,1.3671414810890882e-09
1ms,power,26.171539,1.4144387107049502e-09
1ms,power,26.213486,1.3792985370529014e-09
1ms,power,26.255381,1.4197729745267305e-09
1ms,power,26.302707,1.3480978449726019e-09
1ms,power,26.339378,1.3920944874525834e-09
1ms,power,26.381278,1.3251172425067501e-09
1ms,power,26.423218,1.3739058423557822e-09
1ms,power,27.010451,1.278484368364079e-09
1ms,power,27.052406,1.2681335647644838e-09
1ms,power,27.094304,1.2296485099892905e-09
1ms,power,27.136243,1.245937834325463e-09
1ms,power,27.178251,1.2022915595487537e-09
1ms,power,27.220332,1.2110015284660416e-09
1ms,power,27.26211,1.2484813949178642e-09
1ms,power,27.304067,1.1917284184582315e-09
1ms,power,27.346029,1.2159209485663376e-09
1ms,power,27.387797,1.2290848814871904e-09
1ms,power,27.430866,1.2342680420508805e-09
1ms,power,28.018534,1.1509727527460984e-09
1ms,power,28.060488,1.2442331272483968e-09
1ms,power,28.106974,1.2300287677357956e-09
1ms,power,28.147014,1.2003623346805114e-09
1ms,power,28.190592,1.1540817301023417e-09
1ms,power,28.226939,1.1378708123989549e-09
1ms,power,28.274729,1.1449196899792924e-09
1ms,power,28.316609,1.1867681572367954e-09
1ms,power,28.352774,1.1111420130233673e-09
1ms,power,28.394774,1.1457913336516235e-09
1ms,power,28.436572,1.1742150902718442e-09
1ms,power,29.02377,1.0876851561766886e-09
1ms,power,29.065476,1.0691271561697184e-09
1ms,power,29.111493,1.0557370324380089e-09
1ms,power,29.151648,9.602731924477484e-10
1ms,power,29.191494,1.0124448664502312e-09
1ms,power,29.243399,9.523269647772624e-10
1ms,power,29.275327,9.362142717555134e-10
1ms,power,29.31796,9.751266193126466e-10
1ms,power,29.359262,9.519801802042284e-10
1ms,power,29.402322,8.953521100614118e-10
1ms,power,29.443133,9.146118788029022e-10
1ms,power,30.030591,7.470289530903733e-10
1ms,power,30.072412,7.37847269738525e-10
1ms,power,30.114235,7.687044409693901e-10
1ms,power,30.156294,8.10520034952033e-10
1ms,power,30.198107,7.801792732903678e-10
1ms,power,30.239814,7.096437372107799e-10
1ms,power,30.282041,7.478493248505187e-10
1ms,power,30.323887,7.019755679346038e-10
1ms,power,30.373091,6.163606704398476e-10
1ms,power,30.408549,7.559799550274414e-10
1ms,power,30.994982,6.863041292265217e-10
1ms,power,31.037434,6.716075803709886e-10
1ms,power,31.07925,6.561482280258202e-10
1ms,power,31.131064,5.496826587592434e-10
1ms,power,31.163334,6.303765335601341e-10
1ms,power,31.204928,6.028342683395335e-10
1ms,power,31.247329,5.93872752237768e-10
1ms,power,31.289643,6.029704928650147e-10
1ms,power,31.331592,5.923602470585417e-10
1ms,power,31.373599,6.260233865309353e-10
1ms,power,31.415491,5.7290356890917e-10
1ms,power,32.002155,5.406358449386953e-10
1ms,power,32.043936,5.046708311616169e-10
1ms,power,32.086119,5.945843492053036e-10
1ms,power,32.140401,4.469623876406173e-10
1ms,power,32.169713,5.483272150356277e-10
1ms,power,32.22101,5.095927793721934e-10
1ms,power,32.253559,3.781152361850341e-10
1ms,power,32.295158,4.074037053599486e-10
1ms,power,32.337917,3.9651009092940783e-10
1ms,power,32.3792,4.1276381081819205e-10
1ms,power,32.421157,4.31158409660069e-10
1ms,power,33.016056,2.7702366647531253e-10
1ms,power,33.050497,3.3839539744314727e-10
1ms,power,33.092453,2.6432325008076134e-10
1ms,power,33.134749,2.771076495564115e-10
1ms,power,33.177177,1.770577493976579e-10
1ms,power,33.224118,2.784236717568551e-10
1ms,power,33.259901,2.100794646370645e-10
1ms,power,33.308382,2.5185683378782126e-10
1ms,power,33.34396,2.5156039103656747e-10
1ms,power,33.386013,1.9525453379130292e-10
1ms,power,33.433881,2.5369611172008616e-10
1ms,power,34.016489,1.784292582774189e-10
1ms,power,34.05746,1.3644834124008917e-10
1ms,power,34.099054,2.2698257848559134e-10
1ms,power,34.141757,1.678811510192228e-10
1ms,power,34.190693,1.5599314399594948e-10
1ms,power,34.225461,1.9697927528808188e-10
1ms,power,34.266779,1.273113035355913e-10
1ms,power,34.308793,1.091719528122682e-10
1ms,power,34.350959,1.5073073655952752e-10
1ms,power,34.393078,2.3594195457175597e-10
1ms,power,34.434973,1.297315883701912e-10
1ms,power,35.022317,1.9074329821829587e-10
1ms,power,35.064209,1.8153774000591583e-10
1ms,power,35.106218,1.737922520382366e-10
1ms,power,35.148182,1.342285195961023e-10
1ms,power,35.190091,1.4081573255428577e-10
1ms,power,35.232156,2.0900113612037997e-10
1ms,power,35.27399,1.2286572461185953e-10
1ms,power,35.315949,1.3216274479382168e-10
1ms,power,35.357294,1.1834093084452836e-10
1ms,power,35.398869,7.546945888140678e-11
1ms,power,35.440906,5.0182033212399055e-11
1ms,power,36.03219,1.2596312914494987e-10
1ms,power,36.070106,1.2031975900006943e-10
1ms,power,36.117486,1.506549794502334e-10
1ms,power,36.154078,1.3545609714352466e-10
1ms,power,36.196069,8.606676464963029e-11
1ms,power,36.238774,1.1035672860695192e-10
1ms,power,36.279794,5.933002281020956e-11
1ms,power,36.321768,1.1220800501926006e-10
1ms,power,36.364026,1.0032845060254276e-10
1ms,power,36.405705,9.345814723857962e-11
1ms,power,36.993484,7.09429878831046e-11
1ms,power,37.034754,1.3948047915845564e-10
1ms,power,37.076775,1.3927779365163952e-10
1ms,power,37.119994,7.839749612333848e-11
1ms,power,37.160821,7.20800251279932e-11
1ms,power,37.202721,9.35671657697282e-11
1ms,power,37.244651,1.7988144669995033e-10
1ms,power,37.28649,5.714622690338739e-11
1ms,power,37.333861,1.3978981417730647e-10
1ms,power,37.370369,1.1994367398561522e-10
1ms,power,37.418917,1.442829839691876e-10
1ms,power,38.010856,2.6460676150269184e-10
1ms,power,38.042188,1.3660508077343909e-10
1ms,power,38.083426,1.7742399611455112e-10
1ms,power,38.125513,1.8911343482535473e-10
1ms,power,38.167084,1.6808409594330472e-10
1ms,power,38.20967,1.6830378490642616e-10
1ms,power,38.251546,1.8797550235249444e-10
1ms,power,38.293836,1.851112744519894e-10
1ms,power,38.335576,1.7808301272174835e-10
1ms,power,38.37744,1.5798726745180607e-10
1ms,power,38.419663,1.489850350995877e-10
1ms,power,39.006844,9.33141267310755e-11
1ms,power,39.049019,1.3807307615053533e-10
1ms,power,39.090815,1.0309220581627996e-10
1ms,power,39.13262,1.1054744271971662e-10
1ms,power,39.174882,1.254056551228418e-10
1ms,power,39.231606,1.3306019511312446e-10
1ms,power,39.261752,1.4672161033655254e-10
1ms,power,39.30019,1.4950009603621545e-10
1ms,power,39.341879,1.2669331293103844e-10
1ms,power,39.384613,1.018177773367794e-10
1ms,power,39.425335,1.541302219737867e-10
1ms,power,40.012734,1.4984462674296586e-10
1ms,power,40.054704,9.981109722480141e-11
1ms,power,40.09855,1.0861920415131373e-10
1ms,power,40.138772,1.1956338126688277e-10
1ms,power,40.186172,1.6428330651209522e-10
1ms,power,40.226788,9.515448006788391e-11
1ms,power,40.26558,1.8070078560148623e-10
1ms,power,40.30645,1.6981705617607423e-10
1ms,power,40.353028,1.1690498412846083e-10
1ms,power,40.390619,6.685586264022004e-11
1ms,power,40.432591,1.391141082531079e-10
1ms,power,41.019381,1.8078656151372303e-10
1ms,power,41.066749,1.2520105842832391e-10
1ms,power,41.103344,1.199458927100492e-10
1ms,power,41.146337,1.074959136358033e-10
1ms,power,41.187283,1.24451264387646e-10
1ms,power,41.230557,1.2583304863599484e-10
1ms,power,41.272575,1.9024495551704732e-10
1ms,power,41.313596,1.1860904092506199e-10
1ms,power,41.35488,1.6877719968914183e-10
1ms,power,41.398079,1.6249957055616727e-10
1ms,power,41.438727,1.1953695408066996e-10
1ms,power,42.02618,1.2829308833191214e-10
1ms,power,42.068545,1.321403866519924e-10
1ms,power,42.11003,7.663871229266533e-11
1ms,power,42.152324,1.3428341175175967e-10
1ms,power,42.193625,1.6135977003935817e-10
1ms,power,42.235685,1.6103737684551898e-10
1ms,power,42.277883,1.843753960127654e-10
1ms,power,42.32,1.6178379197475765e-10
1ms,power,42.361864,1.250513064868071e-10
1ms,power,42.404197,1.1152414679846958e-10
1ms,power,42.445608,1.661887364478336e-10
1ms,power,42.487155,1.3295856501856366e-10
1ms,power,42.529438,1.203888723845877e-10
1ms,power,42.571491,1.203888723845877e-10
1ms,power,42.613274,1.203888723845877e-10
1ms,power,42.655491,1.203888723845877e-10
