run,signal,time_s,value
1ms,distance,0.0,52.940887040563915
1ms,distance,0.041909,52.94044819627724
1ms,distance,0.08394,52.94000807374756
1ms,distance,0.126236,52.93936820200079
1ms,distance,0.168848,52.938622245612265
1ms,distance,0.209662,52.93768833628709
1ms,distance,0.251615,52.93614834341872
1ms,distance,0.293493,52.93461109861535
1ms,distance,0.33562,52.93360053452247
1ms,distance,0.377572,52.932661858944286
1ms,distance,0.419654,52.931756434660514
1ms,distance,1.006426,52.914512585509954
1ms,distance,1.048366,52.91193660948499
1ms,distance,1.090371,52.90935663570292
1ms,distance,1.133214,52.905802018358564
1ms,distance,1.174192,52.902203591989306
1ms,distance,1.216166,52.89813736710751
1ms,distance,1.257599,52.89362007735656
1ms,distance,1.300106,52.888897119477114
1ms,distance,1.342699,52.8822364522728
1ms,distance,1.384576,52.875687748166946
1ms,distance,1.428166,52.86806605056055
1ms,distance,2.012644,52.6979036640975
1ms,distance,2.054333,52.683025613819055
1ms,distance,2.096549,52.66795943519976
1ms,distance,2.139009,52.652503877379715
1ms,distance,2.18098,52.63721395751762
1ms,distance,2.223067,52.62236849574767
1ms,distance,2.265482,52.60774818532298
1ms,distance,2.306818,52.59329240807936
1ms,distance,2.348831,52.577794919332696
1ms,distance,2.3907,52.56235063790372
1ms,distance,2.432745,52.54780732939128
1ms,distance,3.022415,52.338926797645705
1ms,distance,3.061164,52.32495720209383
1ms,distance,3.103091,52.309866299036955
1ms,distance,3.145656,52.29473452474058
1ms,distance,3.187473,52.27986871830269
1ms,distance,3.240244,52.26205516621859
1ms,distance,3.270882,52.2518536927926
1ms,distance,3.312672,52.23779719289306
1ms,distance,3.355154,52.223234944584654
1ms,distance,3.397466,52.208730885772354
1ms,distance,3.439405,52.19494314731064
1ms,distance,4.029152,52.00217644500638
1ms,distance,4.071215,51.98921541700445
1ms,distance,4.110668,51.97662615138749
1ms,distance,4.152184,51.96238968686589
1ms,distance,4.206493,51.94410820195095
1ms,distance,4.235621,51.935326133287155
1ms,distance,4.27738,51.922735753193166
1ms,distance,4.3199,51.90978519546718
1ms,distance,4.362244,51.89676290917567
1ms,distance,4.404095,51.88394030536833
1ms,distance,4.446062,51.87137814166454
1ms,distance,5.032437,51.70953247465518
1ms,distance,5.075174,51.69850123640546
1ms,distance,5.117921,51.68700516046428
1ms,distance,5.159081,51.675414523629975
1ms,distance,5.20101,51.66367241170466
1ms,distance,5.242939,51.65284905396906
1ms,distance,5.284925,51.642010987155935
1ms,distance,5.328243,51.63056448806064
1ms,distance,5.370931,51.61916878447666
1ms,distance,5.410243,51.6088566554881
1ms,distance,5.452191,51.5982952707554
1ms,distance,5.997746,51.458759179842055
1ms,distance,6.039603,51.44889592892904
1ms,distance,6.08162,51.439002487704464
1ms,distance,6.123726,51.428928518565726
1ms,distance,6.165969,51.41871748560148
1ms,distance,6.207387,51.40884082300768
1ms,distance,6.258825,51.39716539772119
1ms,distance,6.291068,51.38984687422159
1ms,distance,6.332516,51.38011931698663
1ms,distance,6.375114,51.370053260267944
1ms,distance,6.41786,51.3601998913294
1ms,distance,7.007559,51.22750693576005
1ms,distance,7.046045,51.219552585412224
1ms,distance,7.087735,51.21093600492028
1ms,distance,7.130114,51.20194175719911
1ms,distance,7.17202,51.192971212135284
1ms,distance,7.213975,51.18407886267869
1ms,distance,7.255935,51.175333127519785
1ms,distance,7.297963,51.16657322966964
1ms,distance,7.339855,51.15766575832059
1ms,distance,7.381771,51.14875206713782
1ms,distance,7.423988,51.14009325780125
1ms,distance,8.010882,51.02267906017251
1ms,distance,8.05274,51.01506333011829
1ms,distance,8.098108,51.00680898315377
1ms,distance,8.137202,50.999599817715726
1ms,distance,8.178147,50.992048972564476
1ms,distance,8.219993,50.984582348959094
1ms,distance,8.262797,50.977181243647145
1ms,distance,8.304632,50.96984021752647
1ms,distance,8.346626,50.96187378566524
1ms,distance,8.38849,50.9539319584478
1ms,distance,8.432287,50.94622330104718
1ms,distance,9.01756,50.84599747322246
1ms,distance,9.059667,50.83923968870318
1ms,distance,9.101517,50.83250491086459
1ms,distance,9.147556,50.824860232057524
1ms,distance,9.185135,50.81862029034716
1ms,distance,9.226851,50.81196802526044
1ms,distance,9.272666,50.80480014036445
1ms,distance,9.311436,50.79857790637661
1ms,distance,9.352637,50.79164338615362
1ms,distance,9.395001,50.78451308027036
1ms,distance,9.437619,50.777837717895984
1ms,distance,10.024899,50.680485807812616
1ms,distance,10.067732,50.673470428964585
1ms,distance,10.108513,50.66681350005651
1ms,distance,10.150284,50.66006293340402
1ms,distance,10.192266,50.65327826714258
1ms,distance,10.234166,50.64691895053926
1ms,distance,10.276109,50.64062169207095
1ms,distance,10.318109,50.63424708784076
1ms,distance,10.360195,50.62778271667956
1ms,distance,10.401926,50.62140027030766
1ms,distance,10.443904,50.61526365821507
1ms,distance,11.030283,50.529761453671995
1ms,distance,11.07218,50.5240999620894
1ms,distance,11.118054,50.51769655479933
1ms,distance,11.156923,50.512043187733404
1ms,distance,11.198067,50.506058895415926
1ms,distance,11.240503,50.50063783303276
1ms,distance,11.282463,50.495280512618756
1ms,distance,11.335815,50.48834453674736
1ms,distance,11.365926,50.484400608812
1ms,distance,11.407656,50.478996288592434
1ms,distance,11.450124,50.47371111460487
1ms,distance,11.995857,50.408240715744654
1ms,distance,12.037932,50.40333448413118
1ms,distance,12.081158,50.39830962795104
1ms,distance,12.121189,50.39348321654858
1ms,distance,12.163289,50.388272020049676
1ms,distance,12.217252,50.38177937341423
1ms,distance,12.246701,50.37842366657409
1ms,distance,12.288376,50.373674797225156
1ms,distance,12.331323,50.36855224270534
1ms,distance,12.37327,50.36348241305277
1ms,distance,12.425268,50.3574107268223
1ms,distance,13.002425,50.29281502664262
1ms,distance,13.044376,50.28842616212499
1ms,distance,13.086463,50.28402308003597
1ms,distance,13.129365,50.27936080901544
1ms,distance,13.172628,50.27459296554341
1ms,distance,13.21169,50.270341922979306
1ms,distance,13.253614,50.265889324180584
1ms,distance,13.295586,50.26143163574253
1ms,distance,13.33801,50.256995514583984
1ms,distance,13.379832,50.252626911299934
1ms,distance,13.421743,50.24843012481354
1ms,distance,14.008254,50.193926027657135
1ms,distance,14.050013,50.19051496471268
1ms,distance,14.092475,50.18704646971214
1ms,distance,14.13477,50.18347279299503
1ms,distance,14.176712,50.17991037256179
1ms,distance,14.218625,50.17643049056341
1ms,distance,14.263016,50.172834415171614
1ms,distance,14.305568,50.169409246252584
1ms,distance,14.343643,50.16643870703686
1ms,distance,14.385567,50.16316789409018
1ms,distance,14.433209,50.159676178606894
1ms,distance,15.01471,50.120834844013864
1ms,distance,15.056724,50.11850289830016
1ms,distance,15.098714,50.11617205436067
1ms,distance,15.140604,50.113827614207345
1ms,distance,15.182586,50.11147801011832
1ms,distance,15.22441,50.109265165223086
1ms,distance,15.266505,50.10711493834746
1ms,distance,15.308354,50.1049587993337
1ms,distance,15.350306,50.10273931286128
1ms,distance,15.392316,50.10051674865655
1ms,distance,15.434345,50.09849183072242
1ms,distance,16.021582,50.07204614431179
1ms,distance,16.063226,50.070439723505686
1ms,distance,16.105208,50.06882262744234
1ms,distance,16.147161,50.06721857845161
1ms,distance,16.189133,50.06561379107855
1ms,distance,16.231095,50.06413455794126
1ms,distance,16.274276,50.062648027359636
1ms,distance,16.314898,50.06123104365194
1ms,distance,16.356829,50.05974086672197
1ms,distance,16.398733,50.0582542665991
1ms,distance,16.440764,50.05698087166857
1ms,distance,17.028115,50.04206306918061
1ms,distance,17.071292,50.04123313961262
1ms,distance,17.111812,50.04046367043038
1ms,distance,17.153727,50.03968697689491
1ms,distance,17.200891,50.03881919659475
1ms,distance,17.238701,50.03820652796724
1ms,distance,17.279633,50.03754327333325
1ms,distance,17.321519,50.03687551604741
1ms,distance,17.363517,50.036214754328356
1ms,distance,17.405485,50.03557047659975
1ms,distance,17.447369,50.03500402779475
1ms,distance,17.992646,50.03004153969921
1ms,distance,18.034571,50.029892534240446
1ms,distance,18.076516,50.0297543272662
1ms,distance,18.118614,50.029648158680324
1ms,distance,18.160451,50.02957711580842
1ms,distance,18.20793,50.0295115213421
1ms,distance,18.244447,50.02950611957372
1ms,distance,18.286316,50.02949992607169
1ms,distance,18.330908,50.029546789187506
1ms,distance,18.370545,50.029605780082136
1ms,distance,18.412692,50.029694551002336
1ms,distance,18.999289,50.034143650414244
1ms,distance,19.041209,50.034718549852734
1ms,distance,19.083184,50.03529420459775
1ms,distance,19.125132,50.035973142546624
1ms,distance,19.16704,50.036709379290606
1ms,distance,19.208937,50.03744602685073
1ms,distance,19.252297,50.038210216717644
1ms,distance,19.292745,50.03892308381749
1ms,distance,19.334735,50.039768070288225
1ms,distance,19.37669,50.040628122789364
1ms,distance,19.41882,50.041516021482956
1ms,distance,20.005836,50.05868873612127
1ms,distance,20.047861,50.06021923477267
1ms,distance,20.089757,50.061745027296574
1ms,distance,20.131726,50.063436748185204
1ms,distance,20.17768,50.06533435049875
1ms,distance,20.217628,50.067020762074264
1ms,distance,20.257544,50.06874481823499
1ms,distance,20.299546,50.07056293965834
1ms,distance,20.341492,50.07250171725432
1ms,distance,20.383386,50.07443808150279
1ms,distance,20.425335,50.076372830711
1ms,distance,21.0126,50.10762835479925
1ms,distance,21.05456,50.11003219891463
1ms,distance,21.096659,50.11244400608036
1ms,distance,21.142432,50.115338134516705
1ms,distance,21.182181,50.11785981699747
1ms,distance,21.22435,50.12061996716266
1ms,distance,21.264361,50.1232884432911
1ms,distance,21.30642,50.126110112372004
1ms,distance,21.348518,50.129003251937725
1ms,distance,21.39033,50.131876729453516
1ms,distance,21.432221,50.13471599136096
1ms,distance,22.019224,50.1786727468874
1ms,distance,22.061203,50.181877864297206
1ms,distance,22.103107,50.18510800168143
1ms,distance,22.145027,50.18857311020154
1ms,distance,22.187169,50.19205654678987
1ms,distance,22.229401,50.195452936376185
1ms,distance,22.270827,50.19875158634388
1ms,distance,22.312759,50.20221434686915
1ms,distance,22.354731,50.20591425085915
1ms,distance,22.396654,50.20960984635454
1ms,distance,22.438789,50.2130442326197
1ms,distance,23.025905,50.26557102181771
1ms,distance,23.069095,50.269569948827616
1ms,distance,23.109741,50.27331210648349
1ms,distance,23.151678,50.27711773221832
1ms,distance,23.193622,50.28092398538367
1ms,distance,23.235579,50.28464876484144
1ms,distance,23.277578,50.28836707202706
1ms,distance,23.319423,50.292190165522406
1ms,distance,23.361303,50.29613198976902
1ms,distance,23.403334,50.300097377595144
1ms,distance,23.44534,50.304127985458024
1ms,distance,23.990566,50.362515814413385
1ms,distance,24.032439,50.36746432626874
1ms,distance,24.074472,50.37247277164798
1ms,distance,24.116359,50.37752718533333
1ms,distance,24.158256,50.38266599750409
1ms,distance,24.200253,50.387809687429744
1ms,distance,24.245292,50.3931692884256
1ms,distance,24.284165,50.39779511763541
1ms,distance,24.326084,50.403007946481196
1ms,distance,24.369556,50.40853154461104
1ms,distance,24.409923,50.41367847533195
1ms,distance,24.997207,50.49105727744103
1ms,distance,25.039047,50.49657472536688
1ms,distance,25.081067,50.502110396346076
1ms,distance,25.122887,50.50775454093664
1ms,distance,25.164834,50.513509983553995
1ms,distance,25.206826,50.51922090849842
1ms,distance,25.248716,50.52472134588804
1ms,distance,25.290738,50.530239095411275
1ms,distance,25.332693,50.536013261751116
1ms,distance,25.374688,50.54185069879706
1ms,distance,25.41659,50.54760039935443
1ms,distance,26.003766,50.634209887175246
1ms,distance,26.045779,50.64065432502111
1ms,distance,26.087708,50.64708588971701
1ms,distance,26.130967,50.65458467484705
1ms,distance,26.171539,50.6618780126504
1ms,distance,26.213486,50.66912012189853
1ms,distance,26.255381,50.67583147334945
1ms,distance,26.302707,50.6834417788041
1ms,distance,26.339378,50.6895533170627
1ms,distance,26.381278,50.69653631444975
1ms,distance,26.423218,50.70334740988665
1ms,distance,27.010451,50.8032907813572
1ms,distance,27.052406,50.81058504222972
1ms,distance,27.094304,50.817869396251446
1ms,distance,27.136243,50.82584118666041
1ms,distance,27.178251,50.83389655177528
1ms,distance,27.220332,50.84198444830736
1ms,distance,27.26211,50.85003066383229
1ms,distance,27.304067,50.85809369386394
1ms,distance,27.346029,50.86604788838853
1ms,distance,27.387797,50.873965340166485
1ms,distance,27.430866,50.88181128664392
1ms,distance,28.018534,50.98951436502927
1ms,distance,28.060488,50.99702520323355
1ms,distance,28.106974,51.005450355192146
1ms,distance,28.147014,51.01309006506036
1ms,distance,28.190592,51.021404811576986
1ms,distance,28.226939,51.028389093775765
1ms,distance,28.274729,51.03758935595227
1ms,distance,28.316609,51.045791501720025
1ms,distance,28.352774,51.053028556279266
1ms,distance,28.394774,51.06143327631599
1ms,distance,28.436572,51.06955783345629
1ms,distance,29.02377,51.19243476005285
1ms,distance,29.065476,51.20106436102591
1ms,distance,29.111493,51.210661202239145
1ms,distance,29.151648,51.21919779872144
1ms,distance,29.191494,51.22766870646331
1ms,distance,29.243399,51.238380005958284
1ms,distance,29.275327,51.2449390432265
1ms,distance,29.31796,51.25404542121065
1ms,distance,29.359262,51.26325916995871
1ms,distance,29.402322,51.27283487735802
1ms,distance,29.443133,51.281637122942094
1ms,distance,30.030591,51.41797082604777
1ms,distance,30.072412,51.427909177783974
1ms,distance,30.114235,51.437980895917306
1ms,distance,30.156294,51.448325029170284
1ms,distance,30.198107,51.45860864846971
1ms,distance,30.239814,51.46850377145538
1ms,distance,30.282041,51.47852113387119
1ms,distance,30.323887,51.48932011731862
1ms,distance,30.373091,51.502665189220124
1ms,distance,30.408549,51.51197664547493
1ms,distance,30.994982,51.65877056965436
1ms,distance,31.037434,51.66921628763009
1ms,distance,31.07925,51.67947736300782
1ms,distance,31.131064,51.692480896157406
1ms,distance,31.163334,51.70068364469491
1ms,distance,31.204928,51.711169526694896
1ms,distance,31.247329,51.72139652533096
1ms,distance,31.289643,51.73160259174908
1ms,distance,31.331592,51.742067491907164
1ms,distance,31.373599,51.75263631731787
1ms,distance,31.415491,51.76297916615253
1ms,distance,32.002155,51.915466519420164
1ms,distance,32.043936,51.926352938021765
1ms,distance,32.086119,51.93734415677504
1ms,distance,32.140401,51.95285628962755
1ms,distance,32.169713,51.96144507152475
1ms,distance,32.22101,51.975897791944355
1ms,distance,32.253559,51.98460910265662
1ms,distance,32.295158,51.99574248713055
1ms,distance,32.337917,52.00779845482802
1ms,distance,32.3792,52.01948407653776
1ms,distance,32.421157,52.03140286508371
1ms,distance,33.016056,52.202070570623924
1ms,distance,33.050497,52.21157471240408
1ms,distance,33.092453,52.223152638235504
1ms,distance,33.134749,52.234848442865726
1ms,distance,33.177177,52.24658451678822
1ms,distance,33.224118,52.25859210564145
1ms,distance,33.259901,52.26713972252339
1ms,distance,33.308382,52.27855516395003
1ms,distance,33.34396,52.28647395170057
1ms,distance,33.386013,52.29583390840892
1ms,distance,33.433881,52.30497025550804
1ms,distance,34.016489,52.36350053521264
1ms,distance,34.05746,52.36601725817741
1ms,distance,34.099054,52.36858008876442
1ms,distance,34.141757,52.37161196173087
1ms,distance,34.190693,52.37508638804103
1ms,distance,34.225461,52.3777590613301
1ms,distance,34.266779,52.38100248670705
1ms,distance,34.308793,52.38417015447035
1ms,distance,34.350959,52.386959463505356
1ms,distance,34.393078,52.389745665545
1ms,distance,34.434973,52.39207419888465
1ms,distance,35.022317,52.410458415598335
1ms,distance,35.064209,52.41057245870082
1ms,distance,35.106218,52.41063638534957
1ms,distance,35.148182,52.41048549943976
1ms,distance,35.190091,52.41033481155645
1ms,distance,35.232156,52.410062926699425
1ms,distance,35.27399,52.409763729550704
1ms,distance,35.315949,52.4094255815685
1ms,distance,35.357294,52.40904105687209
1ms,distance,35.398869,52.408654179612135
1ms,distance,35.440906,52.40824910858533
1ms,distance,36.03219,52.40412686098868
1ms,distance,36.070106,52.403930392600024
1ms,distance,36.117486,52.40362408832317
1ms,distance,36.154078,52.40331891867805
1ms,distance,36.196069,52.40296872260169
1ms,distance,36.238774,52.4026023651322
1ms,distance,36.279794,52.40224994032645
1ms,distance,36.321768,52.402067158840254
1ms,distance,36.364026,52.402023446187755
1ms,distance,36.405705,52.40193850550589
1ms,distance,36.993484,52.41051717787231
1ms,distance,37.034754,52.41189758528164
1ms,distance,37.076775,52.413300997978546
1ms,distance,37.119994,52.41440940178372
1ms,distance,37.160821,52.41514432829067
1ms,distance,37.202721,52.415858829309926
1ms,distance,37.244651,52.41624218732511
1ms,distance,37.28649,52.416624712649906
1ms,distance,37.333861,52.41716826823947
1ms,distance,37.370369,52.417615239684345
1ms,distance,37.418917,52.41804629953796
1ms,distance,38.010856,52.42324083945689
1ms,distance,38.042188,52.42422871419615
1ms,distance,38.083426,52.4255289117855
1ms,distance,38.125513,52.42610436032499
1ms,distance,38.167084,52.42626975400314
1ms,distance,38.20967,52.42642622381599
1ms,distance,38.251546,52.42654536048202
1ms,distance,38.293836,52.42666567467067
1ms,distance,38.335576,52.426818175924424
1ms,distance,38.37744,52.426975118203444
1ms,distance,38.419663,52.42725000373183
1ms,distance,39.006844,52.52342740839772
1ms,distance,39.049019,52.52360897294349
1ms,distance,39.090815,52.5237889055176
1ms,distance,39.13262,52.523836913045116
1ms,distance,39.174882,52.5238566570709
1ms,distance,39.231606,52.52371924626788
1ms,distance,39.261752,52.52358525864445
1ms,distance,39.30019,52.52341474854897
1ms,distance,39.341879,52.523236514930126
1ms,distance,39.384613,52.5230538146916
1ms,distance,39.425335,52.52296079970156
1ms,distance,40.012734,52.52459633998524
1ms,distance,40.054704,52.52518474736743
1ms,distance,40.09855,52.525804341531796
1ms,distance,40.138772,52.52699242035008
1ms,distance,40.186172,52.52839252556377
1ms,distance,40.226788,52.52921026620522
1ms,distance,40.26558,52.52983715428339
1ms,distance,40.30645,52.53052218524968
1ms,distance,40.353028,52.53141417409557
1ms,distance,40.390619,52.532134058706475
1ms,distance,40.432591,52.53276831577995
1ms,distance,41.019381,52.44631279240842
1ms,distance,41.066749,52.44704476944905
1ms,distance,41.103344,52.44762961153505
1ms,distance,41.146337,52.448456759417105
1ms,distance,41.187283,52.449244523673315
1ms,distance,41.230557,52.4502304651748
1ms,distance,41.272575,52.451238262636394
1ms,distance,41.313596,52.45186435761907
1ms,distance,41.35488,52.45189296503422
1ms,distance,41.398079,52.45192289941525
1ms,distance,41.438727,52.45161973499573
1ms,distance,42.02618,52.44841059084813
1ms,distance,42.068545,52.44829881302985
1ms,distance,42.11003,52.44818281143174
1ms,distance,42.152324,52.448047750154196
1ms,distance,42.193625,52.44791586071607
1ms,distance,42.235685,52.44795589041224
1ms,distance,42.277883,52.44801758313596
1ms,distance,42.32,52.447793940615895
1ms,distance,42.361864,52.44730654366731
1ms,distance,42.404197,52.44681707747173
1ms,distance,42.445608,52.446358503324646
1ms,distance,42.487155,52.44589842427942
1ms,distance,42.529438,52.44540815630977
1ms,distance,42.571491,52.4449127692224
1ms,distance,42.613274,52.444597721537804
1ms,distance,42.655491,52.444597721537804
1ms,power,0.0,2.562103980926691e-10
1ms,power,0.041909,2.657614825132461e-10
1ms,power,0.08394,3.24359985536526e-10
1ms,power,0.126236,2.7496911159161347e-10
1ms,power,0.168848,2.8742300540283807e-10
1ms,power,0.209662,2.634690465089908e-10
1ms,power,0.251615,2.566623377869482e-10
1ms,power,0.293493,2.9894806839209796e-10
1ms,power,0.33562,2.49859978055866e-10
1ms,power,0.377572,2.69609272233058e-10
1ms,power,0.419654,2.0874389864839802e-10
1ms,power,1.006426,3.5305792497824523e-10
1ms,power,1.048366,3.4515283265130694e-10
1ms,power,1.090371,2.651067585817118e-10
1ms,power,1.133214,3.1269810855950516e-10
1ms,power,1.174192,2.712161233421123e-10
1ms,power,1.216166,2.5687297440576056e-10
1ms,power,1.257599,3.333576941916717e-10
1ms,power,1.300106,2.6660890438144685e-10
1ms,power,1.342699,2.5659022559824495e-10
1ms,power,1.384576,2.866206512480386e-10
1ms,power,1.428166,3.282074453593429e-10
1ms,power,2.012644,2.872793365821697e-10
1ms,power,2.054333,2.769909037082907e-10
1ms,power,2.096549,2.7094579912814676e-10
1ms,power,2.139009,2.6257337148990627e-10
1ms,power,2.18098,3.1296932588640457e-10
1ms,power,2.223067,2.6034864301292067e-10
1ms,power,2.265482,3.0925055943980946e-10
1ms,power,2.306818,2.961130478741314e-10
1ms,power,2.348831,3.0218973085883087e-10
1ms,power,2.3907,2.8903817166184993e-10
1ms,power,2.432745,3.1934301290425587e-10
1ms,power,3.022415,4.410931559482469e-10
1ms,power,3.061164,4.5359277197478966e-10
1ms,power,3.103091,4.909584144889043e-10
1ms,power,3.145656,4.1831648762307003e-10
1ms,power,3.187473,4.722609078913594e-10
1ms,power,3.240244,5.460349226670846e-10
1ms,power,3.270882,4.373810300496358e-10
1ms,power,3.312672,4.6277831422787086e-10
1ms,power,3.355154,4.5691319935880874e-10
1ms,power,3.397466,5.02223623187729e-10
1ms,power,3.439405,4.2043237134693446e-10
1ms,power,4.029152,5.933247971706253e-10
1ms,power,4.071215,6.313956769851807e-10
1ms,power,4.110668,5.854386487727967e-10
1ms,power,4.152184,6.514253954376442e-10
1ms,power,4.206493,6.232972384277139e-10
1ms,power,4.235621,5.656247135204596e-10
1ms,power,4.27738,5.979438777122726e-10
1ms,power,4.3199,5.981622510669478e-10
1ms,power,4.362244,6.257100617085706e-10
1ms,power,4.404095,6.096226226236814e-10
1ms,power,4.446062,6.704091150482925e-10
1ms,power,5.032437,7.207177737880235e-10
1ms,power,5.075174,6.926216645037045e-10
1ms,power,5.117921,6.84188765314191e-10
1ms,power,5.159081,6.994331090962696e-10
1ms,power,5.20101,7.50191494844741e-10
1ms,power,5.242939,6.619323039254498e-10
1ms,power,5.284925,7.223236481520572e-10
1ms,power,5.328243,7.217210544323123e-10
1ms,power,5.370931,6.966988124548851e-10
1ms,power,5.410243,7.679537377078286e-10
1ms,power,5.452191,6.862294456850127e-10
1ms,power,5.997746,8.060310709112475e-10
1ms,power,6.039603,7.475968273365854e-10
1ms,power,6.08162,7.807193295032938e-10
1ms,power,6.123726,7.900849451460568e-10
1ms,power,6.165969,7.80390188697557e-10
1ms,power,6.207387,7.51936297213641e-10
1ms,power,6.258825,8.008152161364623e-10
1ms,power,6.291068,7.680973683255161e-10
1ms,power,6.332516,8.194139326511301e-10
1ms,power,6.375114,8.149600845970008e-10
1ms,power,6.41786,7.987095977895384e-10
1ms,power,7.007559,8.935599779554003e-10
1ms,power,7.046045,8.94843208829543e-10
1ms,power,7.087735,9.125831735263686e-10
1ms,power,7.130114,9.389514447769876e-10
1ms,power,7.17202,9.808088930737507e-10
1ms,power,7.213975,9.597987709462703e-10
1ms,power,7.255935,9.96921349856759e-10
1ms,power,7.297963,9.751388303292958e-10
1ms,power,7.339855,8.865877055672692e-10
1ms,power,7.381771,8.598150359414517e-10
1ms,power,7.423988,9.387519780176979e-10
1ms,power,8.010882,8.940230139049405e-10
1ms,power,8.05274,8.549947546948891e-10
1ms,power,8.098108,8.266788846871416e-10
1ms,power,8.137202,8.631431590764191e-10
1ms,power,8.178147,8.932964938828748e-10
1ms,power,8.219993,8.64009799296987e-10
1ms,power,8.262797,9.146031720502071e-10
1ms,power,8.304632,8.841228169100247e-10
1ms,power,8.346626,8.880750095673672e-10
1ms,power,8.38849,9.755886699779515e-10
1ms,power,8.432287,8.573350731348592e-10
1ms,power,9.01756,9.555760280616683e-10
1ms,power,9.059667,9.732560871386623e-10
1ms,power,9.101517,1.0443063375223448e-09
1ms,power,9.147556,9.24939453531755e-10
1ms,power,9.185135,9.254866843705972e-10
1ms,power,9.226851,9.37106519408048e-10
1ms,power,9.272666,9.257429598598908e-10
1ms,power,9.311436,9.311641542205108e-10
1ms,power,9.352637,1.0006018025672299e-09
1ms,power,9.395001,9.66514371224355e-10
1ms,power,9.437619,9.871153608964398e-10
1ms,power,10.024899,1.1184929260486533e-09
1ms,power,10.067732,1.1265687165185075e-09
1ms,power,10.108513,1.214089047353052e-09
1ms,power,10.150284,1.220886482368104e-09
1ms,power,10.192266,1.2046666576937468e-09
1ms,power,10.234166,1.1388382955573728e-09
1ms,power,10.276109,1.255746761336509e-09
1ms,power,10.318109,1.1927804123804122e-09
1ms,power,10.360195,1.2303093553470682e-09
1ms,power,10.401926,1.234813920178933e-09
1ms,power,10.443904,1.196520530191599e-09
1ms,power,11.030283,1.3605512477781033e-09
1ms,power,11.07218,1.423538377413765e-09
1ms,power,11.118054,1.4172555849797759e-09
1ms,power,11.156923,1.4736661010661055e-09
1ms,power,11.198067,1.4347891833701628e-09
1ms,power,11.240503,1.4761787900625255e-09
1ms,power,11.282463,1.5239615152849937e-09
1ms,power,11.335815,1.5295922282791912e-09
1ms,power,11.365926,1.5067953709893846e-09
1ms,power,11.407656,1.5373171909395098e-09
1ms,power,11.450124,1.4775774181311739e-09
1ms,power,11.995857,1.6243120695037138e-09
1ms,power,12.037932,1.5807996468767214e-09
1ms,power,12.081158,1.634839087399016e-09
1ms,power,12.121189,1.6026893518907663e-09
1ms,power,12.163289,1.595428443880417e-09
1ms,power,12.217252,1.6444748070443424e-09
1ms,power,12.246701,1.7044863672812934e-09
1ms,power,12.288376,1.7028310594836223e-09
1ms,power,12.331323,1.7489836289107327e-09
1ms,power,12.37327,1.7679147156284142e-09
1ms,power,12.425268,1.824000372706074e-09
1ms,power,13.002425,2.0504884952803055e-09
1ms,power,13.044376,2.0137555167226304e-09
1ms,power,13.086463,2.0472228485660443e-09
1ms,power,13.129365,2.0240947802437887e-09
1ms,power,13.172628,2.095499541847864e-09
1ms,power,13.21169,2.1150110376594025e-09
1ms,power,13.253614,2.160922336131978e-09
1ms,power,13.295586,2.193014396115723e-09
1ms,power,13.33801,2.188416519779872e-09
1ms,power,13.379832,2.206348737848952e-09
1ms,power,13.421743,2.215945549648774e-09
1ms,power,14.008254,2.544579789891069e-09
1ms,power,14.050013,2.5815619839508306e-09
1ms,power,14.092475,2.6045728048976743e-09
1ms,power,14.13477,2.6106071656527026e-09
1ms,power,14.176712,2.6394503774374975e-09
1ms,power,14.218625,2.7213829552057115e-09
1ms,power,14.263016,2.6626762153693344e-09
1ms,power,14.305568,2.7204974793953936e-09
1ms,power,14.343643,2.7122753658912627e-09
1ms,power,14.385567,2.7517141774721627e-09
1ms,power,14.433209,2.7384512147780996e-09
1ms,power,15.01471,3.0041750014413522e-09
1ms,power,15.056724,3.01718068952919e-09
1ms,power,15.098714,3.0250775629759125e-09
1ms,power,15.140604,3.057353223662199e-09
1ms,power,15.182586,3.0271895479424424e-09
1ms,power,15.22441,3.0840912685102493e-09
1ms,power,15.266505,3.2301970775672338e-09
1ms,power,15.308354,3.1684494503799637e-09
1ms,power,15.350306,3.1606923146582163e-09
1ms,power,15.392316,3.268104646831093e-09
1ms,power,15.434345,3.2653082563291746e-09
1ms,power,16.021582,3.341722598155183e-09
1ms,power,16.063226,3.3580751145923897e-09
1ms,power,16.105208,3.302491967941015e-09
1ms,power,16.147161,3.397615933204181e-09
1ms,power,16.189133,3.38082717332827e-09
1ms,power,16.231095,3.3842528194001633e-09
1ms,power,16.274276,3.4417994343240837e-09
1ms,power,16.314898,3.39262342169257e-09
1ms,power,16.356829,3.3976288068941356e-09
1ms,power,16.398733,3.4317406308440453e-09
1ms,power,16.440764,3.406465480264295e-09
1ms,power,17.028115,3.5489625651130204e-09
1ms,power,17.071292,3.5727201972489186e-09
1ms,power,17.111812,3.6052717805689977e-09
1ms,power,17.153727,3.63323536845119e-09
1ms,power,17.200891,3.521963596847717e-09
1ms,power,17.238701,3.5388600393056486e-09
1ms,power,17.279633,3.5582525497667915e-09
1ms,power,17.321519,3.570890311559088e-09
1ms,power,17.363517,3.578694855156237e-09
1ms,power,17.405485,3.679344655892488e-09
1ms,power,17.447369,3.638663335808491e-09
1ms,power,17.992646,3.648719198951986e-09
1ms,power,18.034571,3.5712995508889256e-09
1ms,power,18.076516,3.613372362581668e-09
1ms,power,18.118614,3.5415559703330717e-09
1ms,power,18.160451,3.6392590726310633e-09
1ms,power,18.20793,3.53661639477633e-09
1ms,power,18.244447,3.6618036053619806e-09
1ms,power,18.286316,3.5944256837084597e-09
1ms,power,18.330908,3.683536345690419e-09
1ms,power,18.370545,3.6817150878474463e-09
1ms,power,18.412692,3.691923622086897e-09
1ms,power,18.999289,3.77876143402638e-09
1ms,power,19.041209,3.776155310702951e-09
1ms,power,19.083184,3.758715190685123e-09
1ms,power,19.125132,3.7091581860551906e-09
1ms,power,19.16704,3.7721881642013596e-09
1ms,power,19.208937,3.6716081364930118e-09
1ms,power,19.252297,3.79247465600037e-09
1ms,power,19.292745,3.65035044201813e-09
1ms,power,19.334735,3.7164458925696837e-09
1ms,power,19.37669,3.6729713628086614e-09
1ms,power,19.41882,3.704941140643696e-09
1ms,power,20.005836,3.5365221787731484e-09
1ms,power,20.047861,3.5312917440766037e-09
1ms,power,20.089757,3.4126777415668977e-09
1ms,power,20.131726,3.4154828431818314e-09
1ms,power,20.17768,3.441657756969974e-09
1ms,power,20.217628,3.3831080451780504e-09
1ms,power,20.257544,3.470584788756903e-09
1ms,power,20.299546,3.4213976250609345e-09
1ms,power,20.341492,3.3488305893562097e-09
1ms,power,20.383386,3.4039196013928975e-09
1ms,power,20.425335,3.4272538260382665e-09
1ms,power,21.0126,3.2792227101099845e-09
1ms,power,21.05456,3.182869093153417e-09
1ms,power,21.096659,3.1483373080993024e-09
1ms,power,21.142432,3.0934008086283354e-09
1ms,power,21.182181,3.1231991211593262e-09
1ms,power,21.22435,3.070397674428927e-09
1ms,power,21.264361,3.014681043715226e-09
1ms,power,21.30642,3.0443160884166554e-09
1ms,power,21.348518,2.964653467127602e-09
1ms,power,21.39033,3.0385744160413076e-09
1ms,power,21.432221,2.980497508271854e-09
1ms,power,22.019224,2.8785472737335155e-09
1ms,power,22.061203,2.854369572856701e-09
1ms,power,22.103107,2.8236826696184146e-09
1ms,power,22.145027,2.737340563773557e-09
1ms,power,22.187169,2.8095328495053816e-09
1ms,power,22.229401,2.8006476521980434e-09
1ms,power,22.270827,2.758705988252605e-09
1ms,power,22.312759,2.7556982575573497e-09
1ms,power,22.354731,2.663485518369222e-09
1ms,power,22.396654,2.6910684287830355e-09
1ms,power,22.438789,2.599024689407686e-09
1ms,power,23.025905,2.413940357334145e-09
1ms,power,23.069095,2.442443335236715e-09
1ms,power,23.109741,2.2934396319655694e-09
1ms,power,23.151678,2.4196360991233032e-09
1ms,power,23.193622,2.337094102351945e-09
1ms,power,23.235579,2.309413453865755e-09
1ms,power,23.277578,2.257816215703373e-09
1ms,power,23.319423,2.2673686930355576e-09
1ms,power,23.361303,2.26996696454982e-09
1ms,power,23.403334,2.3142694743661372e-09
1ms,power,23.44534,2.2642026470300346e-09
1ms,power,23.990566,2.1074217663869383e-09
1ms,power,24.032439,2.026594552850622e-09
1ms,power,24.074472,2.0703100351684685e-09
1ms,power,24.116359,2.0560527426576916e-09
1ms,power,24.158256,2.0766091220958533e-09
1ms,power,24.200253,2.0340683363116883e-09
1ms,power,24.245292,1.995697449759693e-09
1ms,power,24.284165,1.9996427685089814e-09
1ms,power,24.326084,1.963949765461904e-09
1ms,power,24.369556,1.9747629550725755e-09
1ms,power,24.409923,2.0553424851910157e-09
1ms,power,24.997207,1.963242129724881e-09
1ms,power,25.039047,1.906300745410275e-09
1ms,power,25.081067,1.9107240459130762e-09
1ms,power,25.122887,1.8322809227168129e-09
1ms,power,25.164834,1.863114354174278e-09
1ms,power,25.206826,1.873818214963096e-09
1ms,power,25.248716,1.8126420699599183e-09
1ms,power,25.290738,1.7699602633175103e-09
1ms,power,25.332693,1.7727024319699132e-09
1ms,power,25.374688,1.7077016302273885e-09
1ms,power,25.41659,1.7025891915649375e-09
1ms,power,26.003766,1.4664381990947073e-09
1ms,power,26.045779,1.4289541273834173e-09
1ms,power,26.087708,1.4186511455346735e-09
1ms,power,26.130967,1.3671414810890882e-09
1ms,power,26.171539,1.4144387107049502e-09
1ms,power,26.213486,1.3792985370529014e-09
1ms,power,26.255381,1.4197729745267305e-09
1ms,power,26.302707,1.3480978449726019e-09
1ms,power,26.339378,1.3920944874525834e-09
1ms,power,26.381278,1.3251172425067501e-09
1ms,power,26.423218,1.3739058423557822e-09
1ms,power,27.010451,1.278484368364079e-09
1ms,power,27.052406,1.2681335647644838e-09
1ms,power,27.094304,1.2296485099892905e-09
1ms,power,27.136243,1.245937834325463e-09
1ms,power,27.178251,1.2022915595487537e-09
1ms,power,27.220332,1.2110015284660416e-09
1ms,power,27.26211,1.2484813949178642e-09
1ms,power,27.304067,1.1917284184582315e-09
1ms,power,27.346029,1.2159209485663376e-09
1ms,power,27.387797,1.2290848814871904e-09
1ms,power,27.430866,1.2342680420508805e-09
1ms,power,28.018534,1.1509727527460984e-09
1ms,power,28.060488,1.2442331272483968e-09
1ms,power,28.106974,1.2300287677357956e-09
1ms,power,28.147014,1.2003623346805114e-09
1ms,power,28.190592,1.1540817301023417e-09
1ms,power,28.226939,1.1378708123989549e-09
1ms,power,28.274729,1.1449196899792924e-09
1ms,power,28.316609,1.1867681572367954e-09
1ms,power,28.352774,1.1111420130233673e-09
1ms,power,28.394774,1.1457913336516235e-09
1ms,power,28.436572,1.1742150902718442e-09
1ms,power,29.02377,1.0876851561766886e-09
1ms,power,29.065476,1.0691271561697184e-09
1ms,power,29.111493,1.0557370324380089e-09
1ms,power,29.151648,9.602731924477484e-10
1ms,power,29.191494,1.0124448664502312e-09
1ms,power,29.243399,9.523269647772624e-10
1ms,power,29.275327,9.362142717555134e-10
1ms,power,29.31796,9.751266193126466e-10
1ms,power,29.359262,9.519801802042284e-10
1ms,power,29.402322,8.953521100614118e-10
1ms,power,29.443133,9.146118788029022e-10
1ms,power,30.030591,7.470289530903733e-10
1ms,power,30.072412,7.37847269738525e-10
1ms,power,30.114235,7.687044409693901e-10
1ms,power,30.156294,8.10520034952033e-10
1ms,power,30.198107,7.801792732903678e-10
1ms,power,30.239814,7.096437372107799e-10
1ms,power,30.282041,7.478493248505187e-10
1ms,power,30.323887,7.019755679346038e-10
1ms,power,30.373091,6.163606704398476e-10
1ms,power,30.408549,7.559799550274414e-10
1ms,power,30.994982,6.863041292265217e-10
1ms,power,31.037434,6.716075803709886e-10
1ms,power,31.07925,6.561482280258202e-10
1ms,power,31.131064,5.496826587592434e-10
1ms,power,31.163334,6.303765335601341e-10
1ms,power,31.204928,6.028342683395335e-10
1ms,power,31.247329,5.93872752237768e-10
1ms,power,31.289643,6.029704928650147e-10
1ms,power,31.331592,5.923602470585417e-10
1ms,power,31.373599,6.260233865309353e-10
1ms,power,31.415491,5.7290356890917e-10
1ms,power,32.002155,5.406358449386953e-10
1ms,power,32.043936,5.046708311616169e-10
1ms,power,32.086119,5.945843492053036e-10
1ms,power,32.140401,4.469623876406173e-10
1ms,power,32.169713,5.483272150356277e-10
1ms,power,32.22101,5.095927793721934e-10
1ms,power,32.253559,3.781152361850341e-10
1ms,power,32.295158,4.074037053599486e-10
1ms,power,32.337917,3.9651009092940783e-10
1ms,power,32.3792,4.1276381081819205e-10
1ms,power,32.421157,4.31158409660069e-10
1ms,power,33.016056,2.7702366647531253e-10
1ms,power,33.050497,3.3839539744314727e-10
1ms,power,33.092453,2.6432325008076134e-10
1ms,power,33.134749,2.771076495564115e-10
1ms,power,33.177177,1.770577493976579e-10
1ms,power,33.224118,2.784236717568551e-10
1ms,power,33.259901,2.100794646370645e-10
1ms,power,33.308382,2.5185683378782126e-10
1ms,power,33.34396,2.5156039103656747e-10
1ms,power,33.386013,1.9525453379130292e-10
1ms,power,33.433881,2.5369611172008616e-10
1ms,power,34.016489,1.784292582774189e-10
1ms,power,34.05746,1.3644834124008917e-10
1ms,power,34.099054,2.2698257848559134e-10
1ms,power,34.141757,1.678811510192228e-10
1ms,power,34.190693,1.5599314399594948e-10
1ms,power,34.225461,1.9697927528808188e-10
1ms,power,34.266779,1.273113035355913e-10
1ms,power,34.308793,1.091719528122682e-10
1ms,power,34.350959,1.5073073655952752e-10
1ms,power,34.393078,2.3594195457175597e-10
1ms,power,34.434973,1.297315883701912e-10
1ms,power,35.022317,1.9074329821829587e-10
1ms,power,35.064209,1.8153774000591583e-10
1ms,power,35.106218,1.737922520382366e-10
1ms,power,35.148182,1.342285195961023e-10
1ms,power,35.190091,1.4081573255428577e-10
1ms,power,35.232156,2.0900113612037997e-10
1ms,power,35.27399,1.2286572461185953e-10
1ms,power,35.315949,1.3216274479382168e-10
1ms,power,35.357294,1.1834093084452836e-10
1ms,power,35.398869,7.546945888140678e-11
1ms,power,35.440906,5.0182033212399055e-11
1ms,power,36.03219,1.2596312914494987e-10
1ms,power,36.070106,1.2031975900006943e-10
1ms,power,36.117486,1.506549794502334e-10
1ms,power,36.154078,1.3545609714352466e-10
1ms,power,36.196069,8.606676464963029e-11
1ms,power,36.238774,1.1035672860695192e-10
1ms,power,36.279794,5.933002281020956e-11
1ms,power,36.321768,1.1220800501926006e-10
1ms,power,36.364026,1.0032845060254276e-10
1ms,power,36.405705,9.345814723857962e-11
1ms,power,36.993484,7.09429878831046e-11
1ms,power,37.034754,1.3948047915845564e-10
1ms,power,37.076775,1.3927779365163952e-10
1ms,power,37.119994,7.839749612333848e-11
1ms,power,37.160821,7.20800251279932e-11
1ms,power,37.202721,9.35671657697282e-11
1ms,power,37.244651,1.7988144669995033e-10
1ms,power,37.28649,5.714622690338739e-11
1ms,power,37.333861,1.3978981417730647e-10
1ms,power,37.370369,1.1994367398561522e-10
1ms,power,37.418917,1.442829839691876e-10
1ms,power,38.010856,2.6460676150269184e-10
1ms,power,38.042188,1.3660508077343909e-10
1ms,power,38.083426,1.7742399611455112e-10
1ms,power,38.125513,1.8911343482535473e-10
1ms,power,38.167084,1.6808409594330472e-10
1ms,power,38.20967,1.6830378490642616e-10
1ms,power,38.251546,1.8797550235249444e-10
1ms,power,38.293836,1.851112744519894e-10
1ms,power,38.335576,1.7808301272174835e-10
1ms,power,38.37744,1.5798726745180607e-10
1ms,power,38.419663,1.489850350995877e-10
1ms,power,39.006844,9.33141267310755e-11
1ms,power,39.049019,1.3807307615053533e-10
1ms,power,39.090815,1.0309220581627996e-10
1ms,power,39.13262,1.1054744271971662e-10
1ms,power,39.174882,1.254056551228418e-10
1ms,power,39.231606,1.3306019511312446e-10
1ms,power,39.261752,1.4672161033655254e-10
1ms,power,39.30019,1.4950009603621545e-10
1ms,power,39.341879,1.2669331293103844e-10
1ms,power,39.384613,1.018177773367794e-10
1ms,power,39.425335,1.541302219737867e-10
1ms,power,40.012734,1.4984462674296586e-10
1ms,power,40.054704,9.981109722480141e-11
1ms,power,40.09855,1.0861920415131373e-10
1ms,power,40.138772,1.1956338126688277e-10
1ms,power,40.186172,1.6428330651209522e-10
1ms,power,40.226788,9.515448006788391e-11
1ms,power,40.26558,1.8070078560148623e-10
1ms,power,40.30645,1.6981705617607423e-10
1ms,power,40.353028,1.1690498412846083e-10
1ms,power,40.390619,6.685586264022004e-11
1ms,power,40.432591,1.391141082531079e-10
1ms,power,41.019381,1.8078656151372303e-10
1ms,power,41.066749,1.2520105842832391e-10
1ms,power,41.103344,1.199458927100492e-10
1ms,power,41.146337,1.074959136358033e-10
1ms,power,41.187283,1.24451264387646e-10
1ms,power,41.230557,1.2583304863599484e-10
1ms,power,41.272575,1.9024495551704732e-10
1ms,power,41.313596,1.1860904092506199e-10
1ms,power,41.35488,1.6877719968914183e-10
1ms,power,41.398079,1.6249957055616727e-10
1ms,power,41.438727,1.1953695408066996e-10
1ms,power,42.02618,1.2829308833191214e-10
1ms,power,42.068545,1.321403866519924e-10
1ms,power,42.11003,7.663871229266533e-11
1ms,power,42.152324,1.3428341175175967e-10
1ms,power,42.193625,1.6135977003935817e-10
1ms,power,42.235685,1.6103737684551898e-10
1ms,power,42.277883,1.843753960127654e-10
1ms,power,42.32,1.6178379197475765e-10
1ms,power,42.361864,1.250513064868071e-10
1ms,power,42.404197,1.1152414679846958e-10
1ms,power,42.445608,1.661887364478336e-10
1ms,power,42.487155,1.3295856501856366e-10
1ms,power,42.529438,1.203888723845877e-10
1ms,power,42.571491,1.203888723845877e-10
1ms,power,42.613274,1.203888723845877e-10
1ms,power,42.655491,1.203888723845877e-10
1_ms,distance,0.0,52.940887040563915
1_ms,distance,0.041909,52.94044819627724
1_ms,distance,0.08394,52.94000807374756
1_ms,distance,0.126236,52.93936820200079
1_ms,distance,0.168848,52.938622245612265
1_ms,distance,0.209662,52.93768833628709
1_ms,distance,0.251615,52.93614834341872
1_ms,distance,0.293493,52.93461109861535
1_ms,distance,0.33562,52.93360053452247
1_ms,distance,0.377572,52.932661858944286
1_ms,distance,0.419654,52.931756434660514
1_ms,distance,1.006426,52.914512585509954
1_ms,distance,1.048366,52.91193660948499
1_ms,distance,1.090371,52.90935663570292
1_ms,distance,1.133214,52.905802018358564
1_ms,distance,1.174192,52.902203591989306
1_ms,distance,1.216166,52.89813736710751
1_ms,distance,1.257599,52.89362007735656
1_ms,distance,1.300106,52.888897119477114
1_ms,distance,1.342699,52.8822364522728
1_ms,distance,1.384576,52.875687748166946
1_ms,distance,1.428166,52.86806605056055
1_ms,distance,2.012644,52.6979036640975
1_ms,distance,2.054333,52.683025613819055
1_ms,distance,2.096549,52.66795943519976
1_ms,distance,2.139009,52.652503877379715
1_ms,distance,2.18098,52.63721395751762
1_ms,distance,2.223067,52.62236849574767
1_ms,distance,2.265482,52.60774818532298
1_ms,distance,2.306818,52.59329240807936
1_ms,distance,2.348831,52.577794919332696
1_ms,distance,2.3907,52.56235063790372
1_ms,distance,2.432745,52.54780732939128
1_ms,distance,3.022415,52.338926797645705
1_ms,distance,3.061164,52.32495720209383
1_ms,distance,3.103091,52.309866299036955
1_ms,distance,3.145656,52.29473452474058
1_ms,distance,3.187473,52.27986871830269
1_ms,distance,3.240244,52.26205516621859
1_ms,distance,3.270882,52.2518536927926
1_ms,distance,3.312672,52.23779719289306
1_ms,distance,3.355154,52.223234944584654
1_ms,distance,3.397466,52.208730885772354
1_ms,distance,3.439405,52.19494314731064
1_ms,distance,4.029152,52.00217644500638
1_ms,distance,4.071215,51.98921541700445
1_ms,distance,4.110668,51.97662615138749
1_ms,distance,4.152184,51.96238968686589
1_ms,distance,4.206493,51.94410820195095
1_ms,distance,4.235621,51.935326133287155
1_ms,distance,4.27738,51.922735753193166
1_ms,distance,4.3199,51.90978519546718
1_ms,distance,4.362244,51.89676290917567
1_ms,distance,4.404095,51.88394030536833
1_ms,distance,4.446062,51.87137814166454
1_ms,distance,5.032437,51.70953247465518
1_ms,distance,5.075174,51.69850123640546
1_ms,distance,5.117921,51.68700516046428
1_ms,distance,5.159081,51.675414523629975
1_ms,distance,5.20101,51.66367241170466
1_ms,distance,5.242939,51.65284905396906
1_ms,distance,5.284925,51.642010987155935
1_ms,distance,5.328243,51.63056448806064
1_ms,distance,5.370931,51.61916878447666
1_ms,distance,5.410243,51.6088566554881
1_ms,distance,5.452191,51.5982952707554
1_ms,distance,5.997746,51.458759179842055
1_ms,distance,6.039603,51.44889592892904
1_ms,distance,6.08162,51.439002487704464
1_ms,distance,6.123726,51.428928518565726
1_ms,distance,6.165969,51.41871748560148
1_ms,distance,6.207387,51.40884082300768
1_ms,distance,6.258825,51.39716539772119
1_ms,distance,6.291068,51.38984687422159
1_ms,distance,6.332516,51.38011931698663
1_ms,distance,6.375114,51.370053260267944
1_ms,distance,6.41786,51.3601998913294
1_ms,distance,7.007559,51.22750693576005
1_ms,distance,7.046045,51.219552585412224
1_ms,distance,7.087735,51.21093600492028
1_ms,distance,7.130114,51.20194175719911
1_ms,distance,7.17202,51.192971212135284
1_ms,distance,7.213975,51.18407886267869
1_ms,distance,7.255935,51.175333127519785
1_ms,distance,7.297963,51.16657322966964
1_ms,distance,7.339855,51.15766575832059
1_ms,distance,7.381771,51.14875206713782
1_ms,distance,7.423988,51.14009325780125
1_ms,distance,8.010882,51.02267906017251
1_ms,distance,8.05274,51.01506333011829
1_ms,distance,8.098108,51.00680898315377
1_ms,distance,8.137202,50.999599817715726
1_ms,distance,8.178147,50.992048972564476
1_ms,distance,8.219993,50.984582348959094
1_ms,distance,8.262797,50.977181243647145
1_ms,distance,8.304632,50.96984021752647
1_ms,distance,8.346626,50.96187378566524
1_ms,distance,8.38849,50.9539319584478
1_ms,distance,8.432287,50.94622330104718
1_ms,distance,9.01756,50.84599747322246
1_ms,distance,9.059667,50.83923968870318
1_ms,distance,9.101517,50.83250491086459
1_ms,distance,9.147556,50.824860232057524
1_ms,distance,9.185135,50.81862029034716
1_ms,distance,9.226851,50.81196802526044
1_ms,distance,9.272666,50.80480014036445
1_ms,distance,9.311436,50.79857790637661
1_ms,distance,9.352637,50.79164338615362
1_ms,distance,9.395001,50.78451308027036
1_ms,distance,9.437619,50.777837717895984
1_ms,distance,10.024899,50.680485807812616
1_ms,distance,10.067732,50.673470428964585
1_ms,distance,10.108513,50.66681350005651
1_ms,distance,10.150284,50.66006293340402
1_ms,distance,10.192266,50.65327826714258
1_ms,distance,10.234166,50.64691895053926
1_ms,distance,10.276109,50.64062169207095
1_ms,distance,10.318109,50.63424708784076
1_ms,distance,10.360195,50.62778271667956
1_ms,distance,10.401926,50.62140027030766
1_ms,distance,10.443904,50.61526365821507
1_ms,distance,11.030283,50.529761453671995
1_ms,distance,11.07218,50.5240999620894
1_ms,distance,11.118054,50.51769655479933
1_ms,distance,11.156923,50.512043187733404
1_ms,distance,11.198067,50.506058895415926
1_ms,distance,11.240503,50.50063783303276
1_ms,distance,11.282463,50.495280512618756
1_ms,distance,11.335815,50.48834453674736
1_ms,distance,11.365926,50.484400608812
1_ms,distance,11.407656,50.478996288592434
1_ms,distance,11.450124,50.47371111460487
1_ms,distance,11.995857,50.408240715744654
1_ms,distance,12.037932,50.40333448413118
1_ms,distance,12.081158,50.39830962795104
1_ms,distance,12.121189,50.39348321654858
1_ms,distance,12.163289,50.388272020049676
1_ms,distance,12.217252,50.38177937341423
1_ms,distance,12.246701,50.37842366657409
1_ms,distance,12.288376,50.373674797225156
1_ms,distance,12.331323,50.36855224270534
1_ms,distance,12.37327,50.36348241305277
1_ms,distance,12.425268,50.3574107268223
1_ms,distance,13.002425,50.29281502664262
1_ms,distance,13.044376,50.28842616212499
1_ms,distance,13.086463,50.28402308003597
1_ms,distance,13.129365,50.27936080901544
1_ms,distance,13.172628,50.27459296554341
1_ms,distance,13.21169,50.270341922979306
1_ms,distance,13.253614,50.265889324180584
1_ms,distance,13.295586,50.26143163574253
1_ms,distance,13.33801,50.256995514583984
1_ms,distance,13.379832,50.252626911299934
1_ms,distance,13.421743,50.24843012481354
1_ms,distance,14.008254,50.193926027657135
1_ms,distance,14.050013,50.19051496471268
1_ms,distance,14.092475,50.18704646971214
1_ms,distance,14.13477,50.18347279299503
1_ms,distance,14.176712,50.17991037256179
1_ms,distance,14.218625,50.17643049056341
1_ms,distance,14.263016,50.172834415171614
1_ms,distance,14.305568,50.169409246252584
1_ms,distance,14.343643,50.16643870703686
1_ms,distance,14.385567,50.16316789409018
1_ms,distance,14.433209,50.159676178606894
1_ms,distance,15.01471,50.120834844013864
1_ms,distance,15.056724,50.11850289830016
1_ms,distance,15.098714,50.11617205436067
1_ms,distance,15.140604,50.113827614207345
1_ms,distance,15.182586,50.11147801011832
1_ms,distance,15.22441,50.109265165223086
1_ms,distance,15.266505,50.10711493834746
1_ms,distance,15.308354,50.1049587993337
1_ms,distance,15.350306,50.10273931286128
1_ms,distance,15.392316,50.10051674865655
1_ms,distance,15.434345,50.09849183072242
1_ms,distance,16.021582,50.07204614431179
1_ms,distance,16.063226,50.070439723505686
1_ms,distance,16.105208,50.06882262744234
1_ms,distance,16.147161,50.06721857845161
1_ms,distance,16.189133,50.06561379107855
1_ms,distance,16.231095,50.06413455794126
1_ms,distance,16.274276,50.062648027359636
1_ms,distance,16.314898,50.06123104365194
1_ms,distance,16.356829,50.05974086672197
1_ms,distance,16.398733,50.0582542665991
1_ms,distance,16.440764,50.05698087166857
1_ms,distance,17.028115,50.04206306918061
1_ms,distance,17.071292,50.04123313961262
1_ms,distance,17.111812,50.04046367043038
1_ms,distance,17.153727,50.03968697689491
1_ms,distance,17.200891,50.03881919659475
1_ms,distance,17.238701,50.03820652796724
1_ms,distance,17.279633,50.03754327333325
1_ms,distance,17.321519,50.03687551604741
1_ms,distance,17.363517,50.036214754328356
1_ms,distance,17.405485,50.03557047659975
1_ms,distance,17.447369,50.03500402779475
1_ms,distance,17.992646,50.03004153969921
1_ms,distance,18.034571,50.029892534240446
1_ms,distance,18.076516,50.0297543272662
1_ms,distance,18.118614,50.029648158680324
1_ms,distance,18.160451,50.02957711580842
1_ms,distance,18.20793,50.0295115213421
1_ms,distance,18.244447,50.02950611957372
1_ms,distance,18.286316,50.02949992607169
1_ms,distance,18.330908,50.029546789187506
1_ms,distance,18.370545,50.029605780082136
1_ms,distance,18.412692,50.029694551002336
1_ms,distance,18.999289,50.034143650414244
1_ms,distance,19.041209,50.034718549852734
1_ms,distance,19.083184,50.03529420459775
1_ms,distance,19.125132,50.035973142546624
1_ms,distance,19.16704,50.036709379290606
1_ms,distance,19.208937,50.03744602685073
1_ms,distance,19.252297,50.038210216717644
1_ms,distance,19.292745,50.03892308381749
1_ms,distance,19.334735,50.039768070288225
1_ms,distance,19.37669,50.040628122789364
1_ms,distance,19.41882,50.041516021482956
1_ms,distance,20.005836,50.05868873612127
1_ms,distance,20.047861,50.06021923477267
1_ms,distance,20.089757,50.061745027296574
1_ms,distance,20.131726,50.063436748185204
1_ms,distance,20.17768,50.06533435049875
1_ms,distance,20.217628,50.067020762074264
1_ms,distance,20.257544,50.06874481823499
1_ms,distance,20.299546,50.07056293965834
1_ms,distance,20.341492,50.07250171725432
1_ms,distance,20.383386,50.07443808150279
1_ms,distance,20.425335,50.076372830711
1_ms,distance,21.0126,50.10762835479925
1_ms,distance,21.05456,50.11003219891463
1_ms,distance,21.096659,50.11244400608036
1_ms,distance,21.142432,50.115338134516705
1_ms,distance,21.182181,50.11785981699747
1_ms,distance,21.22435,50.12061996716266
1_ms,distance,21.264361,50.1232884432911
1_ms,distance,21.30642,50.126110112372004
1_ms,distance,21.348518,50.129003251937725
1_ms,distance,21.39033,50.131876729453516
1_ms,distance,21.432221,50.13471599136096
1_ms,distance,22.019224,50.1786727468874
1_ms,distance,22.061203,50.181877864297206
1_ms,distance,22.103107,50.18510800168143
1_ms,distance,22.145027,50.18857311020154
1_ms,distance,22.187169,50.19205654678987
1_ms,distance,22.229401,50.195452936376185
1_ms,distance,22.270827,50.19875158634388
1_ms,distance,22.312759,50.20221434686915
1_ms,distance,22.354731,50.20591425085915
1_ms,distance,22.396654,50.20960984635454
1_ms,distance,22.438789,50.2130442326197
1_ms,distance,23.025905,50.26557102181771
1_ms,distance,23.069095,50.269569948827616
1_ms,distance,23.109741,50.27331210648349
1_ms,distance,23.151678,50.27711773221832
1_ms,distance,23.193622,50.28092398538367
1_ms,distance,23.235579,50.28464876484144
1_ms,distance,23.277578,50.28836707202706
1_ms,distance,23.319423,50.292190165522406
1_ms,distance,23.361303,50.29613198976902
1_ms,distance,23.403334,50.300097377595144
1_ms,distance,23.44534,50.304127985458024
1_ms,distance,23.990566,50.362515814413385
1_ms,distance,24.032439,50.36746432626874
1_ms,distance,24.074472,50.37247277164798
1_ms,distance,24.116359,50.37752718533333
1_ms,distance,24.158256,50.38266599750409
1_ms,distance,24.200253,50.387809687429744
1_ms,distance,24.245292,50.3931692884256
1_ms,distance,24.284165,50.39779511763541
1_ms,distance,24.326084,50.403007946481196
1_ms,distance,24.369556,50.40853154461104
1_ms,distance,24.409923,50.41367847533195
1_ms,distance,24.997207,50.49105727744103
1_ms,distance,25.039047,50.49657472536688
1_ms,distance,25.081067,50.502110396346076
1_ms,distance,25.122887,50.50775454093664
1_ms,distance,25.164834,50.513509983553995
1_ms,distance,25.206826,50.51922090849842
1_ms,distance,25.248716,50.52472134588804
1_ms,distance,25.290738,50.530239095411275
1_ms,distance,25.332693,50.536013261751116
1_ms,distance,25.374688,50.54185069879706
1_ms,distance,25.41659,50.54760039935443
1_ms,distance,26.003766,50.634209887175246
1_ms,distance,26.045779,50.64065432502111
1_ms,distance,26.087708,50.64708588971701
1_ms,distance,26.130967,50.65458467484705
1_ms,distance,26.171539,50.6618780126504
1_ms,distance,26.213486,50.66912012189853
1_ms,distance,26.255381,50.67583147334945
1_ms,distance,26.302707,50.6834417788041
1_ms,distance,26.339378,50.6895533170627
1_ms,distance,26.381278,50.69653631444975
1_ms,distance,26.423218,50.70334740988665
1_ms,distance,27.010451,50.8032907813572
1_ms,distance,27.052406,50.81058504222972
1_ms,distance,27.094304,50.817869396251446
1_ms,distance,27.136243,50.82584118666041
1_ms,distance,27.178251,50.83389655177528
1_ms,distance,27.220332,50.84198444830736
1_ms,distance,27.26211,50.85003066383229
1_ms,distance,27.304067,50.85809369386394
1_ms,distance,27.346029,50.86604788838853
1_ms,distance,27.387797,50.873965340166485
1_ms,distance,27.430866,50.88181128664392
1_ms,distance,28.018534,50.98951436502927
1_ms,distance,28.060488,50.99702520323355
1_ms,distance,28.106974,51.005450355192146
1_ms,distance,28.147014,51.01309006506036
1_ms,distance,28.190592,51.021404811576986
1_ms,distance,28.226939,51.028389093775765
1_ms,distance,28.274729,51.03758935595227
1_ms,distance,28.316609,51.045791501720025
1_ms,distance,28.352774,51.053028556279266
1_ms,distance,28.394774,51.06143327631599
1_ms,distance,28.436572,51.06955783345629
1_ms,distance,29.02377,51.19243476005285
1_ms,distance,29.065476,51.20106436102591
1_ms,distance,29.111493,51.210661202239145
1_ms,distance,29.151648,51.21919779872144
1_ms,distance,29.191494,51.22766870646331
1_ms,distance,29.243399,51.238380005958284
1_ms,distance,29.275327,51.2449390432265
1_ms,distance,29.31796,51.25404542121065
1_ms,distance,29.359262,51.26325916995871
1_ms,distance,29.402322,51.27283487735802
1_ms,distance,29.443133,51.281637122942094
1_ms,distance,30.030591,51.41797082604777
1_ms,distance,30.072412,51.427909177783974
1_ms,distance,30.114235,51.437980895917306
1_ms,distance,30.156294,51.448325029170284
1_ms,distance,30.198107,51.45860864846971
1_ms,distance,30.239814,51.46850377145538
1_ms,distance,30.282041,51.47852113387119
1_ms,distance,30.323887,51.48932011731862
1_ms,distance,30.373091,51.502665189220124
1_ms,distance,30.408549,51.51197664547493
1_ms,distance,30.994982,51.65877056965436
1_ms,distance,31.037434,51.66921628763009
1_ms,distance,31.07925,51.67947736300782
1_ms,distance,31.131064,51.692480896157406
1_ms,distance,31.163334,51.70068364469491
1_ms,distance,31.204928,51.711169526694896
1_ms,distance,31.247329,51.72139652533096
1_ms,distance,31.289643,51.73160259174908
1_ms,distance,31.331592,51.742067491907164
1_ms,distance,31.373599,51.75263631731787
1_ms,distance,31.415491,51.76297916615253
1_ms,distance,32.002155,51.915466519420164
1_ms,distance,32.043936,51.926352938021765
1_ms,distance,32.086119,51.93734415677504
1_ms,distance,32.140401,51.95285628962755
1_ms,distance,32.169713,51.96144507152475
1_ms,distance,32.22101,51.975897791944355
1_ms,distance,32.253559,51.98460910265662
1_ms,distance,32.295158,51.99574248713055
1_ms,distance,32.337917,52.00779845482802
1_ms,distance,32.3792,52.01948407653776
1_ms,distance,32.421157,52.03140286508371
1_ms,distance,33.016056,52.202070570623924
1_ms,distance,33.050497,52.21157471240408
1_ms,distance,33.092453,52.223152638235504
1_ms,distance,33.134749,52.234848442865726
1_ms,distance,33.177177,52.24658451678822
1_ms,distance,33.224118,52.25859210564145
1_ms,distance,33.259901,52.26713972252339
1_ms,distance,33.308382,52.27855516395003
1_ms,distance,33.34396,52.28647395170057
1_ms,distance,33.386013,52.29583390840892
1_ms,distance,33.433881,52.30497025550804
1_ms,distance,34.016489,52.36350053521264
1_ms,distance,34.05746,52.36601725817741
1_ms,distance,34.099054,52.36858008876442
1_ms,distance,34.141757,52.37161196173087
1_ms,distance,34.190693,52.37508638804103
1_ms,distance,34.225461,52.3777590613301
1_ms,distance,34.266779,52.38100248670705
1_ms,distance,34.308793,52.38417015447035
1_ms,distance,34.350959,52.386959463505356
1_ms,distance,34.393078,52.389745665545
1_ms,distance,34.434973,52.39207419888465
1_ms,distance,35.022317,52.410458415598335
1_ms,distance,35.064209,52.41057245870082
1_ms,distance,35.106218,52.41063638534957
1_ms,distance,35.148182,52.41048549943976
1_ms,distance,35.190091,52.41033481155645
1_ms,distance,35.232156,52.410062926699425
1_ms,distance,35.27399,52.409763729550704
1_ms,distance,35.315949,52.4094255815685
1_ms,distance,35.357294,52.40904105687209
1_ms,distance,35.398869,52.408654179612135
1_ms,distance,35.440906,52.40824910858533
1_ms,distance,36.03219,52.40412686098868
1_ms,distance,36.070106,52.403930392600024
1_ms,distance,36.117486,52.40362408832317
1_ms,distance,36.154078,52.40331891867805
1_ms,distance,36.196069,52.40296872260169
1_ms,distance,36.238774,52.4026023651322
1_ms,distance,36.279794,52.40224994032645
1_ms,distance,36.321768,52.402067158840254
1_ms,distance,36.364026,52.402023446187755
1_ms,distance,36.405705,52.40193850550589
1_ms,distance,36.993484,52.41051717787231
1_ms,distance,37.034754,52.41189758528164
1_ms,distance,37.076775,52.413300997978546
1_ms,distance,37.119994,52.41440940178372
1_ms,distance,37.160821,52.41514432829067
1_ms,distance,37.202721,52.415858829309926
1_ms,distance,37.244651,52.41624218732511
1_ms,distance,37.28649,52.416624712649906
1_ms,distance,37.333861,52.41716826823947
1_ms,distance,37.370369,52.417615239684345
1_ms,distance,37.418917,52.41804629953796
1_ms,distance,38.010856,52.42324083945689
1_ms,distance,38.042188,52.42422871419615
1_ms,distance,38.083426,52.4255289117855
1_ms,distance,38.125513,52.42610436032499
1_ms,distance,38.167084,52.42626975400314
1_ms,distance,38.20967,52.42642622381599
1_ms,distance,38.251546,52.42654536048202
1_ms,distance,38.293836,52.42666567467067
1_ms,distance,38.335576,52.426818175924424
1_ms,distance,38.37744,52.426975118203444
1_ms,distance,38.419663,52.42725000373183
1_ms,distance,39.006844,52.52342740839772
1_ms,distance,39.049019,52.52360897294349
1_ms,distance,39.090815,52.5237889055176
1_ms,distance,39.13262,52.523836913045116
1_ms,distance,39.174882,52.5238566570709
1_ms,distance,39.231606,52.52371924626788
1_ms,distance,39.261752,52.52358525864445
1_ms,distance,39.30019,52.52341474854897
1_ms,distance,39.341879,52.523236514930126
1_ms,distance,39.384613,52.5230538146916
1_ms,distance,39.425335,52.52296079970156
1_ms,distance,40.012734,52.52459633998524
1_ms,distance,40.054704,52.52518474736743
1_ms,distance,40.09855,52.525804341531796
1_ms,distance,40.138772,52.52699242035008
1_ms,distance,40.186172,52.52839252556377
1_ms,distance,40.226788,52.52921026620522
1_ms,distance,40.26558,52.52983715428339
1_ms,distance,40.30645,52.53052218524968
1_ms,distance,40.353028,52.53141417409557
1_ms,distance,40.390619,52.532134058706475
1_ms,distance,40.432591,52.53276831577995
1_ms,distance,41.019381,52.44631279240842
1_ms,distance,41.066749,52.44704476944905
1_ms,distance,41.103344,52.44762961153505
1_ms,distance,41.146337,52.448456759417105
1_ms,distance,41.187283,52.449244523673315
1_ms,distance,41.230557,52.4502304651748
1_ms,distance,41.272575,52.451238262636394
1_ms,distance,41.313596,52.45186435761907
1_ms,distance,41.35488,52.45189296503422
1_ms,distance,41.398079,52.45192289941525
1_ms,distance,41.438727,52.45161973499573
1_ms,distance,42.02618,52.44841059084813
1_ms,distance,42.068545,52.44829881302985
1_ms,distance,42.11003,52.44818281143174
1_ms,distance,42.152324,52.448047750154196
1_ms,distance,42.193625,52.44791586071607
1_ms,distance,42.235685,52.44795589041224
1_ms,distance,42.277883,52.44801758313596
1_ms,distance,42.32,52.447793940615895
1_ms,distance,42.361864,52.44730654366731
1_ms,distance,42.404197,52.44681707747173
1_ms,distance,42.445608,52.446358503324646
1_ms,distance,42.487155,52.44589842427942
1_ms,distance,42.529438,52.44540815630977
1_ms,distance,42.571491,52.4449127692224
1_ms,distance,42.613274,52.444597721537804
1_ms,distance,42.655491,52.444597721537804
1_ms,power,0.0,2.562103980926691e-10
1_ms,power,0.041909,2.657614825132461e-10
1_ms,power,0.08394,3.24359985536526e-10
1_ms,power,0.126236,2.7496911159161347e-10
1_ms,power,0.168848,2.8742300540283807e-10
1_ms,power,0.209662,2.634690465089908e-10
1_ms,power,0.251615,2.566623377869482e-10
1_ms,power,0.293493,2.9894806839209796e-10
1_ms,power,0.33562,2.49859978055866e-10
1_ms,power,0.377572,2.69609272233058e-10
1_ms,power,0.419654,2.0874389864839802e-10
1_ms,power,1.006426,3.5305792497824523e-10
1_ms,power,1.048366,3.4515283265130694e-10
1_ms,power,1.090371,2.651067585817118e-10
1_ms,power,1.133214,3.1269810855950516e-10
1_ms,power,1.174192,2.712161233421123e-10
1_ms,power,1.216166,2.5687297440576056e-10
1_ms,power,1.257599,3.333576941916717e-10
1_ms,power,1.300106,2.6660890438144685e-10
1_ms,power,1.342699,2.5659022559824495e-10
1_ms,power,1.384576,2.866206512480386e-10
1_ms,power,1.428166,3.282074453593429e-10
1_ms,power,2.012644,2.872793365821697e-10
1_ms,power,2.054333,2.769909037082907e-10
1_ms,power,2.096549,2.7094579912814676e-10
1_ms,power,2.139009,2.6257337148990627e-10
1_ms,power,2.18098,3.1296932588640457e-10
1_ms,power,2.223067,2.6034864301292067e-10
1_ms,power,2.265482,3.0925055943980946e-10
1_ms,power,2.306818,2.961130478741314e-10
1_ms,power,2.348831,3.0218973085883087e-10
1_ms,power,2.3907,2.8903817166184993e-10
1_ms,power,2.432745,3.1934301290425587e-10
1_ms,power,3.022415,4.410931559482469e-10
1_ms,power,3.061164,4.5359277197478966e-10
1_ms,power,3.103091,4.909584144889043e-10
1_ms,power,3.145656,4.1831648762307003e-10
1_ms,power,3.187473,4.722609078913594e-10
1_ms,power,3.240244,5.460349226670846e-10
1_ms,power,3.270882,4.373810300496358e-10
1_ms,power,3.312672,4.6277831422787086e-10
1_ms,power,3.355154,4.5691319935880874e-10
1_ms,power,3.397466,5.02223623187729e-10
1_ms,power,3.439405,4.2043237134693446e-10
1_ms,power,4.029152,5.933247971706253e-10
1_ms,power,4.071215,6.313956769851807e-10
1_ms,power,4.110668,5.854386487727967e-10
1_ms,power,4.152184,6.514253954376442e-10
1_ms,power,4.206493,6.232972384277139e-10
1_ms,power,4.235621,5.656247135204596e-10
1_ms,power,4.27738,5.979438777122726e-10
1_ms,power,4.3199,5.981622510669478e-10
1_ms,power,4.362244,6.257100617085706e-10
1_ms,power,4.404095,6.096226226236814e-10
1_ms,power,4.446062,6.704091150482925e-10
1_ms,power,5.032437,7.207177737880235e-10
1_ms,power,5.075174,6.926216645037045e-10
1_ms,power,5.117921,6.84188765314191e-10
1_ms,power,5.159081,6.994331090962696e-10
1_ms,power,5.20101,7.50191494844741e-10
1_ms,power,5.242939,6.619323039254498e-10
1_ms,power,5.284925,7.223236481520572e-10
1_ms,power,5.328243,7.217210544323123e-10
1_ms,power,5.370931,6.966988124548851e-10
1_ms,power,5.410243,7.679537377078286e-10
1_ms,power,5.452191,6.862294456850127e-10
1_ms,power,5.997746,8.060310709112475e-10
1_ms,power,6.039603,7.475968273365854e-10
1_ms,power,6.08162,7.807193295032938e-10
1_ms,power,6.123726,7.900849451460568e-10
1_ms,power,6.165969,7.80390188697557e-10
1_ms,power,6.207387,7.51936297213641e-10
1_ms,power,6.258825,8.008152161364623e-10
1_ms,power,6.291068,7.680973683255161e-10
1_ms,power,6.332516,8.194139326511301e-10
1_ms,power,6.375114,8.149600845970008e-10
1_ms,power,6.41786,7.987095977895384e-10
1_ms,power,7.007559,8.935599779554003e-10
1_ms,power,7.046045,8.94843208829543e-10
1_ms,power,7.087735,9.125831735263686e-10
1_ms,power,7.130114,9.389514447769876e-10
1_ms,power,7.17202,9.808088930737507e-10
1_ms,power,7.213975,9.597987709462703e-10
1_ms,power,7.255935,9.96921349856759e-10
1_ms,power,7.297963,9.751388303292958e-10
1_ms,power,7.339855,8.865877055672692e-10
1_ms,power,7.381771,8.598150359414517e-10
1_ms,power,7.423988,9.387519780176979e-10
1_ms,power,8.010882,8.940230139049405e-10
1_ms,power,8.05274,8.549947546948891e-10
1_ms,power,8.098108,8.266788846871416e-10
1_ms,power,8.137202,8.631431590764191e-10
1_ms,power,8.178147,8.932964938828748e-10
1_ms,power,8.219993,8.64009799296987e-10
1_ms,power,8.262797,9.146031720502071e-10
1_ms,power,8.304632,8.841228169100247e-10
1_ms,power,8.346626,8.880750095673672e-10
1_ms,power,8.38849,9.755886699779515e-10
1_ms,power,8.432287,8.573350731348592e-10
1_ms,power,9.01756,9.555760280616683e-10
1_ms,power,9.059667,9.732560871386623e-10
1_ms,power,9.101517,1.0443063375223448e-09
1_ms,power,9.147556,9.24939453531755e-10
1_ms,power,9.185135,9.254866843705972e-10
1_ms,power,9.226851,9.37106519408048e-10
1_ms,power,9.272666,9.257429598598908e-10
1_ms,power,9.311436,9.311641542205108e-10
1_ms,power,9.352637,1.0006018025672299e-09
1_ms,power,9.395001,9.66514371224355e-10
1_ms,power,9.437619,9.871153608964398e-10
1_ms,power,10.024899,1.1184929260486533e-09
1_ms,power,10.067732,1.1265687165185075e-09
1_ms,power,10.108513,1.214089047353052e-09
1_ms,power,10.150284,1.220886482368104e-09
1_ms,power,10.192266,1.2046666576937468e-09
1_ms,power,10.234166,1.1388382955573728e-09
1_ms,power,10.276109,1.255746761336509e-09
1_ms,power,10.318109,1.1927804123804122e-09
1_ms,power,10.360195,1.2303093553470682e-09
1_ms,power,10.401926,1.234813920178933e-09
1_ms,power,10.443904,1.196520530191599e-09
1_ms,power,11.030283,1.3605512477781033e-09
1_ms,power,11.07218,1.423538377413765e-09
1_ms,power,11.118054,1.4172555849797759e-09
1_ms,power,11.156923,1.4736661010661055e-09
1_ms,power,11.198067,1.4347891833701628e-09
1_ms,power,11.240503,1.4761787900625255e-09
1_ms,power,11.282463,1.5239615152849937e-09
1_ms,power,11.335815,1.5295922282791912e-09
1_ms,power,11.365926,1.5067953709893846e-09
1_ms,power,11.407656,1.5373171909395098e-09
1_ms,power,11.450124,1.4775774181311739e-09
1_ms,power,11.995857,1.6243120695037138e-09
1_ms,power,12.037932,1.5807996468767214e-09
1_ms,power,12.081158,1.634839087399016e-09
1_ms,power,12.121189,1.6026893518907663e-09
1_ms,power,12.163289,1.595428443880417e-09
1_ms,power,12.217252,1.6444748070443424e-09
1_ms,power,12.246701,1.7044863672812934e-09
1_ms,power,12.288376,1.7028310594836223e-09
1_ms,power,12.331323,1.7489836289107327e-09
1_ms,power,12.37327,1.7679147156284142e-09
1_ms,power,12.425268,1.824000372706074e-09
1_ms,power,13.002425,2.0504884952803055e-09
1_ms,power,13.044376,2.0137555167226304e-09
1_ms,power,13.086463,2.0472228485660443e-09
1_ms,power,13.129365,2.0240947802437887e-09
1_ms,power,13.172628,2.095499541847864e-09
1_ms,power,13.21169,2.1150110376594025e-09
1_ms,power,13.253614,2.160922336131978e-09
1_ms,power,13.295586,2.193014396115723e-09
1_ms,power,13.33801,2.188416519779872e-09
1_ms,power,13.379832,2.206348737848952e-09
1_ms,power,13.421743,2.215945549648774e-09
1_ms,power,14.008254,2.544579789891069e-09
1_ms,power,14.050013,2.5815619839508306e-09
1_ms,power,14.092475,2.6045728048976743e-09
1_ms,power,14.13477,2.6106071656527026e-09
1_ms,power,14.176712,2.6394503774374975e-09
1_ms,power,14.218625,2.7213829552057115e-09
1_ms,power,14.263016,2.6626762153693344e-09
1_ms,power,14.305568,2.7204974793953936e-09
1_ms,power,14.343643,2.7122753658912627e-09
1_ms,power,14.385567,2.7517141774721627e-09
1_ms,power,14.433209,2.7384512147780996e-09
1_ms,power,15.01471,3.0041750014413522e-09
1_ms,power,15.056724,3.01718068952919e-09
1_ms,power,15.098714,3.0250775629759125e-09
1_ms,power,15.140604,3.057353223662199e-09
1_ms,power,15.182586,3.0271895479424424e-09
1_ms,power,15.22441,3.0840912685102493e-09
1_ms,power,15.266505,3.2301970775672338e-09
1_ms,power,15.308354,3.1684494503799637e-09
1_ms,power,15.350306,3.1606923146582163e-09
1_ms,power,15.392316,3.268104646831093e-09
1_ms,power,15.434345,3.2653082563291746e-09
1_ms,power,16.021582,3.341722598155183e-09
1_ms,power,16.063226,3.3580751145923897e-09
1_ms,power,16.105208,3.302491967941015e-09
1_ms,power,16.147161,3.397615933204181e-09
1_ms,power,16.189133,3.38082717332827e-09
1_ms,power,16.231095,3.3842528194001633e-09
1_ms,power,16.274276,3.4417994343240837e-09
1_ms,power,16.314898,3.39262342169257e-09
1_ms,power,16.356829,3.3976288068941356e-09
1_ms,power,16.398733,3.4317406308440453e-09
1_ms,power,16.440764,3.406465480264295e-09
1_ms,power,17.028115,3.5489625651130204e-09
1_ms,power,17.071292,3.5727201972489186e-09
1_ms,power,17.111812,3.6052717805689977e-09
1_ms,power,17.153727,3.63323536845119e-09
1_ms,power,17.200891,3.521963596847717e-09
1_ms,power,17.238701,3.5388600393056486e-09
1_ms,power,17.279633,3.5582525497667915e-09
1_ms,power,17.321519,3.570890311559088e-09
1_ms,power,17.363517,3.578694855156237e-09
1_ms,power,17.405485,3.679344655892488e-09
1_ms,power,17.447369,3.638663335808491e-09
1_ms,power,17.992646,3.648719198951986e-09
1_ms,power,18.034571,3.5712995508889256e-09
1_ms,power,18.076516,3.613372362581668e-09
1_ms,power,18.118614,3.5415559703330717e-09
1_ms,power,18.160451,3.6392590726310633e-09
1_ms,power,18.20793,3.53661639477633e-09
1_ms,power,18.244447,3.6618036053619806e-09
1_ms,power,18.286316,3.5944256837084597e-09
1_ms,power,18.330908,3.683536345690419e-09
1_ms,power,18.370545,3.6817150878474463e-09
1_ms,power,18.412692,3.691923622086897e-09
1_ms,power,18.999289,3.77876143402638e-09
1_ms,power,19.041209,3.776155310702951e-09
1_ms,power,19.083184,3.758715190685123e-09
1_ms,power,19.125132,3.7091581860551906e-09
1_ms,power,19.16704,3.7721881642013596e-09
1_ms,power,19.208937,3.6716081364930118e-09
1_ms,power,19.252297,3.79247465600037e-09
1_ms,power,19.292745,3.65035044201813e-09
1_ms,power,19.334735,3.7164458925696837e-09
1_ms,power,19.37669,3.6729713628086614e-09
1_ms,power,19.41882,3.704941140643696e-09
1_ms,power,20.005836,3.5365221787731484e-09
1_ms,power,20.047861,3.5312917440766037e-09
1_ms,power,20.089757,3.4126777415668977e-09
1_ms,power,20.131726,3.4154828431818314e-09
1_ms,power,20.17768,3.441657756969974e-09
1_ms,power,20.217628,3.3831080451780504e-09
1_ms,power,20.257544,3.470584788756903e-09
1_ms,power,20.299546,3.4213976250609345e-09
1_ms,power,20.341492,3.3488305893562097e-09
1_ms,power,20.383386,3.4039196013928975e-09
1_ms,power,20.425335,3.4272538260382665e-09
1_ms,power,21.0126,3.2792227101099845e-09
1_ms,power,21.05456,3.182869093153417e-09
1_ms,power,21.096659,3.1483373080993024e-09
1_ms,power,21.142432,3.0934008086283354e-09
1_ms,power,21.182181,3.1231991211593262e-09
1_ms,power,21.22435,3.070397674428927e-09
1_ms,power,21.264361,3.014681043715226e-09
1_ms,power,21.30642,3.0443160884166554e-09
1_ms,power,21.348518,2.964653467127602e-09
1_ms,power,21.39033,3.0385744160413076e-09
1_ms,power,21.432221,2.980497508271854e-09
1_ms,power,22.019224,2.8785472737335155e-09
1_ms,power,22.061203,2.854369572856701e-09
1_ms,power,22.103107,2.8236826696184146e-09
1_ms,power,22.145027,2.737340563773557e-09
1_ms,power,22.187169,2.8095328495053816e-09
1_ms,power,22.229401,2.8006476521980434e-09
1_ms,power,22.270827,2.758705988252605e-09
1_ms,power,22.312759,2.7556982575573497e-09
1_ms,power,22.354731,2.663485518369222e-09
1_ms,power,22.396654,2.6910684287830355e-09
1_ms,power,22.438789,2.599024689407686e-09
1_ms,power,23.025905,2.413940357334145e-09
1_ms,power,23.069095,2.442443335236715e-09
1_ms,power,23.109741,2.2934396319655694e-09
1_ms,power,23.151678,2.4196360991233032e-09
1_ms,power,23.193622,2.337094102351945e-09
1_ms,power,23.235579,2.309413453865755e-09
1_ms,power,23.277578,2.257816215703373e-09
1_ms,power,23.319423,2.2673686930355576e-09
1_ms,power,23.361303,2.26996696454982e-09
1_ms,power,23.403334,2.3142694743661372e-09
1_ms,power,23.44534,2.2642026470300346e-09
1_ms,power,23.990566,2.1074217663869383e-09
1_ms,power,24.032439,2.026594552850622e-09
1_ms,power,24.074472,2.0703100351684685e-09
1_ms,power,24.116359,2.0560527426576916e-09
1_ms,power,24.158256,2.0766091220958533e-09
1_ms,power,24.200253,2.0340683363116883e-09
1_ms,power,24.245292,1.995697449759693e-09
1_ms,power,24.284165,1.9996427685089814e-09
1_ms,power,24.326084,1.963949765461904e-09
1_ms,power,24.369556,1.9747629550725755e-09
1_ms,power,24.409923,2.0553424851910157e-09
1_ms,power,24.997207,1.963242129724881e-09
1_ms,power,25.039047,1.906300745410275e-09
1_ms,power,25.081067,1.9107240459130762e-09
1_ms,power,25.122887,1.8322809227168129e-09
1_ms,power,25.164834,1.863114354174278e-09
1_ms,power,25.206826,1.873818214963096e-09
1_ms,power,25.248716,1.8126420699599183e-09
1_ms,power,25.290738,1.7699602633175103e-09
1_ms,power,25.332693,1.7727024319699132e-09
1_ms,power,25.374688,1.7077016302273885e-09
1_ms,power,25.41659,1.7025891915649375e-09
1_ms,power,26.003766,1.4664381990947073e-09
1_ms,power,26.045779,1.4289541273834173e-09
1_ms,power,26.087708,1.4186511455346735e-09
1_ms,power,26.130967,1.3671414810890882e-09
1_ms,power,26.171539,1.4144387107049502e-09
1_ms,power,26.213486,1.3792985370529014e-09
1_ms,power,26.255381,1.4197729745267305e-09
1_ms,power,26.302707,1.3480978449726019e-09
1_ms,power,26.339378,1.3920944874525834e-09
1_ms,power,26.381278,1.3251172425067501e-09
1_ms,power,26.423218,1.3739058423557822e-09
1_ms,power,27.010451,1.278484368364079e-09
1_ms,power,27.052406,1.2681335647644838e-09
1_ms,power,27.094304,1.2296485099892905e-09
1_ms,power,27.136243,1.245937834325463e-09
1_ms,power,27.178251,1.2022915595487537e-09
1_ms,power,27.220332,1.2110015284660416e-09
1_ms,power,27.26211,1.2484813949178642e-09
1_ms,power,27.304067,1.1917284184582315e-09
1_ms,power,27.346029,1.2159209485663376e-09
1_ms,power,27.387797,1.2290848814871904e-09
1_ms,power,27.430866,1.2342680420508805e-09
1_ms,power,28.018534,1.1509727527460984e-09
1_ms,power,28.060488,1.2442331272483968e-09
1_ms,power,28.106974,1.2300287677357956e-09
1_ms,power,28.147014,1.2003623346805114e-09
1_ms,power,28.190592,1.1540817301023417e-09
1_ms,power,28.226939,1.1378708123989549e-09
1_ms,power,28.274729,1.1449196899792924e-09
1_ms,power,28.316609,1.1867681572367954e-09
1_ms,power,28.352774,1.1111420130233673e-09
1_ms,power,28.394774,1.1457913336516235e-09
1_ms,power,28.436572,1.1742150902718442e-09
1_ms,power,29.02377,1.0876851561766886e-09
1_ms,power,29.065476,1.0691271561697184e-09
1_ms,power,29.111493,1.0557370324380089e-09
1_ms,power,29.151648,9.602731924477484e-10
1_ms,power,29.191494,1.0124448664502312e-09
1_ms,power,29.243399,9.523269647772624e-10
1_ms,power,29.275327,9.362142717555134e-10
1_ms,power,29.31796,9.751266193126466e-10
1_ms,power,29.359262,9.519801802042284e-10
1_ms,power,29.402322,8.953521100614118e-10
1_ms,power,29.443133,9.146118788029022e-10
1_ms,power,30.030591,7.470289530903733e-10
1_ms,power,30.072412,7.37847269738525e-10
1_ms,power,30.114235,7.687044409693901e-10
1_ms,power,30.156294,8.10520034952033e-10
1_ms,power,30.198107,7.801792732903678e-10
1_ms,power,30.239814,7.096437372107799e-10
1_ms,power,30.282041,7.478493248505187e-10
1_ms,power,30.323887,7.019755679346038e-10
1_ms,power,30.373091,6.163606704398476e-10
1_ms,power,30.408549,7.559799550274414e-10
1_ms,power,30.994982,6.863041292265217e-10
1_ms,power,31.037434,6.716075803709886e-10
1_ms,power,31.07925,6.561482280258202e-10
1_ms,power,31.131064,5.496826587592434e-10
1_ms,power,31.163334,6.303765335601341e-10
1_ms,power,31.204928,6.028342683395335e-10
1_ms,power,31.247329,5.93872752237768e-10
1_ms,power,31.289643,6.029704928650147e-10
1_ms,power,31.331592,5.923602470585417e-10
1_ms,power,31.373599,6.260233865309353e-10
1_ms,power,31.415491,5.7290356890917e-10
1_ms,power,32.002155,5.406358449386953e-10
1_ms,power,32.043936,5.046708311616169e-10
1_ms,power,32.086119,5.945843492053036e-10
1_ms,power,32.140401,4.469623876406173e-10
1_ms,power,32.169713,5.483272150356277e-10
1_ms,power,32.22101,5.095927793721934e-10
1_ms,power,32.253559,3.781152361850341e-10
1_ms,power,32.295158,4.074037053599486e-10
1_ms,power,32.337917,3.9651009092940783e-10
1_ms,power,32.3792,4.1276381081819205e-10
1_ms,power,32.421157,4.31158409660069e-10
1_ms,power,33.016056,2.7702366647531253e-10
1_ms,power,33.050497,3.3839539744314727e-10
1_ms,power,33.092453,2.6432325008076134e-10
1_ms,power,33.134749,2.771076495564115e-10
1_ms,power,33.177177,1.770577493976579e-10
1_ms,power,33.224118,2.784236717568551e-10
1_ms,power,33.259901,2.100794646370645e-10
1_ms,power,33.308382,2.5185683378782126e-10
1_ms,power,33.34396,2.5156039103656747e-10
1_ms,power,33.386013,1.9525453379130292e-10
1_ms,power,33.433881,2.5369611172008616e-10
1_ms,power,34.016489,1.784292582774189e-10
1_ms,power,34.05746,1.3644834124008917e-10
1_ms,power,34.099054,2.2698257848559134e-10
1_ms,power,34.141757,1.678811510192228e-10
1_ms,power,34.190693,1.5599314399594948e-10
1_ms,power,34.225461,1.9697927528808188e-10
1_ms,power,34.266779,1.273113035355913e-10
1_ms,power,34.308793,1.091719528122682e-10
1_ms,power,34.350959,1.5073073655952752e-10
1_ms,power,34.393078,2.3594195457175597e-10
1_ms,power,34.434973,1.297315883701912e-10
1_ms,power,35.022317,1.9074329821829587e-10
1_ms,power,35.064209,1.8153774000591583e-10
1_ms,power,35.106218,1.737922520382366e-10
1_ms,power,35.148182,1.342285195961023e-10
1_ms,power,35.190091,1.4081573255428577e-10
1_ms,power,35.232156,2.0900113612037997e-10
1_ms,power,35.27399,1.2286572461185953e-10
1_ms,power,35.315949,1.3216274479382168e-10
1_ms,power,35.357294,1.1834093084452836e-10
1_ms,power,35.398869,7.546945888140678e-11
1_ms,power,35.440906,5.0182033212399055e-11
1_ms,power,36.03219,1.2596312914494987e-10
1_ms,power,36.070106,1.2031975900006943e-10
1_ms,power,36.117486,1.506549794502334e-10
1_ms,power,36.154078,1.3545609714352466e-10
1_ms,power,36.196069,8.606676464963029e-11
1_ms,power,36.238774,1.1035672860695192e-10
1_ms,power,36.279794,5.933002281020956e-11
1_ms,power,36.321768,1.1220800501926006e-10
1_ms,power,36.364026,1.0032845060254276e-10
1_ms,power,36.405705,9.345814723857962e-11
1_ms,power,36.993484,7.09429878831046e-11
1_ms,power,37.034754,1.3948047915845564e-10
1_ms,power,37.076775,1.3927779365163952e-10
1_ms,power,37.119994,7.839749612333848e-11
1_ms,power,37.160821,7.20800251279932e-11
1_ms,power,37.202721,9.35671657697282e-11
1_ms,power,37.244651,1.7988144669995033e-10
1_ms,power,37.28649,5.714622690338739e-11
1_ms,power,37.333861,1.3978981417730647e-10
1_ms,power,37.370369,1.1994367398561522e-10
1_ms,power,37.418917,1.442829839691876e-10
1_ms,power,38.010856,2.6460676150269184e-10
1_ms,power,38.042188,1.3660508077343909e-10
1_ms,power,38.083426,1.7742399611455112e-10
1_ms,power,38.125513,1.8911343482535473e-10
1_ms,power,38.167084,1.6808409594330472e-10
1_ms,power,38.20967,1.6830378490642616e-10
1_ms,power,38.251546,1.8797550235249444e-10
1_ms,power,38.293836,1.851112744519894e-10
1_ms,power,38.335576,1.7808301272174835e-10
1_ms,power,38.37744,1.5798726745180607e-10
1_ms,power,38.419663,1.489850350995877e-10
1_ms,power,39.006844,9.33141267310755e-11
1_ms,power,39.049019,1.3807307615053533e-10
1_ms,power,39.090815,1.0309220581627996e-10
1_ms,power,39.13262,1.1054744271971662e-10
1_ms,power,39.174882,1.254056551228418e-10
1_ms,power,39.231606,1.3306019511312446e-10
1_ms,power,39.261752,1.4672161033655254e-10
1_ms,power,39.30019,1.4950009603621545e-10
1_ms,power,39.341879,1.2669331293103844e-10
1_ms,power,39.384613,1.018177773367794e-10
1_ms,power,39.425335,1.541302219737867e-10
1_ms,power,40.012734,1.4984462674296586e-10
1_ms,power,40.054704,9.981109722480141e-11
1_ms,power,40.09855,1.0861920415131373e-10
1_ms,power,40.138772,1.1956338126688277e-10
1_ms,power,40.186172,1.6428330651209522e-10
1_ms,power,40.226788,9.515448006788391e-11
1_ms,power,40.26558,1.8070078560148623e-10
1_ms,power,40.30645,1.6981705617607423e-10
1_ms,power,40.353028,1.1690498412846083e-10
1_ms,power,40.390619,6.685586264022004e-11
1_ms,power,40.432591,1.391141082531079e-10
1_ms,power,41.019381,1.8078656151372303e-10
1_ms,power,41.066749,1.2520105842832391e-10
1_ms,power,41.103344,1.199458927100492e-10
1_ms,power,41.146337,1.074959136358033e-10
1_ms,power,41.187283,1.24451264387646e-10
1_ms,power,41.230557,1.2583304863599484e-10
1_ms,power,41.272575,1.9024495551704732e-10
1_ms,power,41.313596,1.1860904092506199e-10
1_ms,power,41.35488,1.6877719968914183e-10
1_ms,power,41.398079,1.6249957055616727e-10
1_ms,power,41.438727,1.1953695408066996e-10
1_ms,power,42.02618,1.2829308833191214e-10
1_ms,power,42.068545,1.321403866519924e-10
1_ms,power,42.11003,7.663871229266533e-11
1_ms,power,42.152324,1.3428341175175967e-10
1_ms,power,42.193625,1.6135977003935817e-10
1_ms,power,42.235685,1.6103737684551898e-10
1_ms,power,42.277883,1.843753960127654e-10
1_ms,power,42.32,1.6178379197475765e-10
1_ms,power,42.361864,1.250513064868071e-10
1_ms,power,42.404197,1.1152414679846958e-10
1_ms,power,42.445608,1.661887364478336e-10
1_ms,power,42.487155,1.3295856501856366e-10
1_ms,power,42.529438,1.203888723845877e-10
1_ms,power,42.571491,1.203888723845877e-10
1_ms,power,42.613274,1.203888723845877e-10
1_ms,power,42.655491,1.203888723845877e-10
1ms,distance,0.0,52.940887040563915
1ms,distance,0.041909,52.94044819627724
1ms,distance,0.08394,52.94000807374756
1ms,distance,0.126236,52.93936820200079
1ms,distance,0.168848,52.938622245612265
1ms,distance,0.209662,52.93768833628709
1ms,distance,0.251615,52.93614834341872
1ms,distance,0.293493,52.93461109861535
1ms,distance,0.33562,52.93360053452247
1ms,distance,0.377572,52.932661858944286
1ms,distance,0.419654,52.931756434660514
1ms,distance,1.006426,52.914512585509954
1ms,distance,1.048366,52.91193660948499
1ms,distance,1.090371,52.90935663570292
1ms,distance,1.133214,52.905802018358564
1ms,distance,1.174192,52.902203591989306
1ms,distance,1.216166,52.89813736710751
1ms,distance,1.257599,52.89362007735656
1ms,distance,1.300106,52.888897119477114
1ms,distance,1.342699,52.8822364522728
1ms,distance,1.384576,52.875687748166946
1ms,distance,1.428166,52.86806605056055
1ms,distance,2.012644,52.6979036640975
1ms,distance,2.054333,52.683025613819055
1ms,distance,2.096549,52.66795943519976
1ms,distance,2.139009,52.652503877379715
1ms,distance,2.18098,52.63721395751762
1ms,distance,2.223067,52.62236849574767
1ms,distance,2.265482,52.60774818532298
1ms,distance,2.306818,52.59329240807936
1ms,distance,2.348831,52.577794919332696
1ms,distance,2.3907,52.56235063790372
1ms,distance,2.432745,52.54780732939128
1ms,distance,3.022415,52.338926797645705
1ms,distance,3.061164,52.32495720209383
1ms,distance,3.103091,52.309866299036955
1ms,distance,3.145656,52.29473452474058
1ms,distance,3.187473,52.27986871830269
1ms,distance,3.240244,52.26205516621859
1ms,distance,3.270882,52.2518536927926
1ms,distance,3.312672,52.23779719289306
1ms,distance,3.355154,52.223234944584654
1ms,distance,3.397466,52.208730885772354
1ms,distance,3.439405,52.19494314731064
1ms,distance,4.029152,52.00217644500638
1ms,distance,4.071215,51.98921541700445
1ms,distance,4.110668,51.97662615138749
1ms,distance,4.152184,51.96238968686589
1ms,distance,4.206493,51.94410820195095
1ms,distance,4.235621,51.935326133287155
1ms,distance,4.27738,51.922735753193166
1ms,distance,4.3199,51.90978519546718
1ms,distance,4.362244,51.89676290917567
1ms,distance,4.404095,51.88394030536833
1ms,distance,4.446062,51.87137814166454
1ms,distance,5.032437,51.70953247465518
1ms,distance,5.075174,51.69850123640546
1ms,distance,5.117921,51.68700516046428
1ms,distance,5.159081,51.675414523629975
1ms,distance,5.20101,51.66367241170466
1ms,distance,5.242939,51.65284905396906
1ms,distance,5.284925,51.642010987155935
1ms,distance,5.328243,51.63056448806064
1ms,distance,5.370931,51.61916878447666
1ms,distance,5.410243,51.6088566554881
1ms,distance,5.452191,51.5982952707554
1ms,distance,5.997746,51.458759179842055
1ms,distance,6.039603,51.44889592892904
1ms,distance,6.08162,51.439002487704464
1ms,distance,6.123726,51.428928518565726
1ms,distance,6.165969,51.41871748560148
1ms,distance,6.207387,51.40884082300768
1ms,distance,6.258825,51.39716539772119
1ms,distance,6.291068,51.38984687422159
1ms,distance,6.332516,51.38011931698663
1ms,distance,6.375114,51.370053260267944
1ms,distance,6.41786,51.3601998913294
1ms,distance,7.007559,51.22750693576005
1ms,distance,7.046045,51.219552585412224
1ms,distance,7.087735,51.21093600492028
1ms,distance,7.130114,51.20194175719911
1ms,distance,7.17202,51.192971212135284
1ms,distance,7.213975,51.18407886267869
1ms,distance,7.255935,51.175333127519785
1ms,distance,7.297963,51.16657322966964
1ms,distance,7.339855,51.15766575832059
1ms,distance,7.381771,51.14875206713782
1ms,distance,7.423988,51.14009325780125
1ms,distance,8.010882,51.02267906017251
1ms,distance,8.05274,51.01506333011829
1ms,distance,8.098108,51.00680898315377
1ms,distance,8.137202,50.999599817715726
1ms,distance,8.178147,50.992048972564476
1ms,distance,8.219993,50.984582348959094
1ms,distance,8.262797,50.977181243647145
1ms,distance,8.304632,50.96984021752647
1ms,distance,8.346626,50.96187378566524
1ms,distance,8.38849,50.9539319584478
1ms,distance,8.432287,50.94622330104718
1ms,distance,9.01756,50.84599747322246
1ms,distance,9.059667,50.83923968870318
1ms,distance,9.101517,50.83250491086459
1ms,distance,9.147556,50.824860232057524
1ms,distance,9.185135,50.81862029034716
1ms,distance,9.226851,50.81196802526044
1ms,distance,9.272666,50.80480014036445
1ms,distance,9.311436,50.79857790637661
1ms,distance,9.352637,50.79164338615362
1ms,distance,9.395001,50.78451308027036
1ms,distance,9.437619,50.777837717895984
1ms,distance,10.024899,50.680485807812616
1ms,distance,10.067732,50.673470428964585
1ms,distance,10.108513,50.66681350005651
1ms,distance,10.150284,50.66006293340402
1ms,distance,10.192266,50.65327826714258
1ms,distance,10.234166,50.64691895053926
1ms,distance,10.276109,50.64062169207095
1ms,distance,10.318109,50.63424708784076
1ms,distance,10.360195,50.62778271667956
1ms,distance,10.401926,50.62140027030766
1ms,distance,10.443904,50.61526365821507
1ms,distance,11.030283,50.529761453671995
1ms,distance,11.07218,50.5240999620894
1ms,distance,11.118054,50.51769655479933
1ms,distance,11.156923,50.512043187733404
1ms,distance,11.198067,50.506058895415926
1ms,distance,11.240503,50.50063783303276
1ms,distance,11.282463,50.495280512618756
1ms,distance,11.335815,50.48834453674736
1ms,distance,11.365926,50.484400608812
1ms,distance,11.407656,50.478996288592434
1ms,distance,11.450124,50.47371111460487
1ms,distance,11.995857,50.408240715744654
1ms,distance,12.037932,50.40333448413118
1ms,distance,12.081158,50.39830962795104
1ms,distance,12.121189,50.39348321654858
1ms,distance,12.163289,50.388272020049676
1ms,distance,12.217252,50.38177937341423
1ms,distance,12.246701,50.37842366657409
1ms,distance,12.288376,50.373674797225156
1ms,distance,12.331323,50.36855224270534
1ms,distance,12.37327,50.36348241305277
1ms,distance,12.425268,50.3574107268223
1ms,distance,13.002425,50.29281502664262
1ms,distance,13.044376,50.28842616212499
1ms,distance,13.086463,50.28402308003597
1ms,distance,13.129365,50.27936080901544
1ms,distance,13.172628,50.27459296554341
1ms,distance,13.21169,50.270341922979306
1ms,distance,13.253614,50.265889324180584
1ms,distance,13.295586,50.26143163574253
1ms,distance,13.33801,50.256995514583984
1ms,distance,13.379832,50.252626911299934
1ms,distance,13.421743,50.24843012481354
1ms,distance,14.008254,50.193926027657135
1ms,distance,14.050013,50.19051496471268
1ms,distance,14.092475,50.18704646971214
1ms,distance,14.13477,50.18347279299503
1ms,distance,14.176712,50.17991037256179
1ms,distance,14.218625,50.17643049056341
1ms,distance,14.263016,50.172834415171614
1ms,distance,14.305568,50.169409246252584
1ms,distance,14.343643,50.16643870703686
1ms,distance,14.385567,50.16316789409018
1ms,distance,14.433209,50.159676178606894
1ms,distance,15.01471,50.120834844013864
1ms,distance,15.056724,50.11850289830016
1ms,distance,15.098714,50.11617205436067
1ms,distance,15.140604,50.113827614207345
1ms,distance,15.182586,50.11147801011832
1ms,distance,15.22441,50.109265165223086
1ms,distance,15.266505,50.10711493834746
1ms,distance,15.308354,50.1049587993337
1ms,distance,15.350306,50.10273931286128
1ms,distance,15.392316,50.10051674865655
1ms,distance,15.434345,50.09849183072242
1ms,distance,16.021582,50.07204614431179
1ms,distance,16.063226,50.070439723505686
1ms,distance,16.105208,50.06882262744234
1ms,distance,16.147161,50.06721857845161
1ms,distance,16.189133,50.06561379107855
1ms,distance,16.231095,50.06413455794126
1ms,distance,16.274276,50.062648027359636
1ms,distance,16.314898,50.06123104365194
1ms,distance,16.356829,50.05974086672197
1ms,distance,16.398733,50.0582542665991
1ms,distance,16.440764,50.05698087166857
1ms,distance,17.028115,50.04206306918061
1ms,distance,17.071292,50.04123313961262
1ms,distance,17.111812,50.04046367043038
1ms,distance,17.153727,50.03968697689491
1ms,distance,17.200891,50.03881919659475
1ms,distance,17.238701,50.03820652796724
1ms,distance,17.279633,50.03754327333325
1ms,distance,17.321519,50.03687551604741
1ms,distance,17.363517,50.036214754328356
1ms,distance,17.405485,50.03557047659975
1ms,distance,17.447369,50.03500402779475
1ms,distance,17.992646,50.03004153969921
1ms,distance,18.034571,50.029892534240446
1ms,distance,18.076516,50.0297543272662
1ms,distance,18.118614,50.029648158680324
1ms,distance,18.160451,50.02957711580842
1ms,distance,18.20793,50.0295115213421
1ms,distance,18.244447,50.02950611957372
1ms,distance,18.286316,50.02949992607169
1ms,distance,18.330908,50.029546789187506
1ms,distance,18.370545,50.029605780082136
1ms,distance,18.412692,50.029694551002336
1ms,distance,18.999289,50.034143650414244
1ms,distance,19.041209,50.034718549852734
1ms,distance,19.083184,50.03529420459775
1ms,distance,19.125132,50.035973142546624
1ms,distance,19.16704,50.036709379290606
1ms,distance,19.208937,50.03744602685073
1ms,distance,19.252297,50.038210216717644
1ms,distance,19.292745,50.03892308381749
1ms,distance,19.334735,50.039768070288225
1ms,distance,19.37669,50.040628122789364
1ms,distance,19.41882,50.041516021482956
1ms,distance,20.005836,50.05868873612127
1ms,distance,20.047861,50.06021923477267
1ms,distance,20.089757,50.061745027296574
1ms,distance,20.131726,50.063436748185204
1ms,distance,20.17768,50.06533435049875
1ms,distance,20.217628,50.067020762074264
1ms,distance,20.257544,50.06874481823499
1ms,distance,20.299546,50.07056293965834
1ms,distance,20.341492,50.07250171725432
1ms,distance,20.383386,50.07443808150279
1ms,distance,20.425335,50.076372830711
1ms,distance,21.0126,50.10762835479925
1ms,distance,21.05456,50.11003219891463
1ms,distance,21.096659,50.11244400608036
1ms,distance,21.142432,50.115338134516705
1ms,distance,21.182181,50.11785981699747
1ms,distance,21.22435,50.12061996716266
1ms,distance,21.264361,50.1232884432911
1ms,distance,21.30642,50.126110112372004
1ms,distance,21.348518,50.129003251937725
1ms,distance,21.39033,50.131876729453516
1ms,distance,21.432221,50.13471599136096
1ms,distance,22.019224,50.1786727468874
1ms,distance,22.061203,50.181877864297206
1ms,distance,22.103107,50.18510800168143
1ms,distance,22.145027,50.18857311020154
1ms,distance,22.187169,50.19205654678987
1ms,distance,22.229401,50.195452936376185
1ms,distance,22.270827,50.19875158634388
1ms,distance,22.312759,50.20221434686915
1ms,distance,22.354731,50.20591425085915
1ms,distance,22.396654,50.20960984635454
1ms,distance,22.438789,50.2130442326197
1ms,distance,23.025905,50.26557102181771
1ms,distance,23.069095,50.269569948827616
1ms,distance,23.109741,50.27331210648349
1ms,distance,23.151678,50.27711773221832
1ms,distance,23.193622,50.28092398538367
1ms,distance,23.235579,50.28464876484144
1ms,distance,23.277578,50.28836707202706
1ms,distance,23.319423,50.292190165522406
1ms,distance,23.361303,50.29613198976902
1ms,distance,23.403334,50.300097377595144
1ms,distance,23.44534,50.304127985458024
1ms,distance,23.990566,50.362515814413385
1ms,distance,24.032439,50.36746432626874
1ms,distance,24.074472,50.37247277164798
1ms,distance,24.116359,50.37752718533333
1ms,distance,24.158256,50.38266599750409
1ms,distance,24.200253,50.387809687429744
1ms,distance,24.245292,50.3931692884256
1ms,distance,24.284165,50.39779511763541
1ms,distance,24.326084,50.403007946481196
1ms,distance,24.369556,50.40853154461104
1ms,distance,24.409923,50.41367847533195
1ms,distance,24.997207,50.49105727744103
1ms,distance,25.039047,50.49657472536688
1ms,distance,25.081067,50.502110396346076
1ms,distance,25.122887,50.50775454093664
1ms,distance,25.164834,50.513509983553995
1ms,distance,25.206826,50.51922090849842
1ms,distance,25.248716,50.52472134588804
1ms,distance,25.290738,50.530239095411275
1ms,distance,25.332693,50.536013261751116
1ms,distance,25.374688,50.54185069879706
1ms,distance,25.41659,50.54760039935443
1ms,distance,26.003766,50.634209887175246
1ms,distance,26.045779,50.64065432502111
1ms,distance,26.087708,50.64708588971701
1ms,distance,26.130967,50.65458467484705
1ms,distance,26.171539,50.6618780126504
1ms,distance,26.213486,50.66912012189853
1ms,distance,26.255381,50.67583147334945
1ms,distance,26.302707,50.6834417788041
1ms,distance,26.339378,50.6895533170627
1ms,distance,26.381278,50.69653631444975
1ms,distance,26.423218,50.70334740988665
1ms,distance,27.010451,50.8032907813572
1ms,distance,27.052406,50.81058504222972
1ms,distance,27.094304,50.817869396251446
1ms,distance,27.136243,50.82584118666041
1ms,distance,27.178251,50.83389655177528
1ms,distance,27.220332,50.84198444830736
1ms,distance,27.26211,50.85003066383229
1ms,distance,27.304067,50.85809369386394
1ms,distance,27.346029,50.86604788838853
1ms,distance,27.387797,50.873965340166485
1ms,distance,27.430866,50.88181128664392
1ms,distance,28.018534,50.98951436502927
1ms,distance,28.060488,50.99702520323355
1ms,distance,28.106974,51.005450355192146
1ms,distance,28.147014,51.01309006506036
1ms,distance,28.190592,51.021404811576986
1ms,distance,28.226939,51.028389093775765
1ms,distance,28.274729,51.03758935595227
1ms,distance,28.316609,51.045791501720025
1ms,distance,28.352774,51.053028556279266
1ms,distance,28.394774,51.06143327631599
1ms,distance,28.436572,51.06955783345629
1ms,distance,29.02377,51.19243476005285
1ms,distance,29.065476,51.20106436102591
1ms,distance,29.111493,51.210661202239145
1ms,distance,29.151648,51.21919779872144
1ms,distance,29.191494,51.22766870646331
1ms,distance,29.243399,51.238380005958284
1ms,distance,29.275327,51.2449390432265
1ms,distance,29.31796,51.25404542121065
1ms,distance,29.359262,51.26325916995871
1ms,distance,29.402322,51.27283487735802
1ms,distance,29.443133,51.281637122942094
1ms,distance,30.030591,51.41797082604777
1ms,distance,30.072412,51.427909177783974
1ms,distance,30.114235,51.437980895917306
1ms,distance,30.156294,51.448325029170284
1ms,distance,30.198107,51.45860864846971
1ms,distance,30.239814,51.46850377145538
1ms,distance,30.282041,51.47852113387119
1ms,distance,30.323887,51.48932011731862
1ms,distance,30.373091,51.502665189220124
1ms,distance,30.408549,51.51197664547493
1ms,distance,30.994982,51.65877056965436
1ms,distance,31.037434,51.66921628763009
1ms,distance,31.07925,51.67947736300782
1ms,distance,31.131064,51.692480896157406
1ms,distance,31.163334,51.70068364469491
1ms,distance,31.204928,51.711169526694896
1ms,distance,31.247329,51.72139652533096
1ms,distance,31.289643,51.73160259174908
1ms,distance,31.331592,51.742067491907164
1ms,distance,31.373599,51.75263631731787
1ms,distance,31.415491,51.76297916615253
1ms,distance,32.002155,51.915466519420164
1ms,distance,32.043936,51.926352938021765
1ms,distance,32.086119,51.93734415677504
1ms,distance,32.140401,51.95285628962755
1ms,distance,32.169713,51.96144507152475
1ms,distance,32.22101,51.975897791944355
1ms,distance,32.253559,51.98460910265662
1ms,distance,32.295158,51.99574248713055
1ms,distance,32.337917,52.00779845482802
1ms,distance,32.3792,52.01948407653776
1ms,distance,32.421157,52.03140286508371
1ms,distance,33.016056,52.202070570623924
1ms,distance,33.050497,52.21157471240408
1ms,distance,33.092453,52.223152638235504
1ms,distance,33.134749,52.234848442865726
1ms,distance,33.177177,52.24658451678822
1ms,distance,33.224118,52.25859210564145
1ms,distance,33.259901,52.26713972252339
1ms,distance,33.308382,52.27855516395003
1ms,distance,33.34396,52.28647395170057
1ms,distance,33.386013,52.29583390840892
1ms,distance,33.433881,52.30497025550804
1ms,distance,34.016489,52.36350053521264
1ms,distance,34.05746,52.36601725817741
1ms,distance,34.099054,52.36858008876442
1ms,distance,34.141757,52.37161196173087
1ms,distance,34.190693,52.37508638804103
1ms,distance,34.225461,52.3777590613301
1ms,distance,34.266779,52.38100248670705
1ms,distance,34.308793,52.38417015447035
1ms,distance,34.350959,52.386959463505356
1ms,distance,34.393078,52.389745665545
1ms,distance,34.434973,52.39207419888465
1ms,distance,35.022317,52.410458415598335
1ms,distance,35.064209,52.41057245870082
1ms,distance,35.106218,52.41063638534957
1ms,distance,35.148182,52.41048549943976
1ms,distance,35.190091,52.41033481155645
1ms,distance,35.232156,52.410062926699425
1ms,distance,35.27399,52.409763729550704
1ms,distance,35.315949,52.4094255815685
1ms,distance,35.357294,52.40904105687209
1ms,distance,35.398869,52.408654179612135
1ms,distance,35.440906,52.40824910858533
1ms,distance,36.03219,52.40412686098868
1ms,distance,36.070106,52.403930392600024
1ms,distance,36.117486,52.40362408832317
1ms,distance,36.154078,52.40331891867805
1ms,distance,36.196069,52.40296872260169
1ms,distance,36.238774,52.4026023651322
1ms,distance,36.279794,52.40224994032645
1ms,distance,36.321768,52.402067158840254
1ms,distance,36.364026,52.402023446187755
1ms,distance,36.405705,52.40193850550589
1ms,distance,36.993484,52.41051717787231
1ms,distance,37.034754,52.41189758528164
1ms,distance,37.076775,52.413300997978546
1ms,distance,37.119994,52.41440940178372
1ms,distance,37.160821,52.41514432829067
1ms,distance,37.202721,52.415858829309926
1ms,distance,37.244651,52.41624218732511
1ms,distance,37.28649,52.416624712649906
1ms,distance,37.333861,52.41716826823947
1ms,distance,37.370369,52.417615239684345
1ms,distance,37.418917,52.41804629953796
1ms,distance,38.010856,52.42324083945689
1ms,distance,38.042188,52.42422871419615
1ms,distance,38.083426,52.4255289117855
1ms,distance,38.125513,52.42610436032499
1ms,distance,38.167084,52.42626975400314
1ms,distance,38.20967,52.42642622381599
1ms,distance,38.251546,52.42654536048202
1ms,distance,38.293836,52.42666567467067
1ms,distance,38.335576,52.426818175924424
1ms,distance,38.37744,52.426975118203444
1ms,distance,38.419663,52.42725000373183
1ms,distance,39.006844,52.52342740839772
1ms,distance,39.049019,52.52360897294349
1ms,distance,39.090815,52.5237889055176
1ms,distance,39.13262,52.523836913045116
1ms,distance,39.174882,52.5238566570709
1ms,distance,39.231606,52.52371924626788
1ms,distance,39.261752,52.52358525864445
1ms,distance,39.30019,52.52341474854897
1ms,distance,39.341879,52.523236514930126
1ms,distance,39.384613,52.5230538146916
1ms,distance,39.425335,52.52296079970156
1ms,distance,40.012734,52.52459633998524
1ms,distance,40.054704,52.52518474736743
1ms,distance,40.09855,52.525804341531796
1ms,distance,40.138772,52.52699242035008
1ms,distance,40.186172,52.52839252556377
1ms,distance,40.226788,52.52921026620522
1ms,distance,40.26558,52.52983715428339
1ms,distance,40.30645,52.53052218524968
1ms,distance,40.353028,52.53141417409557
1ms,distance,40.390619,52.532134058706475
1ms,distance,40.432591,52.53276831577995
1ms,distance,41.019381,52.44631279240842
1ms,distance,41.066749,52.44704476944905
1ms,distance,41.103344,52.44762961153505
1ms,distance,41.146337,52.448456759417105
1ms,distance,41.187283,52.449244523673315
1ms,distance,41.230557,52.4502304651748
1ms,distance,41.272575,52.451238262636394
1ms,distance,41.313596,52.45186435761907
1ms,distance,41.35488,52.45189296503422
1ms,distance,41.398079,52.45192289941525
1ms,distance,41.438727,52.45161973499573
1ms,distance,42.02618,52.44841059084813
1ms,distance,42.068545,52.44829881302985
1ms,distance,42.11003,52.44818281143174
1ms,distance,42.152324,52.448047750154196
1ms,distance,42.193625,52.44791586071607
1ms,distance,42.235685,52.44795589041224
1ms,distance,42.277883,52.44801758313596
1ms,distance,42.32,52.447793940615895
1ms,distance,42.361864,52.44730654366731
1ms,distance,42.404197,52.44681707747173
1ms,distance,42.445608,52.446358503324646
1ms,distance,42.487155,52.44589842427942
1ms,distance,42.529438,52.44540815630977
1ms,distance,42.571491,52.4449127692224
1ms,distance,42.613274,52.444597721537804
1ms,distance,42.655491,52.444597721537804
1ms,power,0.0,2.562103980926691e-10
1ms,power,0.041909,2.657614825132461e-10
1ms,power,0.08394,3.24359985536526e-10
1ms,power,0.126236,2.7496911159161347e-10
1ms,power,0.168848,2.8742300540283807e-10
1ms,power,0.209662,2.634690465089908e-10
1ms,power,0.251615,2.566623377869482e-10
1ms,power,0.293493,2.9894806839209796e-10
1ms,power,0.33562,2.49859978055866e-10
1ms,power,0.377572,2.69609272233058e-10
1ms,power,0.419654,2.0874389864839802e-10
1ms,power,1.006426,3.5305792497824523e-10
1ms,power,1.048366,3.4515283265130694e-10
1ms,power,1.090371,2.651067585817118e-10
1ms,power,1.133214,3.1269810855950516e-10
1ms,power,1.174192,2.712161233421123e-10
1ms,power,1.216166,2.5687297440576056e-10
1ms,power,1.257599,3.333576941916717e-10
1ms,power,1.300106,2.6660890438144685e-10
1ms,power,1.342699,2.5659022559824495e-10
1ms,power,1.384576,2.866206512480386e-10
1ms,power,1.428166,3.282074453593429e-10
1ms,power,2.012644,2.872793365821697e-10
1ms,power,2.054333,2.769909037082907e-10
1ms,power,2.096549,2.7094579912814676e-10
1ms,power,2.139009,2.6257337148990627e-10
1ms,power,2.18098,3.1296932588640457e-10
1ms,power,2.223067,2.6034864301292067e-10
1ms,power,2.265482,3.0925055943980946e-10
1ms,power,2.306818,2.961130478741314e-10
1ms,power,2.348831,3.0218973085883087e-10
1ms,power,2.3907,2.8903817166184993e-10
1ms,power,2.432745,3.1934301290425587e-10
1ms,power,3.022415,4.410931559482469e-10
1ms,power,3.061164,4.5359277197478966e-10
1ms,power,3.103091,4.909584144889043e-10
1ms,power,3.145656,4.1831648762307003e-10
1ms,power,3.187473,4.722609078913594e-10
1ms,power,3.240244,5.460349226670846e-10
1ms,power,3.270882,4.373810300496358e-10
1ms,power,3.312672,4.6277831422787086e-10
1ms,power,3.355154,4.5691319935880874e-10
1ms,power,3.397466,5.02223623187729e-10
1ms,power,3.439405,4.2043237134693446e-10
1ms,power,4.029152,5.933247971706253e-10
1ms,power,4.071215,6.313956769851807e-10
1ms,power,4.110668,5.854386487727967e-10
1ms,power,4.152184,6.514253954376442e-10
1ms,power,4.206493,6.232972384277139e-10
1ms,power,4.235621,5.656247135204596e-10
1ms,power,4.27738,5.979438777122726e-10
1ms,power,4.3199,5.981622510669478e-10
1ms,power,4.362244,6.257100617085706e-10
1ms,power,4.404095,6.096226226236814e-10
1ms,power,4.446062,6.704091150482925e-10
1ms,power,5.032437,7.207177737880235e-10
1ms,power,5.075174,6.926216645037045e-10
1ms,power,5.117921,6.84188765314191e-10
1ms,power,5.159081,6.994331090962696e-10
1ms,power,5.20101,7.50191494844741e-10
1ms,power,5.242939,6.619323039254498e-10
1ms,power,5.284925,7.223236481520572e-10
1ms,power,5.328243,7.217210544323123e-10
1ms,power,5.370931,6.966988124548851e-10
1ms,power,5.410243,7.679537377078286e-10
1ms,power,5.452191,6.862294456850127e-10
1ms,power,5.997746,8.060310709112475e-10
1ms,power,6.039603,7.475968273365854e-10
1ms,power,6.08162,7.807193295032938e-10
1ms,power,6.123726,7.900849451460568e-10
1ms,power,6.165969,7.80390188697557e-10
1ms,power,6.207387,7.51936297213641e-10
1ms,power,6.258825,8.008152161364623e-10
1ms,power,6.291068,7.680973683255161e-10
1ms,power,6.332516,8.194139326511301e-10
1ms,power,6.375114,8.149600845970008e-10
1ms,power,6.41786,7.987095977895384e-10
1ms,power,7.007559,8.935599779554003e-10
1ms,power,7.046045,8.94843208829543e-10
1ms,power,7.087735,9.125831735263686e-10
1ms,power,7.130114,9.389514447769876e-10
1ms,power,7.17202,9.808088930737507e-10
1ms,power,7.213975,9.597987709462703e-10
1ms,power,7.255935,9.96921349856759e-10
1ms,power,7.297963,9.751388303292958e-10
1ms,power,7.339855,8.865877055672692e-10
1ms,power,7.381771,8.598150359414517e-10
1ms,power,7.423988,9.387519780176979e-10
1ms,power,8.010882,8.940230139049405e-10
1ms,power,8.05274,8.549947546948891e-10
1ms,power,8.098108,8.266788846871416e-10
1ms,power,8.137202,8.631431590764191e-10
1ms,power,8.178147,8.932964938828748e-10
1ms,power,8.219993,8.64009799296987e-10
1ms,power,8.262797,9.146031720502071e-10
1ms,power,8.304632,8.841228169100247e-10
1ms,power,8.346626,8.880750095673672e-10
1ms,power,8.38849,9.755886699779515e-10
1ms,power,8.432287,8.573350731348592e-10
1ms,power,9.01756,9.555760280616683e-10
1ms,power,9.059667,9.732560871386623e-10
1ms,power,9.101517,1.0443063375223448e-09
1ms,power,9.147556,9.24939453531755e-10
1ms,power,9.185135,9.254866843705972e-10
1ms,power,9.226851,9.37106519408048e-10
1ms,power,9.272666,9.257429598598908e-10
1ms,power,9.311436,9.311641542205108e-10
1ms,power,9.352637,1.0006018025672299e-09
1ms,power,9.395001,9.66514371224355e-10
1ms,power,9.437619,9.871153608964398e-10
1ms,power,10.024899,1.1184929260486533e-09
1ms,power,10.067732,1.1265687165185075e-09
1ms,power,10.108513,1.214089047353052e-09
1ms,power,10.150284,1.220886482368104e-09
1ms,power,10.192266,1.2046666576937468e-09
1ms,power,10.234166,1.1388382955573728e-09
1ms,power,10.276109,1.255746761336509e-09
1ms,power,10.318109,1.1927804123804122e-09
1ms,power,10.360195,1.2303093553470682e-09
1ms,power,10.401926,1.234813920178933e-09
1ms,power,10.443904,1.196520530191599e-09
1ms,power,11.030283,1.3605512477781033e-09
1ms,power,11.07218,1.423538377413765e-09
1ms,power,11.118054,1.4172555849797759e-09
1ms,power,11.156923,1.4736661010661055e-09
1ms,power,11.198067,1.4347891833701628e-09
1ms,power,11.240503,1.4761787900625255e-09
1ms,power,11.282463,1.5239615152849937e-09
1ms,power,11.335815,1.5295922282791912e-09
1ms,power,11.365926,1.5067953709893846e-09
1ms,power,11.407656,1.5373171909395098e-09
1ms,power,11.450124,1.4775774181311739e-09
1ms,power,11.995857,1.6243120695037138e-09
1ms,power,12.037932,1.5807996468767214e-09
1ms,power,12.081158,1.634839087399016e-09
1ms,power,12.121189,1.6026893518907663e-09
1ms,power,12.163289,1.595428443880417e-09
1ms,power,12.217252,1.6444748070443424e-09
1ms,power,12.246701,1.7044863672812934e-09
1ms,power,12.288376,1.7028310594836223e-09
1ms,power,12.331323,1.7489836289107327e-09
1ms,power,12.37327,1.7679147156284142e-09
1ms,power,12.425268,1.824000372706074e-09
1ms,power,13.002425,2.0504884952803055e-09
1ms,power,13.044376,2.0137555167226304e-09
1ms,power,13.086463,2.0472228485660443e-09
1ms,power,13.129365,2.0240947802437887e-09
1ms,power,13.172628,2.095499541847864e-09
1ms,power,13.21169,2.1150110376594025e-09
1ms,power,13.253614,2.160922336131978e-09
1ms,power,13.295586,2.193014396115723e-09
1ms,power,13.33801,2.188416519779872e-09
1ms,power,13.379832,2.206348737848952e-09
1ms,power,13.421743,2.215945549648774e-09
1ms,power,14.008254,2.544579789891069e-09
1ms,power,14.050013,2.5815619839508306e-09
1ms,power,14.092475,2.6045728048976743e-09
1ms,power,14.13477,2.6106071656527026e-09
1ms,power,14.176712,2.6394503774374975e-09
1ms,power,14.218625,2.7213829552057115e-09
1ms,power,14.263016,2.6626762153693344e-09
1ms,power,14.305568,2.7204974793953936e-09
1ms,power,14.343643,2.7122753658912627e-09
1ms,power,14.385567,2.7517141774721627e-09
1ms,power,14.433209,2.7384512147780996e-09
1ms,power,15.01471,3.0041750014413522e-09
1ms,power,15.056724,3.01718068952919e-09
1ms,power,15.098714,3.0250775629759125e-09
1ms,power,15.140604,3.057353223662199e-09
1ms,power,15.182586,3.0271895479424424e-09
1ms,power,15.22441,3.0840912685102493e-09
1ms,power,15.266505,3.2301970775672338e-09
1ms,power,15.308354,3.1684494503799637e-09
1ms,power,15.350306,3.1606923146582163e-09
1ms,power,15.392316,3.268104646831093e-09
1ms,power,15.434345,3.2653082563291746e-09
1ms,power,16.021582,3.341722598155183e-09
1ms,power,16.063226,3.3580751145923897e-09
1ms,power,16.105208,3.302491967941015e-09
1ms,power,16.147161,3.397615933204181e-09
1ms,power,16.189133,3.38082717332827e-09
1ms,power,16.231095,3.3842528194001633e-09
1ms,power,16.274276,3.4417994343240837e-09
1ms,power,16.314898,3.39262342169257e-09
1ms,power,16.356829,3.3976288068941356e-09
1ms,power,16.398733,3.4317406308440453e-09
1ms,power,16.440764,3.406465480264295e-09
1ms,power,17.028115,3.5489625651130204e-09
1ms,power,17.071292,3.5727201972489186e-09
1ms,power,17.111812,3.6052717805689977e-09
1ms,power,17.153727,3.63323536845119e-09
1ms,power,17.200891,3.521963596847717e-09
1ms,power,17.238701,3.5388600393056486e-09
1ms,power,17.279633,3.5582525497667915e-09
1ms,power,17.321519,3.570890311559088e-09
1ms,power,17.363517,3.578694855156237e-09
1ms,power,17.405485,3.679344655892488e-09
1ms,power,17.447369,3.638663335808491e-09
1ms,power,17.992646,3.648719198951986e-09
1ms,power,18.034571,3.5712995508889256e-09
1ms,power,18.076516,3.613372362581668e-09
1ms,power,18.118614,3.5415559703330717e-09
1ms,power,18.160451,3.6392590726310633e-09
1ms,power,18.20793,3.53661639477633e-09
1ms,power,18.244447,3.6618036053619806e-09
1ms,power,18.286316,3.5944256837084597e-09
1ms,power,18.330908,3.683536345690419e-09
1ms,power,18.370545,3.6817150878474463e-09
1ms,power,18.412692,3.691923622086897e-09
1ms,power,18.999289,3.77876143402638e-09
1ms,power,19.041209,3.776155310702951e-09
1ms,power,19.083184,3.758715190685123e-09
1ms,power,19.125132,3.7091581860551906e-09
1ms,power,19.16704,3.7721881642013596e-09
1ms,power,19.208937,3.6716081364930118e-09
1ms,power,19.252297,3.79247465600037e-09
1ms,power,19.292745,3.65035044201813e-09
1ms,power,19.334735,3.7164458925696837e-09
1ms,power,19.37669,3.6729713628086614e-09
1ms,power,19.41882,3.704941140643696e-09
1ms,power,20.005836,3.5365221787731484e-09
1ms,power,20.047861,3.5312917440766037e-09
1ms,power,20.089757,3.4126777415668977e-09
1ms,power,20.131726,3.4154828431818314e-09
1ms,power,20.17768,3.441657756969974e-09
1ms,power,20.217628,3.3831080451780504e-09
1ms,power,20.257544,3.470584788756903e-09
1ms,power,20.299546,3.4213976250609345e-09
1ms,power,20.341492,3.3488305893562097e-09
1ms,power,20.383386,3.4039196013928975e-09
1ms,power,20.425335,3.4272538260382665e-09
1ms,power,21.0126,3.2792227101099845e-09
1ms,power,21.05456,3.182869093153417e-09
1ms,power,21.096659,3.1483373080993024e-09
1ms,power,21.142432,3.0934008086283354e-09
1ms,power,21.182181,3.1231991211593262e-09
1ms,power,21.22435,3.070397674428927e-09
1ms,power,21.264361,3.014681043715226e-09
1ms,power,21.30642,3.0443160884166554e-09
1ms,power,21.348518,2.964653467127602e-09
1ms,power,21.39033,3.0385744160413076e-09
1ms,power,21.432221,2.980497508271854e-09
1ms,power,22.019224,2.8785472737335155e-09
1ms,power,22.061203,2.854369572856701e-09
1ms,power,22.103107,2.8236826696184146e-09
1ms,power,22.145027,2.737340563773557e-09
1ms,power,22.187169,2.8095328495053816e-09
1ms,power,22.229401,2.8006476521980434e-09
1ms,power,22.270827,2.758705988252605e-09
1ms,power,22.312759,2.7556982575573497e-09
1ms,power,22.354731,2.663485518369222e-09
1ms,power,22.396654,2.6910684287830355e-09
1ms,power,22.438789,2.599024689407686e-09
1ms,power,23.025905,2.413940357334145e-09
1ms,power,23.069095,2.442443335236715e-09
1ms,power,23.109741,2.2934396319655694e-09
1ms,power,23.151678,2.4196360991233032e-09
1ms,power,23.193622,2.337094102351945e-09
1ms,power,23.235579,2.309413453865755e-09
1ms,power,23.277578,2.257816215703373e-09
1ms,power,23.319423,2.2673686930355576e-09
1ms,power,23.361303,2.26996696454982e-09
1ms,power,23.403334,2.3142694743661372e-09
1ms,power,23.44534,2.2642026470300346e-09
1ms,power,23.990566,2.1074217663869383e-09
1ms,power,24.032439,2.026594552850622e-09
1ms,power,24.074472,2.0703100351684685e-09
1ms,power,24.116359,2.0560527426576916e-09
1ms,power,24.158256,2.0766091220958533e-09
1ms,power,24.200253,2.0340683363116883e-09
1ms,power,24.245292,1.995697449759693e-09
1ms,power,24.284165,1.9996427685089814e-09
1ms,power,24.326084,1.963949765461904e-09
1ms,power,24.369556,1.9747629550725755e-09
1ms,power,24.409923,2.0553424851910157e-09
1ms,power,24.997207,1.963242129724881e-09
1ms,power,25.039047,1.906300745410275e-09
1ms,power,25.081067,1.9107240459130762e-09
1ms,power,25.122887,1.8322809227168129e-09
1ms,power,25.164834,1.863114354174278e-09
1ms,power,25.206826,1.873818214963096e-09
1ms,power,25.248716,1.8126420699599183e-09
1ms,power,25.290738,1.7699602633175103e-09
1ms,power,25.332693,1.7727024319699132e-09
1ms,power,25.374688,1.7077016302273885e-09
1ms,power,25.41659,1.7025891915649375e-09
1ms,power,26.003766,1.4664381990947073e-09
1ms,power,26.045779,1.4289541273834173e-09
1ms,power,26.087708,1.4186511455346735e-09
1ms,power,26.130967,1.3671414810890882e-09
1ms,power,26.171539,1.4144387107049502e-09
1ms,power,26.213486,1.3792985370529014e-09
1ms,power,26.255381,1.4197729745267305e-09
1ms,power,26.302707,1.3480978449726019e-09
1ms,power,26.339378,1.3920944874525834e-09
1ms,power,26.381278,1.3251172425067501e-09
1ms,power,26.423218,1.3739058423557822e-09
1ms,power,27.010451,1.278484368364079e-09
1ms,power,27.052406,1.2681335647644838e-09
1ms,power,27.094304,1.2296485099892905e-09
1ms,power,27.136243,1.245937834325463e-09
1ms,power,27.178251,1.2022915595487537e-09
1ms,power,27.220332,1.2110015284660416e-09
1ms,power,27.26211,1.2484813949178642e-09
1ms,power,27.304067,1.1917284184582315e-09
1ms,power,27.346029,1.2159209485663376e-09
1ms,power,27.387797,1.2290848814871904e-09
1ms,power,27.430866,1.2342680420508805e-09
1ms,power,28.018534,1.1509727527460984e-09
1ms,power,28.060488,1.2442331272483968e-09
1ms,power,28.106974,1.2300287677357956e-09
1ms,power,28.147014,1.2003623346805114e-09
1ms,power,28.190592,1.1540817301023417e-09
1ms,power,28.226939,1.1378708123989549e-09
1ms,power,28.274729,1.1449196899792924e-09
1ms,power,28.316609,1.1867681572367954e-09
1ms,power,28.352774,1.1111420130233673e-09
1ms,power,28.394774,1.1457913336516235e-09
1ms,power,28.436572,1.1742150902718442e-09
1ms,power,29.02377,1.0876851561766886e-09
1ms,power,29.065476,1.0691271561697184e-09
1ms,power,29.111493,1.0557370324380089e-09
1ms,power,29.151648,9.602731924477484e-10
1ms,power,29.191494,1.0124448664502312e-09
1ms,power,29.243399,9.523269647772624e-10
1ms,power,29.275327,9.362142717555134e-10
1ms,power,29.31796,9.751266193126466e-10
1ms,power,29.359262,9.519801802042284e-10
1ms,power,29.402322,8.953521100614118e-10
1ms,power,29.443133,9.146118788029022e-10
1ms,power,30.030591,7.470289530903733e-10
1ms,power,30.072412,7.37847269738525e-10
1ms,power,30.114235,7.687044409693901e-10
1ms,power,30.156294,8.10520034952033e-10
1ms,power,30.198107,7.801792732903678e-10
1ms,power,30.239814,7.096437372107799e-10
1ms,power,30.282041,7.478493248505187e-10
1ms,power,30.323887,7.019755679346038e-10
1ms,power,30.373091,6.163606704398476e-10
1ms,power,30.408549,7.559799550274414e-10
1ms,power,30.994982,6.863041292265217e-10
1ms,power,31.037434,6.716075803709886e-10
1ms,power,31.07925,6.561482280258202e-10
1ms,power,31.131064,5.496826587592434e-10
1ms,power,31.163334,6.303765335601341e-10
1ms,power,31.204928,6.028342683395335e-10
1ms,power,31.247329,5.93872752237768e-10
1ms,power,31.289643,6.029704928650147e-10
1ms,power,31.331592,5.923602470585417e-10
1ms,power,31.373599,6.260233865309353e-10
1ms,power,31.415491,5.7290356890917e-10
1ms,power,32.002155,5.406358449386953e-10
1ms,power,32.043936,5.046708311616169e-10
1ms,power,32.086119,5.945843492053036e-10
1ms,power,32.140401,4.469623876406173e-10
1ms,power,32.169713,5.483272150356277e-10
1ms,power,32.22101,5.095927793721934e-10
1ms,power,32.253559,3.781152361850341e-10
1ms,power,32.295158,4.074037053599486e-10
1ms,power,32.337917,3.9651009092940783e-10
1ms,power,32.3792,4.1276381081819205e-10
1ms,power,32.421157,4.31158409660069e-10
1ms,power,33.016056,2.7702366647531253e-10
1ms,power,33.050497,3.3839539744314727e-10
1ms,power,33.092453,2.6432325008076134e-10
1ms,power,33.134749,2.771076495564115e-10
1ms,power,33.177177,1.770577493976579e-10
1ms,power,33.224118,2.784236717568551e-10
1ms,power,33.259901,2.100794646370645e-10
1ms,power,33.308382,2.5185683378782126e-10
1ms,power,33.34396,2.5156039103656747e-10
1ms,power,33.386013,1.9525453379130292e-10
1ms,power,33.433881,2.5369611172008616e-10
1ms,power,34.016489,1.784292582774189e-10
1ms,power,34.05746,1.3644834124008917e-10
1ms,power,34.099054,2.2698257848559134e-10
1ms,power,34.141757,1.678811510192228e-10
1ms,power,34.190693,1.5599314399594948e-10
1ms,power,34.225461,1.9697927528808188e-10
1ms,power,34.266779,1.273113035355913e-10
1ms,power,34.308793,1.091719528122682e-10
1ms,power,34.350959,1.5073073655952752e-10
1ms,power,34.393078,2.3594195457175597e-10
1ms,power,34.434973,1.297315883701912e-10
1ms,power,35.022317,1.9074329821829587e-10
1ms,power,35.064209,1.8153774000591583e-10
1ms,power,35.106218,1.737922520382366e-10
1ms,power,35.148182,1.342285195961023e-10
1ms,power,35.190091,1.4081573255428577e-10
1ms,power,35.232156,2.0900113612037997e-10
1ms,power,35.27399,1.2286572461185953e-10
1ms,power,35.315949,1.3216274479382168e-10
1ms,power,35.357294,1.1834093084452836e-10
1ms,power,35.398869,7.546945888140678e-11
1ms,power,35.440906,5.0182033212399055e-11
1ms,power,36.03219,1.2596312914494987e-10
1ms,power,36.070106,1.2031975900006943e-10
1ms,power,36.117486,1.506549794502334e-10
1ms,power,36.154078,1.3545609714352466e-10
1ms,power,36.196069,8.606676464963029e-11
1ms,power,36.238774,1.1035672860695192e-10
1ms,power,36.279794,5.933002281020956e-11
1ms,power,36.321768,1.1220800501926006e-10
1ms,power,36.364026,1.0032845060254276e-10
1ms,power,36.405705,9.345814723857962e-11
1ms,power,36.993484,7.09429878831046e-11
1ms,power,37.034754,1.3948047915845564e-10
1ms,power,37.076775,1.3927779365163952e-10
1ms,power,37.119994,7.839749612333848e-11
1ms,power,37.160821,7.20800251279932e-11
1ms,power,37.202721,9.35671657697282e-11
1ms,power,37.244651,1.7988144669995033e-10
1ms,power,37.28649,5.714622690338739e-11
1ms,power,37.333861,1.3978981417730647e-10
1ms,power,37.370369,1.1994367398561522e-10
1ms,power,37.418917,1.442829839691876e-10
1ms,power,38.010856,2.6460676150269184e-10
1ms,power,38.042188,1.3660508077343909e-10
1ms,power,38.083426,1.7742399611455112e-10
1ms,power,38.125513,1.8911343482535473e-10
1ms,power,38.167084,1.6808409594330472e-10
1ms,power,38.20967,1.6830378490642616e-10
1ms,power,38.251546,1.8797550235249444e-10
1ms,power,38.293836,1.851112744519894e-10
1ms,power,38.335576,1.7808301272174835e-10
1ms,power,38.37744,1.5798726745180607e-10
1ms,power,38.419663,1.489850350995877e-10
1ms,power,39.006844,9.33141267310755e-11
1ms,power,39.049019,1.3807307615053533e-10
1ms,power,39.090815,1.0309220581627996e-10
1ms,power,39.13262,1.1054744271971662e-10
1ms,power,39.174882,1.254056551228418e-10
1ms,power,39.231606,1.3306019511312446e-10
1ms,power,39.261752,1.4672161033655254e-10
1ms,power,39.30019,1.4950009603621545e-10
1ms,power,39.341879,1.2669331293103844e-10
1ms,power,39.384613,1.018177773367794e-10
1ms,power,39.425335,1.541302219737867e-10
1ms,power,40.012734,1.4984462674296586e-10
1ms,power,40.054704,9.981109722480141e-11
1ms,power,40.09855,1.0861920415131373e-10
1ms,power,40.138772,1.1956338126688277e-10
1ms,power,40.186172,1.6428330651209522e-10
1ms,power,40.226788,9.515448006788391e-11
1ms,power,40.26558,1.8070078560148623e-10
1ms,power,40.30645,1.6981705617607423e-10
1ms,power,40.353028,1.1690498412846083e-10
1ms,power,40.390619,6.685586264022004e-11
1ms,power,40.432591,1.391141082531079e-10
1ms,power,41.019381,1.8078656151372303e-10
1ms,power,41.066749,1.2520105842832391e-10
1ms,power,41.103344,1.199458927100492e-10
1ms,power,41.146337,1.074959136358033e-10
1ms,power,41.187283,1.24451264387646e-10
1ms,power,41.230557,1.2583304863599484e-10
1ms,power,41.272575,1.9024495551704732e-10
1ms,power,41.313596,1.1860904092506199e-10
1ms,power,41.35488,1.6877719968914183e-10
1ms,power,41.398079,1.6249957055616727e-10
1ms,power,41.438727,1.1953695408066996e-10
1ms,power,42.02618,1.2829308833191214e-10
1ms,power,42.068545,1.321403866519924e-10
1ms,power,42.11003,7.663871229266533e-11
1ms,power,42.152324,1.3428341175175967e-10
1ms,power,42.193625,1.6135977003935817e-10
1ms,power,42.235685,1.6103737684551898e-10
1ms,power,42.277883,1.843753960127654e-10
1ms,power,42.32,1.6178379197475765e-10
1ms,power,42.361864,1.250513064868071e-10
1ms,power,42.404197,1.1152414679846958e-10
1ms,power,42.445608,1.661887364478336e-10
1ms,power,42.487155,1.3295856501856366e-10
1ms,power,42.529438,1.203888723845877e-10
1ms,power,42.571491,1.203888723845877e-10
1ms,power,42.613274,1.203888723845877e-10
1ms,power,42.655491,1.203888723845877e-10
,distance,0.0,52.03895148982616
,distance,0.042225,52.05005183498269
,distance,0.089267,52.06264096667929
,distance,0.125933,52.072973690686204
,distance,0.168538,52.08498007034253
,distance,0.212264,52.097042329584845
,distance,0.254582,52.10865121848729
,distance,0.294575,52.119851627835445
,distance,0.336473,52.131908452841905
,distance,0.378518,52.14399225002494
,distance,0.420419,52.1554124102478
,distance,1.012272,52.41752748950723
,distance,1.04865,52.427736556970466
,distance,1.090638,52.43974482369611
,distance,1.132508,52.452212580601284
,distance,1.174465,52.46470617947709
,distance,1.217975,52.4770546602331
,distance,1.258376,52.48847829019088
,distance,1.300332,52.500771182680616
,distance,1.3422,52.513397890302684
,distance,1.384111,52.52594294064145
,distance,1.426115,52.5380088501862
,distance,2.017448,52.71367611067949
,distance,2.05532,52.72484694899684
,distance,2.097162,52.73748737018878
,distance,2.139052,52.750479924700485
,distance,2.180985,52.763439739363385
,distance,2.22305,52.7759277673049
,distance,2.265013,52.78838557194392
,distance,2.306928,52.80140795264284
,distance,2.348881,52.81468840506813
,distance,2.390792,52.827788174274126
,distance,2.977947,53.01568077695416
,distance,3.019958,53.02879241587655
,distance,3.067617,53.043666763513315
,distance,3.105041,53.05568994304992
,distance,3.146037,53.06899573429894
,distance,3.187783,53.08215881421904
,distance,3.23061,53.09444829005661
,distance,3.273102,53.10664171000078
,distance,3.313705,53.117750020112524
,distance,3.355523,53.12912257203409
,distance,3.397458,53.13936807033817
,distance,3.984635,53.20282921114438
,distance,4.032439,53.159256062782646
,distance,4.069649,53.12533939604209
,distance,4.110495,53.150620374060864
,distance,4.152405,53.19185337502667
,distance,4.19439,53.217151357202106
,distance,4.23928,53.218736113535535
,distance,4.278297,53.220107983494835
,distance,4.320843,53.22130904801179
,distance,4.362035,53.222471890017296
,distance,4.404015,53.22350980883736
,distance,4.991238,53.20804721463158
,distance,5.033185,53.20583744414396
,distance,5.076606,53.20355002855688
,distance,5.11704,53.201328242799214
,distance,5.15895,53.1990231685343
,distance,5.20103,53.19664017785008
,distance,5.242958,53.19421189843323
,distance,5.284832,53.19170734597751
,distance,5.327038,53.18880519544803
,distance,5.368765,53.18593599688898
,distance,5.410744,53.18258446779532
,distance,5.997975,53.14500461096151
,distance,6.039964,53.14284761413431
,distance,6.082163,53.14065406315118
,distance,6.124033,53.13827107435183
,distance,6.165883,53.135889238944245
,distance,6.207951,53.13384132889808
,distance,6.249708,53.13193990946322
,distance,6.291765,53.129985084692976
,distance,6.333844,53.12795165302951
,distance,6.375615,53.12593310699094
,distance,6.418211,53.12406009127064
,distance,7.004562,53.100703315190714
,distance,7.046529,53.09961794126163
,distance,7.088463,53.09855087561157
,distance,7.1319,53.097496732991814
,distance,7.173782,53.096480326766134
,distance,7.215885,53.09574408581459
,distance,7.256267,53.095064569676666
,distance,7.302355,53.09436790074352
,distance,7.34007,53.0938529915937
,distance,7.382041,53.093281716357716
,distance,7.423997,53.092724996520474
,distance,8.011068,53.0709242601836
,distance,8.052996,53.067004849373234
,distance,8.096275,53.06222160872133
,distance,8.136998,53.056813967239755
,distance,8.178927,53.05116900833834
,distance,8.220905,53.04330349859503
,distance,8.26282,53.035449737886545
,distance,8.304834,53.02657331705097
,distance,8.352245,53.01594722812259
,distance,8.388633,53.00732394911119
,distance,8.97583,52.745246800646456
,distance,9.017784,52.72115417192287
,distance,9.059698,52.69715392567843
,distance,9.101789,52.672346125954384
,distance,9.143632,52.64716947297257
,distance,9.186966,52.62132848817619
,distance,9.227569,52.59789802687831
,distance,9.269485,52.57370976039533
,distance,9.312846,52.547412746219024
,distance,9.354791,52.52169423747445
,distance,9.396694,52.47815167123118
,distance,9.982518,52.03068534685575
,distance,10.024553,52.00312614784658
,distance,10.066421,51.975676212111736
,distance,10.108346,51.9473072194246
,distance,10.151606,51.9177076061245
,distance,10.192074,51.89043977426318
,distance,10.23405,51.86293355870314
,distance,10.276234,51.835291265796315
,distance,10.318069,51.806079086877716
,distance,10.360089,51.77668091265565
,distance,10.403575,51.74730206809226
,distance,10.989077,51.35265853735682
,distance,11.030991,51.32610864515398
,distance,11.073071,51.299453489726645
,distance,11.115138,51.27249034156686
,distance,11.157078,51.24557109156659
,distance,11.198982,51.219566040516334
,distance,11.24619,51.19122483772505
,distance,11.28273,51.16918748939152
,distance,11.324666,51.14320280666633
,distance,11.366627,51.117202760015324
,distance,11.408622,51.09248038230183
,distance,11.995732,50.87260605661685
,distance,12.03769,50.853000096292966
,distance,12.079777,50.833328314685836
,distance,12.121757,50.81360919373409
,distance,12.163549,50.79397843404719
,distance,12.211096,50.77277614123092
,distance,12.247484,50.75691013551748
,distance,12.289376,50.738531137733766
,distance,12.331249,50.719874449844376
,distance,12.373231,50.701169215559396
,distance,12.416694,50.68293916541003
,distance,13.002441,50.459590762878314
,distance,13.044352,50.4460484204216
,distance,13.086222,50.43253229148245
,distance,13.128126,50.41905492615438
,distance,13.170067,50.40556567521298
,distance,13.214032,50.392327134773346
,distance,13.264334,50.37739081196609
,distance,13.296587,50.367736811615465
,distance,13.342634,50.353878022535206
,distance,13.381254,50.34235389750572
,distance,13.422427,50.33105559072898
,distance,14.00909,50.18670864788583
,distance,14.051563,50.17840085991133
,distance,14.093054,50.170358802635725
,distance,14.134922,50.16236759707634
,distance,14.176872,50.15436078298256
,distance,14.218819,50.147267812215176
,distance,14.260743,50.140192873212186
,distance,14.302686,50.133181483135836
,distance,14.344624,50.12621540509765
,distance,14.386494,50.11944776368905
,distance,14.973718,50.05219666786457
,distance,15.021676,50.04881148775286
,distance,15.057834,50.04628226683855
,distance,15.099686,50.043474135759396
,distance,15.141519,50.04077318306105
,distance,15.183459,50.03816400559105
,distance,15.225435,50.036150590284755
,distance,15.26728,50.03414346475705
,distance,15.309226,50.032521367900394
,distance,15.35117,50.03102516558383
,distance,15.393108,50.0297218884557
,distance,15.980397,50.03504999738647
,distance,16.022246,50.037089987174085
,distance,16.06421,50.039135590428955
,distance,16.106129,50.04167821266769
,distance,16.148025,50.04445139623245
,distance,16.190106,50.04736149701913
,distance,16.232028,50.050551481547615
,distance,16.275325,50.05384607298256
,distance,16.316064,50.057817236911184
,distance,16.358848,50.06203966812847
,distance,16.400886,50.06627207239997
,distance,16.986951,50.14698191368427
,distance,17.028908,50.154140150373514
,distance,17.077029,50.16234998861706
,distance,17.113428,50.16920724193091
,distance,17.155344,50.17711394428938
,distance,17.196747,50.18500503410284
,distance,17.23908,50.19316914530157
,distance,17.280551,50.20124032909754
,distance,17.322645,50.21037447888989
,distance,17.364492,50.2194550307712
,distance,17.406428,50.22862060987856
,distance,17.995072,50.38097563302736
,distance,18.03564,50.39259384497006
,distance,18.077556,50.40459908267411
,distance,18.119522,50.41763263206761
,distance,18.161345,50.430621827496815
,distance,18.203358,50.44362511546069
,distance,18.246705,50.45701232389596
,distance,18.28712,50.46978894182784
,distance,18.329044,50.48402353147781
,distance,18.376842,50.50025259241335
,distance,18.413016,50.51247335041349
,distance,19.00159,50.729737597575316
,distance,19.0421,50.7453615885656
,distance,19.084053,50.76182481084137
,distance,19.131238,50.782062372083
,distance,19.168017,50.7978368060233
,distance,19.209911,50.81605710018348
,distance,19.255852,50.83611856838076
,distance,19.295972,50.85438725417288
,distance,19.335872,50.8734302182926
,distance,19.378249,50.89366626778335
,distance,19.419861,50.914144163435765
,distance,20.006784,51.211054039029996
,distance,20.048857,51.23270708489026
,distance,20.090726,51.25455933158607
,distance,20.132659,51.27710588232648
,distance,20.174655,51.2996862759677
,distance,20.21656,51.321922395937236
,distance,20.25854,51.34417671480555
,distance,20.305986,51.3704872258623
,distance,20.342416,51.39128181208652
,distance,20.384358,51.415078279085655
,distance,20.426148,51.43805151186262
,distance,20.971551,51.74642993158736
,distance,21.013546,51.76964972969866
,distance,21.060944,51.79582170608522
,distance,21.097774,51.8174346769659
,distance,21.139631,51.84318363137659
,distance,21.181216,51.868714275196574
,distance,21.223143,51.89392918769172
,distance,21.266027,51.91971979294147
,distance,21.312438,51.94702329890989
,distance,21.349025,51.96838966247302
,distance,21.396416,51.994882067077604
,distance,21.978235,52.22490435375105
,distance,22.020117,52.232401981841896
,distance,22.061969,52.239894232106984
,distance,22.10403,52.246097441027736
,distance,22.145929,52.25150222791504
,distance,22.187899,52.25641848696064
,distance,22.229853,52.25981995607049
,distance,22.27608,52.263567858221485
,distance,22.313917,52.26618095516537
,distance,22.355851,52.26905716414087
,distance,22.397633,52.271116628868555
,distance,22.984884,52.25129536617879
,distance,23.026762,52.247119090954975
,distance,23.068704,52.242936443695115
,distance,23.116031,52.23747841844397
,distance,23.152621,52.23312808767447
,distance,23.194557,52.22805143547723
,distance,23.236491,52.22284250393485
,distance,23.278514,52.217614336308536
,distance,23.320343,52.21207618113887
,distance,23.362481,52.20649714733588
,distance,23.404137,52.20089077384625
,distance,23.991492,52.12277817387431
,distance,24.033416,52.11825169029162
,distance,24.080828,52.113079405599784
,distance,24.117419,52.10854063440599
,distance,24.159159,52.10336319280091
,distance,24.20114,52.09838581355164
,distance,24.243054,52.0935947306783
,distance,24.285029,52.088763285383465
,distance,24.327083,52.08376940147062
,distance,24.368912,52.07880221585487
,distance,24.416566,52.07347122164232
,distance,24.998058,52.00947461769869
,distance,25.040874,52.00578833657703
,distance,25.082019,52.00222891123786
,distance,25.129972,51.99791904684828
,distance,25.166455,51.99464007424968
,distance,25.207829,51.99126317722024
,distance,25.249735,51.98796908740806
,distance,25.292062,51.98468351368876
,distance,25.333705,51.98152925680778
,distance,25.376943,51.978254184536404
,distance,25.417535,51.975931021264856
,distance,26.004695,51.9480058937036
,distance,26.046659,51.94623046047621
,distance,26.088607,51.94454136509024
,distance,26.136207,51.94289498634371
,distance,26.176423,51.941504005801825
,distance,26.214503,51.939953833609906
,distance,26.256379,51.93824159628335
,distance,26.298401,51.93646420068507
,distance,26.340169,51.9346380265178
,distance,26.382135,51.93283665429411
,distance,26.429634,51.931103714021404
,distance,26.96971,51.921338850524485
,distance,27.011447,51.92126485230539
,distance,27.053259,51.921217933288645
,distance,27.095637,51.921445313003595
,distance,27.141175,51.9220850139309
,distance,27.181155,51.922618779474405
,distance,27.221019,51.92287388370526
,distance,27.262943,51.923142170198005
,distance,27.306181,51.923560032370595
,distance,27.348117,51.92403489718883
,distance,27.388809,51.92454894635857
,distance,27.977369,51.931531488235926
,distance,28.023667,51.930168974214666
,distance,28.059971,51.92909881270224
,distance,28.101908,51.92724939224647
,distance,28.143833,51.924959686464895
,distance,28.191643,51.92202243956409
,distance,28.227809,51.919212533626386
,distance,28.269916,51.915941049637546
,distance,28.312625,51.91092774420901
,distance,28.354995,51.905590390644335
,distance,28.397003,51.89949258179408
,distance,28.982683,51.705250646920824
,distance,29.026125,51.684712125991545
,distance,29.066609,51.66557211682167
,distance,29.108543,51.64505675781241
,distance,29.151647,51.62371988137305
,distance,29.192396,51.60402265965268
,distance,29.234338,51.584596609708484
,distance,29.277549,51.56458178226372
,distance,29.318273,51.54449106665723
,distance,29.360158,51.52382741608446
,distance,29.402091,51.50394023771506
,distance,29.989302,51.23250931098491
,distance,30.031219,51.213370064556024
,distance,30.073166,51.1942172104542
,distance,30.116676,51.17329134198299
,distance,30.157139,51.153721555598416
,distance,30.199085,51.13384585452721
,distance,30.241035,51.114356962742136
,distance,30.288629,51.09197174154537
,distance,30.324712,51.07431784653092
,distance,30.366821,51.053715803307114
,distance,30.40869,51.03396644537456
,distance,30.995956,50.66833415492882
,distance,31.043584,50.649560229908005
,distance,31.079884,50.635099221294155
,distance,31.121779,50.61589310700324
,distance,31.163705,50.59667289315255
,distance,31.21112,50.576118681688094
,distance,31.247646,50.56065906755033
,distance,31.289582,50.54263168841669
,distance,31.331656,50.52385508881583
,distance,31.373414,50.50521946985468
,distance,31.415488,50.48843107421474
,distance,32.002606,50.27702932598379
,distance,32.044587,50.26481122815148
,distance,32.086516,50.252526581274516
,distance,32.128394,50.23995853622409
,distance,32.170367,50.227361941907944
,distance,32.216367,50.21456900249444
,distance,32.256187,50.203655924064876
,distance,32.296182,50.19265773444556
,distance,32.338041,50.18110256013493
,distance,32.385557,50.16821133504907
,distance,32.425939,50.15819653454264
,distance,32.967226,50.04128676937559
,distance,33.009175,50.03423337271103
,distance,33.052652,50.027188190442885
,distance,33.093084,50.02082348971904
,distance,33.135145,50.01451301514028
,distance,33.176982,50.0082361645666
,distance,33.220265,50.00235267309988
,distance,33.260853,49.996842634261704
,distance,33.302883,50.01661041732444
,distance,33.344757,50.05297092705857
,distance,33.38762,50.08029646482521
,distance,33.97396,50.03353616285526
,distance,34.021238,50.03185911116992
,distance,34.057859,50.03060098802693
,distance,34.105097,50.029296811372255
,distance,34.141721,50.02846171625718
,distance,34.183719,50.027578936957916
,distance,34.225588,50.02712919936843
,distance,34.26762,50.02667771006344
,distance,34.309931,50.026625613412875
,distance,34.353993,50.02669924224621
,distance,34.393493,50.026965173729415
,distance,34.980761,50.05365759224845
,distance,35.022548,50.05709237322517
,distance,35.064538,50.06054383151099
,distance,35.107792,50.06456320582596
,distance,35.14987,50.068666749809346
,distance,35.190314,50.07266325484888
,distance,35.232191,50.076918371927356
,distance,35.274071,50.08117380393949
,distance,35.322086,50.08693792353647
,distance,35.358227,50.09132808068835
,distance,35.408904,50.097652112270325
,distance,35.987694,50.188715315662186
,distance,36.029105,50.19656754296428
,distance,36.071051,50.20452121766153
,distance,36.114511,50.214021514275764
,distance,36.155051,50.22308867636575
,distance,36.196894,50.232771239421304
,distance,36.23892,50.24287329918054
,distance,36.286511,50.25447115809547
,distance,36.322832,50.263840121418944
,distance,36.364702,50.27464049599319
,distance,36.406654,50.28547049696373
,distance,36.993902,50.45998819147573
,distance,37.036158,50.473735364463835
,distance,37.078224,50.48744047816862
,distance,37.119839,50.50213123799822
,distance,37.161934,50.516991423076966
,distance,37.203817,50.53178410148419
,distance,37.24569,50.546577575472504
,distance,37.291537,50.56317570753537
,distance,37.334735,50.57967120826333
,distance,37.371895,50.59386106251981
,distance,37.413571,50.60999357043399
,distance,38.005987,50.86584429792227
,distance,38.042643,50.88217972815043
,distance,38.090609,50.90402977806819
,distance,38.126561,50.92135381512056
,distance,38.175102,50.94474403388069
,distance,38.210414,50.961499830750746
,distance,38.261048,50.985498730141735
,distance,38.294187,51.00160437814792
,distance,38.342027,51.025423324843935
,distance,38.378196,51.04343580572297
,distance,38.42031,51.06467507945185
,distance,38.967568,51.36370069925217
,distance,39.007296,51.385211480640855
,distance,39.050743,51.40818439465402
,distance,39.090972,51.43021156799747
,distance,39.133401,51.45502870846983
,distance,39.174947,51.479329452722986
,distance,39.217868,51.50417963077257
,distance,39.270837,51.53482747640644
,distance,39.301754,51.554121284591446
,distance,39.342754,51.58022039238435
,distance,39.385831,51.60751006610524
,distance,39.973092,51.9896972479139
,distance,40.014184,52.0171301155868
,distance,40.056185,52.04505783231432
,distance,40.110488,52.08201518966045
,distance,40.139832,52.10228310436108
,distance,40.18167,52.13120178564556
,distance,40.223925,52.16060353782986
,distance,40.266006,52.18988435181328
,distance,40.309034,52.221682510535445
,distance,40.350738,52.253160057108545
,distance,40.391379,52.27022054814346
,distance,40.980262,52.643855182788094
,distance,41.020679,52.675138437000406
,distance,41.07453,52.71681973182036
,distance,41.104714,52.73996148547678
,distance,41.146318,52.771825413267656
,distance,41.198232,52.83090319776388
,distance,41.230169,52.8851398846853
,distance,41.278336,52.96617906164424
,distance,41.31412,52.99387765494495
,distance,41.356487,53.026672200332534
,distance,41.404052,53.06116937841309
,distance,41.985095,53.35456735089483
,distance,42.034153,53.36652130058484
,distance,42.069074,53.375030481282856
,distance,42.116915,53.384562932328485
,distance,42.154257,53.39164814133723
,distance,42.195085,53.398265449934144
,distance,42.236903,53.40351220561368
,distance,42.280082,53.4089911082447
,distance,42.320792,53.415071381022635
,distance,42.366534,53.421903221807895
,distance,42.404836,53.42720704857327
,distance,42.446422,53.43278378602664
,distance,42.488455,53.42826404818321
,distance,42.530383,53.39496875816377
,distance,42.572289,53.361690886454916
,distance,42.615139,53.3575424885929
,distance,42.657629,53.3575424885929
,power,0.0,7694.616624627895
,power,0.042225,8427.120267327387
,power,0.089267,7401.634008784817
,power,0.125933,7695.058479309953
,power,0.168538,7015.743011256897
,power,0.212264,6777.110372422747
,power,0.254582,7642.707635386821
,power,0.294575,6409.474003379684
,power,0.336473,5739.877524825769
,power,0.378518,6027.587991891947
,power,0.420419,5087.890820369478
,power,1.012272,4959.549173059988
,power,1.04865,6504.241846672063
,power,1.090638,5683.204465792164
,power,1.132508,6276.82881716556
,power,1.174465,6732.133391429495
,power,1.217975,6309.779710893241
,power,1.258376,5761.118033854193
,power,1.300332,4883.362775792926
,power,1.3422,4486.896477522074
,power,1.384111,4822.721638245359
,power,1.426115,3829.2195027185367
,power,2.017448,5043.285040526661
,power,2.05532,5377.008926903507
,power,2.097162,5060.1981186510875
,power,2.139052,4469.567316866365
,power,2.180985,3812.5336719824522
,power,2.22305,4169.012472996453
,power,2.265013,4111.162487666961
,power,2.306928,3940.931488874173
,power,2.348881,3710.690636525767
,power,2.390792,3538.3612025908265
,power,2.977947,4897.7892972238
,power,3.019958,4927.717930239109
,power,3.067617,4254.2243711398205
,power,3.105041,4435.093009171284
,power,3.146037,3078.423135308075
,power,3.187783,3498.1186372105794
,power,3.23061,3432.442861869663
,power,3.273102,1951.5135151978834
,power,3.313705,2584.3250569539427
,power,3.355523,2024.6197173790438
,power,3.397458,1419.0352356442738
,power,3.984635,4030.6696714069735
,power,4.032439,4019.678718504751
,power,4.069649,3681.0988848440347
,power,4.110495,4512.7819579501065
,power,4.152405,4273.623755081862
,power,4.19439,4263.109194003831
,power,4.23928,4278.490037384685
,power,4.278297,4234.274672243169
,power,4.320843,4248.411585522288
,power,4.362035,4131.961761681732
,power,4.404015,4806.289733255789
,power,4.991238,2842.4427874629246
,power,5.033185,1582.1697127678815
,power,5.076606,3239.968209720583
,power,5.11704,2891.718693095855
,power,5.15895,2919.5725714563087
,power,5.20103,2474.5686492801124
,power,5.242958,2657.988148957779
,power,5.284832,3302.744616224512
,power,5.327038,2897.613673352609
,power,5.368765,3655.057044698482
,power,5.410744,3946.413054914551
,power,5.997975,5387.252824956334
,power,6.039964,4529.854964565643
,power,6.082163,4392.334800536043
,power,6.124033,4811.330377348868
,power,6.165883,4285.092414406018
,power,6.207951,5024.492213149503
,power,6.249708,4438.4596427139
,power,6.291765,4778.473814932964
,power,6.333844,4535.612968497202
,power,6.375615,4810.684046993732
,power,6.418211,4132.567361822431
,power,7.004562,2316.2135048393097
,power,7.046529,2848.950684023857
,power,7.088463,2918.3803727410177
,power,7.1319,2698.8949590526863
,power,7.173782,3433.9088514402943
,power,7.215885,4150.186983739408
,power,7.256267,3790.2319190255366
,power,7.302355,4189.760136332388
,power,7.34007,3968.0940009027004
,power,7.382041,3566.235690472518
,power,7.423997,4704.386251149028
,power,8.011068,4197.7827480707
,power,8.052996,4378.0223845933
,power,8.096275,4054.260228451055
,power,8.136998,4671.279268037825
,power,8.178927,4444.235029788591
,power,8.220905,3745.6219777227916
,power,8.26282,3471.740197653044
,power,8.304834,3493.251350819176
,power,8.352245,3230.2897702837745
,power,8.388633,2517.665784015027
,power,8.97583,5398.979996258552
,power,9.017784,5120.959675685798
,power,9.059698,5503.6788605441
,power,9.101789,5642.042626567084
,power,9.143632,6319.023975267066
,power,9.186966,6075.745304075871
,power,9.227569,5554.096506183521
,power,9.269485,6414.850426939041
,power,9.312846,6389.515865854001
,power,9.354791,6746.789532807437
,power,9.396694,6526.786728551807
,power,9.982518,6383.881656171267
,power,10.024553,6182.283154304728
,power,10.066421,5954.202885357537
,power,10.108346,6874.5892240918665
,power,10.151606,6858.0088218082665
,power,10.192074,6660.912925417957
,power,10.23405,6562.674835766282
,power,10.276234,7626.868623491558
,power,10.318069,7780.332126586884
,power,10.360089,7067.656259326709
,power,10.403575,6848.459388796871
,power,10.989077,11675.081926907407
,power,11.030991,12151.739669693388
,power,11.073071,11830.095392683865
,power,11.115138,12055.234962455108
,power,11.157078,12377.400454053346
,power,11.198982,12450.891454028502
,power,11.24619,12537.006022172916
,power,11.28273,12121.464639225742
,power,11.324666,12081.9609335571
,power,11.366627,11504.65231982262
,power,11.408622,12965.091052514827
,power,11.995732,14773.000947674782
,power,12.03769,14934.266135301059
,power,12.079777,14389.428341668057
,power,12.121757,14247.497639936635
,power,12.163549,14757.379509926552
,power,12.211096,14799.147340303089
,power,12.247484,14287.916293147857
,power,12.289376,15652.233067521069
,power,12.331249,16994.704734122333
,power,12.373231,16311.743162519451
,power,12.416694,17120.40566108175
,power,13.002441,22964.939995567158
,power,13.044352,23577.99705233674
,power,13.086222,23694.648551941005
,power,13.128126,24956.953820528663
,power,13.170067,24864.682624155892
,power,13.214032,25592.316522737838
,power,13.264334,24920.303549515604
,power,13.296587,26201.60500809063
,power,13.342634,26268.277788998654
,power,13.381254,27099.3955836657
,power,13.422427,27338.803265688133
,power,14.00909,35022.2362792555
,power,14.051563,35753.288813758096
,power,14.093054,35904.58135113123
,power,14.134922,36533.78614378751
,power,14.176872,38476.667345288624
,power,14.218819,39326.25636899602
,power,14.260743,40495.31855659368
,power,14.302686,42564.26588113555
,power,14.344624,41578.201368024565
,power,14.386494,43623.71998122122
,power,14.973718,45049.54158479307
,power,15.021676,44543.962744686294
,power,15.057834,45044.69927749546
,power,15.099686,44371.38233140815
,power,15.141519,44790.87552169526
,power,15.183459,43626.59230331885
,power,15.225435,44675.85393699823
,power,15.26728,43791.57897358806
,power,15.309226,44023.681354471024
,power,15.35117,44496.12632578256
,power,15.393108,45832.10474110916
,power,15.980397,43986.51743432298
,power,16.022246,42393.35684986505
,power,16.06421,42665.30704213905
,power,16.106129,41165.7503879135
,power,16.148025,41687.24459591927
,power,16.190106,41469.1554772942
,power,16.232028,41562.421981881664
,power,16.275325,39667.204590190115
,power,16.316064,40343.67729892753
,power,16.358848,40667.41355188451
,power,16.400886,40626.47934537276
,power,16.986951,31530.841298639658
,power,17.028908,32058.08872967944
,power,17.077029,30525.94244245376
,power,17.113428,30224.366081028067
,power,17.155344,31344.22557665128
,power,17.196747,30189.975157326644
,power,17.23908,30787.491697116217
,power,17.280551,30184.494297569407
,power,17.322645,29551.366804261357
,power,17.364492,29650.68641701234
,power,17.406428,28347.46990473753
,power,17.995072,23443.5988918084
,power,18.03564,22070.712267618368
,power,18.077556,21839.62421837885
,power,18.119522,19791.69320699975
,power,18.161345,19443.33471912676
,power,18.203358,18815.302309556442
,power,18.246705,19245.992751739257
,power,18.28712,18735.83795830867
,power,18.329044,17685.68879065783
,power,18.376842,19209.039799011298
,power,18.413016,18353.428126647075
,power,19.00159,16744.356661275466
,power,19.0421,16398.167245152734
,power,19.084053,15367.435830352442
,power,19.131238,15187.401785690663
,power,19.168017,14733.827235311264
,power,19.209911,13845.392374360503
,power,19.255852,13357.000598936871
,power,19.295972,13620.19221597111
,power,19.335872,13888.99049607278
,power,19.378249,14956.847963391217
,power,19.419861,13698.591934939883
,power,20.006784,5778.444859994772
,power,20.048857,4444.953318090079
,power,20.090726,4236.769642074018
,power,20.132659,3232.222919292542
,power,20.174655,3540.4955867787776
,power,20.21656,3062.0493137766416
,power,20.25854,3351.6111051254143
,power,20.305986,4194.338207631807
,power,20.342416,4833.93773232548
,power,20.384358,4961.561246220789
,power,20.426148,4432.047833676889
,power,20.971551,5345.869901147988
,power,21.013546,5303.961726860403
,power,21.060944,4590.161870784079
,power,21.097774,4976.717191080884
,power,21.139631,5535.648110203539
,power,21.181216,6223.097942343507
,power,21.223143,5663.325259951082
,power,21.266027,5358.293198398162
,power,21.312438,4377.628695995128
,power,21.349025,4889.481056308533
,power,21.396416,3675.136596100885
,power,21.978235,770.7197934398728
,power,22.020117,1199.9770831145067
,power,22.061969,747.9204503154062
,power,22.10403,1978.2944674643356
,power,22.145929,1442.7647070815115
,power,22.187899,1652.564673469695
,power,22.229853,1847.7277938051373
,power,22.27608,3008.0134640656115
,power,22.313917,2637.3670582609466
,power,22.355851,2697.7472083203056
,power,22.397633,2829.1065727540204
,power,22.984884,700.1514121959622
,power,23.026762,584.455301969278
,power,23.068704,1215.7927454957116
,power,23.116031,1718.2979951102777
,power,23.152621,1469.8574760839908
,power,23.194557,1709.3255980064184
,power,23.236491,2493.7074808405255
,power,23.278514,2380.232131536754
,power,23.320343,2834.1224391334963
,power,23.362481,2455.1712771210077
,power,23.404137,2713.008846281191
,power,23.991492,3915.7755298280313
,power,24.033416,4155.7084835199885
,power,24.080828,3533.79470258248
,power,24.117419,3287.550455886571
,power,24.159159,2243.27350093563
,power,24.20114,1918.4496344705015
,power,24.243054,2271.588871252895
,power,24.285029,2627.194701578092
,power,24.327083,3145.495986327117
,power,24.368912,2416.881461718799
,power,24.416566,2515.5428837529284
,power,24.998058,4672.048158998364
,power,25.040874,5288.236946279922
,power,25.082019,6033.02328853453
,power,25.129972,5602.576996347307
,power,25.166455,5258.0547733929125
,power,25.207829,4859.84073813124
,power,25.249735,5389.1164396401755
,power,25.292062,5372.335897912565
,power,25.333705,5205.851515362304
,power,25.376943,4869.55531850702
,power,25.417535,3482.4798635455163
,power,26.004695,5461.347818991207
,power,26.046659,6086.671093463159
,power,26.088607,5859.726700111532
,power,26.136207,5696.42870577698
,power,26.176423,6055.266550697831
,power,26.214503,6330.0209320349
,power,26.256379,6004.707819702804
,power,26.298401,6129.158261947558
,power,26.340169,5146.895957759395
,power,26.382135,6136.879500202037
,power,26.429634,6081.7236043740095
,power,26.96971,5241.926840389896
,power,27.011447,5165.307541666808
,power,27.053259,5328.153901681144
,power,27.095637,5767.812236888437
,power,27.141175,6206.348523890679
,power,27.181155,6716.536681951495
,power,27.221019,6426.192963178121
,power,27.262943,4962.6328697577455
,power,27.306181,5899.157990764445
,power,27.348117,4631.91461492977
,power,27.388809,5025.770488193825
,power,27.977369,5281.615283225388
,power,28.023667,6315.757515927919
,power,28.059971,5838.6548108275765
,power,28.101908,5498.063750085116
,power,28.143833,5309.009417961132
,power,28.191643,6398.746830434848
,power,28.227809,5802.882904212354
,power,28.269916,5514.592006667401
,power,28.312625,5963.47423906568
,power,28.354995,5728.384152621051
,power,28.397003,4405.013620864299
,power,28.982683,6730.209060645888
,power,29.026125,6942.657992440647
,power,29.066609,7694.757760969478
,power,29.108543,7921.5902443890645
,power,29.151647,8040.745052543327
,power,29.192396,7186.087739514456
,power,29.234338,8141.369970711318
,power,29.277549,8365.86456978596
,power,29.318273,8341.792732980124
,power,29.360158,8033.635789603608
,power,29.402091,8689.203070477753
,power,29.989302,10887.342559137192
,power,30.031219,11313.038539667405
,power,30.073166,12419.133383614173
,power,30.116676,11575.512818013724
,power,30.157139,11530.002992193888
,power,30.199085,12320.94383559961
,power,30.241035,13349.371370967247
,power,30.288629,13221.373983062427
,power,30.324712,12159.236530308965
,power,30.366821,13437.115948000152
,power,30.40869,13500.75023841268
,power,30.995956,14789.138751124081
,power,31.043584,14614.618195491801
,power,31.079884,14667.940687090333
,power,31.121779,14398.640283026729
,power,31.163705,15218.2491765643
,power,31.21112,13815.948212120658
,power,31.247646,15807.416993297797
,power,31.289582,16331.22007077242
,power,31.331656,15768.207824607083
,power,31.373414,16401.913607869054
,power,31.415488,16989.199863442656
,power,32.002606,23326.088506219814
,power,32.044587,23361.977399184343
,power,32.086516,23846.01570493486
,power,32.128394,24225.61557525422
,power,32.170367,24457.84111486539
,power,32.216367,24322.90042326367
,power,32.256187,24396.363192082546
,power,32.296182,25539.780186994565
,power,32.338041,25401.663823458497
,power,32.385557,26424.34623599986
,power,32.425939,26699.057380364575
,power,32.967226,33455.17696859486
,power,33.009175,35990.479421647055
,power,33.052652,36170.009261818
,power,33.093084,35394.3788192419
,power,33.135145,36229.74203606755
,power,33.176982,36074.84954923583
,power,33.220265,36702.85581531769
,power,33.260853,37592.69111143814
,power,33.302883,39024.59742265127
,power,33.344757,37095.671297336026
,power,33.38762,39132.08721752521
,power,33.97396,46340.18946875379
,power,34.021238,45480.196624465025
,power,34.057859,46425.195971584224
,power,34.105097,46333.02257569649
,power,34.141721,46873.872519773744
,power,34.183719,47305.439264422865
,power,34.225588,48434.93104155306
,power,34.26762,47635.839753278204
,power,34.309931,48544.10791228942
,power,34.353993,48433.059659699386
,power,34.393493,49223.25841510292
,power,34.980761,45384.00878062668
,power,35.022548,45010.52971250172
,power,35.064538,45678.85949758378
,power,35.107792,43640.40338951967
,power,35.14987,43970.310551552844
,power,35.190314,43182.40939317768
,power,35.232191,43038.082485166546
,power,35.274071,43045.3562187607
,power,35.322086,42104.85825887554
,power,35.358227,42180.31627430027
,power,35.408904,43254.99292567275
,power,35.987694,37214.36819294397
,power,36.029105,35903.65230725142
,power,36.071051,34675.3160908448
,power,36.114511,34325.00209759644
,power,36.155051,33781.171101665495
,power,36.196894,32354.256906935752
,power,36.23892,31914.199222289753
,power,36.286511,31103.676711925873
,power,36.322832,30218.262689969455
,power,36.364702,29989.131447909593
,power,36.406654,28942.44664847808
,power,36.993902,23006.898378529862
,power,37.036158,23068.542758483898
,power,37.078224,22059.268641548388
,power,37.119839,21156.034789156496
,power,37.161934,20499.886950907803
,power,37.203817,18187.052235037983
,power,37.24569,18327.619594480893
,power,37.291537,17468.361857941916
,power,37.334735,16185.249241207255
,power,37.371895,16466.557047543363
,power,37.413571,15446.19597182426
,power,38.005987,14662.08256012767
,power,38.042643,13261.10195270363
,power,38.090609,13931.85601418562
,power,38.126561,12510.10331691949
,power,38.175102,13021.115927600062
,power,38.210414,12507.011833367713
,power,38.261048,12124.734141415225
,power,38.294187,11808.665038860236
,power,38.342027,10809.223515128178
,power,38.378196,11747.326674609845
,power,38.42031,11227.97826859315
,power,38.967568,8798.488336072282
,power,39.007296,9626.407689268099
,power,39.050743,9548.898261056089
,power,39.090972,9820.298366139392
,power,39.133401,10294.035408915204
,power,39.174947,10239.320924748867
,power,39.217868,10973.616814888335
,power,39.270837,11380.816183385092
,power,39.301754,11488.023024002
,power,39.342754,11127.773586841171
,power,39.385831,10283.610309614032
,power,39.973092,9509.896424251949
,power,40.014184,9193.612565254205
,power,40.056185,9123.669930461097
,power,40.110488,8640.398717651866
,power,40.139832,8564.709919197496
,power,40.18167,6689.019360115502
,power,40.223925,6607.598656092848
,power,40.266006,5828.608924949417
,power,40.309034,5264.392462573435
,power,40.350738,5776.573811525306
,power,40.391379,5314.8592643643915
,power,40.980262,3342.064332115706
,power,41.020679,4314.97126294023
,power,41.07453,5157.82667409443
,power,41.104714,4143.278532756397
,power,41.146318,4756.647243595009
,power,41.198232,5211.22643914079
,power,41.230169,3705.657971265022
,power,41.278336,2473.0202182756207
,power,41.31412,1917.3327828001065
,power,41.356487,2532.1542212116547
,power,41.404052,1727.6029636464507
,power,41.985095,2025.777134829989
,power,42.034153,1706.6891925596763
,power,42.069074,2026.2174118292437
,power,42.116915,2158.4431889674556
,power,42.154257,2509.191303986207
,power,42.195085,1257.6326967759705
,power,42.236903,1551.0099935203511
,power,42.280082,2283.705760381578
,power,42.320792,1729.6696216329867
,power,42.366534,2306.858686612598
,power,42.404836,1610.1409876156808
,power,42.446422,1278.7196721721302
,power,42.488455,0.0
,power,42.530383,0.0
,power,42.572289,0.0
,power,42.615139,0.0
,power,42.657629,0.0
2.5ms,distance,0.0,52.03895148982616
2.5ms,distance,0.042225,52.05005183498269
2.5ms,distance,0.089267,52.06264096667929
2.5ms,distance,0.125933,52.072973690686204
2.5ms,distance,0.168538,52.08498007034253
2.5ms,distance,0.212264,52.097042329584845
2.5ms,distance,0.254582,52.10865121848729
2.5ms,distance,0.294575,52.119851627835445
2.5ms,distance,0.336473,52.131908452841905
2.5ms,distance,0.378518,52.14399225002494
2.5ms,distance,0.420419,52.1554124102478
2.5ms,distance,1.012272,52.41752748950723
2.5ms,distance,1.04865,52.427736556970466
2.5ms,distance,1.090638,52.43974482369611
2.5ms,distance,1.132508,52.452212580601284
2.5ms,distance,1.174465,52.46470617947709
2.5ms,distance,1.217975,52.4770546602331
2.5ms,distance,1.258376,52.48847829019088
2.5ms,distance,1.300332,52.500771182680616
2.5ms,distance,1.3422,52.513397890302684
2.5ms,distance,1.384111,52.52594294064145
2.5ms,distance,1.426115,52.5380088501862
2.5ms,distance,2.017448,52.71367611067949
2.5ms,distance,2.05532,52.72484694899684
2.5ms,distance,2.097162,52.73748737018878
2.5ms,distance,2.139052,52.750479924700485
2.5ms,distance,2.180985,52.763439739363385
2.5ms,distance,2.22305,52.7759277673049
2.5ms,distance,2.265013,52.78838557194392
2.5ms,distance,2.306928,52.80140795264284
2.5ms,distance,2.348881,52.81468840506813
2.5ms,distance,2.390792,52.827788174274126
2.5ms,distance,2.977947,53.01568077695416
2.5ms,distance,3.019958,53.02879241587655
2.5ms,distance,3.067617,53.043666763513315
2.5ms,distance,3.105041,53.05568994304992
2.5ms,distance,3.146037,53.06899573429894
2.5ms,distance,3.187783,53.08215881421904
2.5ms,distance,3.23061,53.09444829005661
2.5ms,distance,3.273102,53.10664171000078
2.5ms,distance,3.313705,53.117750020112524
2.5ms,distance,3.355523,53.12912257203409
2.5ms,distance,3.397458,53.13936807033817
2.5ms,distance,3.984635,53.20282921114438
2.5ms,distance,4.032439,53.159256062782646
2.5ms,distance,4.069649,53.12533939604209
2.5ms,distance,4.110495,53.150620374060864
2.5ms,distance,4.152405,53.19185337502667
2.5ms,distance,4.19439,53.217151357202106
2.5ms,distance,4.23928,53.218736113535535
2.5ms,distance,4.278297,53.220107983494835
2.5ms,distance,4.320843,53.22130904801179
2.5ms,distance,4.362035,53.222471890017296
2.5ms,distance,4.404015,53.22350980883736
2.5ms,distance,4.991238,53.20804721463158
2.5ms,distance,5.033185,53.20583744414396
2.5ms,distance,5.076606,53.20355002855688
2.5ms,distance,5.11704,53.201328242799214
2.5ms,distance,5.15895,53.1990231685343
2.5ms,distance,5.20103,53.19664017785008
2.5ms,distance,5.242958,53.19421189843323
2.5ms,distance,5.284832,53.19170734597751
2.5ms,distance,5.327038,53.18880519544803
2.5ms,distance,5.368765,53.18593599688898
2.5ms,distance,5.410744,53.18258446779532
2.5ms,distance,5.997975,53.14500461096151
2.5ms,distance,6.039964,53.14284761413431
2.5ms,distance,6.082163,53.14065406315118
2.5ms,distance,6.124033,53.13827107435183
2.5ms,distance,6.165883,53.135889238944245
2.5ms,distance,6.207951,53.13384132889808
2.5ms,distance,6.249708,53.13193990946322
2.5ms,distance,6.291765,53.129985084692976
2.5ms,distance,6.333844,53.12795165302951
2.5ms,distance,6.375615,53.12593310699094
2.5ms,distance,6.418211,53.12406009127064
2.5ms,distance,7.004562,53.100703315190714
2.5ms,distance,7.046529,53.09961794126163
2.5ms,distance,7.088463,53.09855087561157
2.5ms,distance,7.1319,53.097496732991814
2.5ms,distance,7.173782,53.096480326766134
2.5ms,distance,7.215885,53.09574408581459
2.5ms,distance,7.256267,53.095064569676666
2.5ms,distance,7.302355,53.09436790074352
2.5ms,distance,7.34007,53.0938529915937
2.5ms,distance,7.382041,53.093281716357716
2.5ms,distance,7.423997,53.092724996520474
2.5ms,distance,8.011068,53.0709242601836
2.5ms,distance,8.052996,53.067004849373234
2.5ms,distance,8.096275,53.06222160872133
2.5ms,distance,8.136998,53.056813967239755
2.5ms,distance,8.178927,53.05116900833834
2.5ms,distance,8.220905,53.04330349859503
2.5ms,distance,8.26282,53.035449737886545
2.5ms,distance,8.304834,53.02657331705097
2.5ms,distance,8.352245,53.01594722812259
2.5ms,distance,8.388633,53.00732394911119
2.5ms,distance,8.97583,52.745246800646456
2.5ms,distance,9.017784,52.72115417192287
2.5ms,distance,9.059698,52.69715392567843
2.5ms,distance,9.101789,52.672346125954384
2.5ms,distance,9.143632,52.64716947297257
2.5ms,distance,9.186966,52.62132848817619
2.5ms,distance,9.227569,52.59789802687831
2.5ms,distance,9.269485,52.57370976039533
2.5ms,distance,9.312846,52.547412746219024
2.5ms,distance,9.354791,52.52169423747445
2.5ms,distance,9.396694,52.47815167123118
2.5ms,distance,9.982518,52.03068534685575
2.5ms,distance,10.024553,52.00312614784658
2.5ms,distance,10.066421,51.975676212111736
2.5ms,distance,10.108346,51.9473072194246
2.5ms,distance,10.151606,51.9177076061245
2.5ms,distance,10.192074,51.89043977426318
2.5ms,distance,10.23405,51.86293355870314
2.5ms,distance,10.276234,51.835291265796315
2.5ms,distance,10.318069,51.806079086877716
2.5ms,distance,10.360089,51.77668091265565
2.5ms,distance,10.403575,51.74730206809226
2.5ms,distance,10.989077,51.35265853735682
2.5ms,distance,11.030991,51.32610864515398
2.5ms,distance,11.073071,51.299453489726645
2.5ms,distance,11.115138,51.27249034156686
2.5ms,distance,11.157078,51.24557109156659
2.5ms,distance,11.198982,51.219566040516334
2.5ms,distance,11.24619,51.19122483772505
2.5ms,distance,11.28273,51.16918748939152
2.5ms,distance,11.324666,51.14320280666633
2.5ms,distance,11.366627,51.117202760015324
2.5ms,distance,11.408622,51.09248038230183
2.5ms,distance,11.995732,50.87260605661685
2.5ms,distance,12.03769,50.853000096292966
2.5ms,distance,12.079777,50.833328314685836
2.5ms,distance,12.121757,50.81360919373409
2.5ms,distance,12.163549,50.79397843404719
2.5ms,distance,12.211096,50.77277614123092
2.5ms,distance,12.247484,50.75691013551748
2.5ms,distance,12.289376,50.738531137733766
2.5ms,distance,12.331249,50.719874449844376
2.5ms,distance,12.373231,50.701169215559396
2.5ms,distance,12.416694,50.68293916541003
2.5ms,distance,13.002441,50.459590762878314
2.5ms,distance,13.044352,50.4460484204216
2.5ms,distance,13.086222,50.43253229148245
2.5ms,distance,13.128126,50.41905492615438
2.5ms,distance,13.170067,50.40556567521298
2.5ms,distance,13.214032,50.392327134773346
2.5ms,distance,13.264334,50.37739081196609
2.5ms,distance,13.296587,50.367736811615465
2.5ms,distance,13.342634,50.353878022535206
2.5ms,distance,13.381254,50.34235389750572
2.5ms,distance,13.422427,50.33105559072898
2.5ms,distance,14.00909,50.18670864788583
2.5ms,distance,14.051563,50.17840085991133
2.5ms,distance,14.093054,50.170358802635725
2.5ms,distance,14.134922,50.16236759707634
2.5ms,distance,14.176872,50.15436078298256
2.5ms,distance,14.218819,50.147267812215176
2.5ms,distance,14.260743,50.140192873212186
2.5ms,distance,14.302686,50.133181483135836
2.5ms,distance,14.344624,50.12621540509765
2.5ms,distance,14.386494,50.11944776368905
2.5ms,distance,14.973718,50.05219666786457
2.5ms,distance,15.021676,50.04881148775286
2.5ms,distance,15.057834,50.04628226683855
2.5ms,distance,15.099686,50.043474135759396
2.5ms,distance,15.141519,50.04077318306105
2.5ms,distance,15.183459,50.03816400559105
2.5ms,distance,15.225435,50.036150590284755
2.5ms,distance,15.26728,50.03414346475705
2.5ms,distance,15.309226,50.032521367900394
2.5ms,distance,15.35117,50.03102516558383
2.5ms,distance,15.393108,50.0297218884557
2.5ms,distance,15.980397,50.03504999738647
2.5ms,distance,16.022246,50.037089987174085
2.5ms,distance,16.06421,50.039135590428955
2.5ms,distance,16.106129,50.04167821266769
2.5ms,distance,16.148025,50.04445139623245
2.5ms,distance,16.190106,50.04736149701913
2.5ms,distance,16.232028,50.050551481547615
2.5ms,distance,16.275325,50.05384607298256
2.5ms,distance,16.316064,50.057817236911184
2.5ms,distance,16.358848,50.06203966812847
2.5ms,distance,16.400886,50.06627207239997
2.5ms,distance,16.986951,50.14698191368427
2.5ms,distance,17.028908,50.154140150373514
2.5ms,distance,17.077029,50.16234998861706
2.5ms,distance,17.113428,50.16920724193091
2.5ms,distance,17.155344,50.17711394428938
2.5ms,distance,17.196747,50.18500503410284
2.5ms,distance,17.23908,50.19316914530157
2.5ms,distance,17.280551,50.20124032909754
2.5ms,distance,17.322645,50.21037447888989
2.5ms,distance,17.364492,50.2194550307712
2.5ms,distance,17.406428,50.22862060987856
2.5ms,distance,17.995072,50.38097563302736
2.5ms,distance,18.03564,50.39259384497006
2.5ms,distance,18.077556,50.40459908267411
2.5ms,distance,18.119522,50.41763263206761
2.5ms,distance,18.161345,50.430621827496815
2.5ms,distance,18.203358,50.44362511546069
2.5ms,distance,18.246705,50.45701232389596
2.5ms,distance,18.28712,50.46978894182784
2.5ms,distance,18.329044,50.48402353147781
2.5ms,distance,18.376842,50.50025259241335
2.5ms,distance,18.413016,50.51247335041349
2.5ms,distance,19.00159,50.729737597575316
2.5ms,distance,19.0421,50.7453615885656
2.5ms,distance,19.084053,50.76182481084137
2.5ms,distance,19.131238,50.782062372083
2.5ms,distance,19.168017,50.7978368060233
2.5ms,distance,19.209911,50.81605710018348
2.5ms,distance,19.255852,50.83611856838076
2.5ms,distance,19.295972,50.85438725417288
2.5ms,distance,19.335872,50.8734302182926
2.5ms,distance,19.378249,50.89366626778335
2.5ms,distance,19.419861,50.914144163435765
2.5ms,distance,20.006784,51.211054039029996
2.5ms,distance,20.048857,51.23270708489026
2.5ms,distance,20.090726,51.25455933158607
2.5ms,distance,20.132659,51.27710588232648
2.5ms,distance,20.174655,51.2996862759677
2.5ms,distance,20.21656,51.321922395937236
2.5ms,distance,20.25854,51.34417671480555
2.5ms,distance,20.305986,51.3704872258623
2.5ms,distance,20.342416,51.39128181208652
2.5ms,distance,20.384358,51.415078279085655
2.5ms,distance,20.426148,51.43805151186262
2.5ms,distance,20.971551,51.74642993158736
2.5ms,distance,21.013546,51.76964972969866
2.5ms,distance,21.060944,51.79582170608522
2.5ms,distance,21.097774,51.8174346769659
2.5ms,distance,21.139631,51.84318363137659
2.5ms,distance,21.181216,51.868714275196574
2.5ms,distance,21.223143,51.89392918769172
2.5ms,distance,21.266027,51.91971979294147
2.5ms,distance,21.312438,51.94702329890989
2.5ms,distance,21.349025,51.96838966247302
2.5ms,distance,21.396416,51.994882067077604
2.5ms,distance,21.978235,52.22490435375105
2.5ms,distance,22.020117,52.232401981841896
2.5ms,distance,22.061969,52.239894232106984
2.5ms,distance,22.10403,52.246097441027736
2.5ms,distance,22.145929,52.25150222791504
2.5ms,distance,22.187899,52.25641848696064
2.5ms,distance,22.229853,52.25981995607049
2.5ms,distance,22.27608,52.263567858221485
2.5ms,distance,22.313917,52.26618095516537
2.5ms,distance,22.355851,52.26905716414087
2.5ms,distance,22.397633,52.271116628868555
2.5ms,distance,22.984884,52.25129536617879
2.5ms,distance,23.026762,52.247119090954975
2.5ms,distance,23.068704,52.242936443695115
2.5ms,distance,23.116031,52.23747841844397
2.5ms,distance,23.152621,52.23312808767447
2.5ms,distance,23.194557,52.22805143547723
2.5ms,distance,23.236491,52.22284250393485
2.5ms,distance,23.278514,52.217614336308536
2.5ms,distance,23.320343,52.21207618113887
2.5ms,distance,23.362481,52.20649714733588
2.5ms,distance,23.404137,52.20089077384625
2.5ms,distance,23.991492,52.12277817387431
2.5ms,distance,24.033416,52.11825169029162
2.5ms,distance,24.080828,52.113079405599784
2.5ms,distance,24.117419,52.10854063440599
2.5ms,distance,24.159159,52.10336319280091
2.5ms,distance,24.20114,52.09838581355164
2.5ms,distance,24.243054,52.0935947306783
2.5ms,distance,24.285029,52.088763285383465
2.5ms,distance,24.327083,52.08376940147062
2.5ms,distance,24.368912,52.07880221585487
2.5ms,distance,24.416566,52.07347122164232
2.5ms,distance,24.998058,52.00947461769869
2.5ms,distance,25.040874,52.00578833657703
2.5ms,distance,25.082019,52.00222891123786
2.5ms,distance,25.129972,51.99791904684828
2.5ms,distance,25.166455,51.99464007424968
2.5ms,distance,25.207829,51.99126317722024
2.5ms,distance,25.249735,51.98796908740806
2.5ms,distance,25.292062,51.98468351368876
2.5ms,distance,25.333705,51.98152925680778
2.5ms,distance,25.376943,51.978254184536404
2.5ms,distance,25.417535,51.975931021264856
2.5ms,distance,26.004695,51.9480058937036
2.5ms,distance,26.046659,51.94623046047621
2.5ms,distance,26.088607,51.94454136509024
2.5ms,distance,26.136207,51.94289498634371
2.5ms,distance,26.176423,51.941504005801825
2.5ms,distance,26.214503,51.939953833609906
2.5ms,distance,26.256379,51.93824159628335
2.5ms,distance,26.298401,51.93646420068507
2.5ms,distance,26.340169,51.9346380265178
2.5ms,distance,26.382135,51.93283665429411
2.5ms,distance,26.429634,51.931103714021404
2.5ms,distance,26.96971,51.921338850524485
2.5ms,distance,27.011447,51.92126485230539
2.5ms,distance,27.053259,51.921217933288645
2.5ms,distance,27.095637,51.921445313003595
2.5ms,distance,27.141175,51.9220850139309
2.5ms,distance,27.181155,51.922618779474405
2.5ms,distance,27.221019,51.92287388370526
2.5ms,distance,27.262943,51.923142170198005
2.5ms,distance,27.306181,51.923560032370595
2.5ms,distance,27.348117,51.92403489718883
2.5ms,distance,27.388809,51.92454894635857
2.5ms,distance,27.977369,51.931531488235926
2.5ms,distance,28.023667,51.930168974214666
2.5ms,distance,28.059971,51.92909881270224
2.5ms,distance,28.101908,51.92724939224647
2.5ms,distance,28.143833,51.924959686464895
2.5ms,distance,28.191643,51.92202243956409
2.5ms,distance,28.227809,51.919212533626386
2.5ms,distance,28.269916,51.915941049637546
2.5ms,distance,28.312625,51.91092774420901
2.5ms,distance,28.354995,51.905590390644335
2.5ms,distance,28.397003,51.89949258179408
2.5ms,distance,28.982683,51.705250646920824
2.5ms,distance,29.026125,51.684712125991545
2.5ms,distance,29.066609,51.66557211682167
2.5ms,distance,29.108543,51.64505675781241
2.5ms,distance,29.151647,51.62371988137305
2.5ms,distance,29.192396,51.60402265965268
2.5ms,distance,29.234338,51.584596609708484
2.5ms,distance,29.277549,51.56458178226372
2.5ms,distance,29.318273,51.54449106665723
2.5ms,distance,29.360158,51.52382741608446
2.5ms,distance,29.402091,51.50394023771506
2.5ms,distance,29.989302,51.23250931098491
2.5ms,distance,30.031219,51.213370064556024
2.5ms,distance,30.073166,51.1942172104542
2.5ms,distance,30.116676,51.17329134198299
2.5ms,distance,30.157139,51.153721555598416
2.5ms,distance,30.199085,51.13384585452721
2.5ms,distance,30.241035,51.114356962742136
2.5ms,distance,30.288629,51.09197174154537
2.5ms,distance,30.324712,51.07431784653092
2.5ms,distance,30.366821,51.053715803307114
2.5ms,distance,30.40869,51.03396644537456
2.5ms,distance,30.995956,50.66833415492882
2.5ms,distance,31.043584,50.649560229908005
2.5ms,distance,31.079884,50.635099221294155
2.5ms,distance,31.121779,50.61589310700324
2.5ms,distance,31.163705,50.59667289315255
2.5ms,distance,31.21112,50.576118681688094
2.5ms,distance,31.247646,50.56065906755033
2.5ms,distance,31.289582,50.54263168841669
2.5ms,distance,31.331656,50.52385508881583
2.5ms,distance,31.373414,50.50521946985468
2.5ms,distance,31.415488,50.48843107421474
2.5ms,distance,32.002606,50.27702932598379
2.5ms,distance,32.044587,50.26481122815148
2.5ms,distance,32.086516,50.252526581274516
2.5ms,distance,32.128394,50.23995853622409
2.5ms,distance,32.170367,50.227361941907944
2.5ms,distance,32.216367,50.21456900249444
2.5ms,distance,32.256187,50.203655924064876
2.5ms,distance,32.296182,50.19265773444556
2.5ms,distance,32.338041,50.18110256013493
2.5ms,distance,32.385557,50.16821133504907
2.5ms,distance,32.425939,50.15819653454264
2.5ms,distance,32.967226,50.04128676937559
2.5ms,distance,33.009175,50.03423337271103
2.5ms,distance,33.052652,50.027188190442885
2.5ms,distance,33.093084,50.02082348971904
2.5ms,distance,33.135145,50.01451301514028
2.5ms,distance,33.176982,50.0082361645666
2.5ms,distance,33.220265,50.00235267309988
2.5ms,distance,33.260853,49.996842634261704
2.5ms,distance,33.302883,50.01661041732444
2.5ms,distance,33.344757,50.05297092705857
2.5ms,distance,33.38762,50.08029646482521
2.5ms,distance,33.97396,50.03353616285526
2.5ms,distance,34.021238,50.03185911116992
2.5ms,distance,34.057859,50.03060098802693
2.5ms,distance,34.105097,50.029296811372255
2.5ms,distance,34.141721,50.02846171625718
2.5ms,distance,34.183719,50.027578936957916
2.5ms,distance,34.225588,50.02712919936843
2.5ms,distance,34.26762,50.02667771006344
2.5ms,distance,34.309931,50.026625613412875
2.5ms,distance,34.353993,50.02669924224621
2.5ms,distance,34.393493,50.026965173729415
2.5ms,distance,34.980761,50.05365759224845
2.5ms,distance,35.022548,50.05709237322517
2.5ms,distance,35.064538,50.06054383151099
2.5ms,distance,35.107792,50.06456320582596
2.5ms,distance,35.14987,50.068666749809346
2.5ms,distance,35.190314,50.07266325484888
2.5ms,distance,35.232191,50.076918371927356
2.5ms,distance,35.274071,50.08117380393949
2.5ms,distance,35.322086,50.08693792353647
2.5ms,distance,35.358227,50.09132808068835
2.5ms,distance,35.408904,50.097652112270325
2.5ms,distance,35.987694,50.188715315662186
2.5ms,distance,36.029105,50.19656754296428
2.5ms,distance,36.071051,50.20452121766153
2.5ms,distance,36.114511,50.214021514275764
2.5ms,distance,36.155051,50.22308867636575
2.5ms,distance,36.196894,50.232771239421304
2.5ms,distance,36.23892,50.24287329918054
2.5ms,distance,36.286511,50.25447115809547
2.5ms,distance,36.322832,50.263840121418944
2.5ms,distance,36.364702,50.27464049599319
2.5ms,distance,36.406654,50.28547049696373
2.5ms,distance,36.993902,50.45998819147573
2.5ms,distance,37.036158,50.473735364463835
2.5ms,distance,37.078224,50.48744047816862
2.5ms,distance,37.119839,50.50213123799822
2.5ms,distance,37.161934,50.516991423076966
2.5ms,distance,37.203817,50.53178410148419
2.5ms,distance,37.24569,50.546577575472504
2.5ms,distance,37.291537,50.56317570753537
2.5ms,distance,37.334735,50.57967120826333
2.5ms,distance,37.371895,50.59386106251981
2.5ms,distance,37.413571,50.60999357043399
2.5ms,distance,38.005987,50.86584429792227
2.5ms,distance,38.042643,50.88217972815043
2.5ms,distance,38.090609,50.90402977806819
2.5ms,distance,38.126561,50.92135381512056
2.5ms,distance,38.175102,50.94474403388069
2.5ms,distance,38.210414,50.961499830750746
2.5ms,distance,38.261048,50.985498730141735
2.5ms,distance,38.294187,51.00160437814792
2.5ms,distance,38.342027,51.025423324843935
2.5ms,distance,38.378196,51.04343580572297
2.5ms,distance,38.42031,51.06467507945185
2.5ms,distance,38.967568,51.36370069925217
2.5ms,distance,39.007296,51.385211480640855
2.5ms,distance,39.050743,51.40818439465402
2.5ms,distance,39.090972,51.43021156799747
2.5ms,distance,39.133401,51.45502870846983
2.5ms,distance,39.174947,51.479329452722986
2.5ms,distance,39.217868,51.50417963077257
2.5ms,distance,39.270837,51.53482747640644
2.5ms,distance,39.301754,51.554121284591446
2.5ms,distance,39.342754,51.58022039238435
2.5ms,distance,39.385831,51.60751006610524
2.5ms,distance,39.973092,51.9896972479139
2.5ms,distance,40.014184,52.0171301155868
2.5ms,distance,40.056185,52.04505783231432
2.5ms,distance,40.110488,52.08201518966045
2.5ms,distance,40.139832,52.10228310436108
2.5ms,distance,40.18167,52.13120178564556
2.5ms,distance,40.223925,52.16060353782986
2.5ms,distance,40.266006,52.18988435181328
2.5ms,distance,40.309034,52.221682510535445
2.5ms,distance,40.350738,52.253160057108545
2.5ms,distance,40.391379,52.27022054814346
2.5ms,distance,40.980262,52.643855182788094
2.5ms,distance,41.020679,52.675138437000406
2.5ms,distance,41.07453,52.71681973182036
2.5ms,distance,41.104714,52.73996148547678
2.5ms,distance,41.146318,52.771825413267656
2.5ms,distance,41.198232,52.83090319776388
2.5ms,distance,41.230169,52.8851398846853
2.5ms,distance,41.278336,52.96617906164424
2.5ms,distance,41.31412,52.99387765494495
2.5ms,distance,41.356487,53.026672200332534
2.5ms,distance,41.404052,53.06116937841309
2.5ms,distance,41.985095,53.35456735089483
2.5ms,distance,42.034153,53.36652130058484
2.5ms,distance,42.069074,53.375030481282856
2.5ms,distance,42.116915,53.384562932328485
2.5ms,distance,42.154257,53.39164814133723
2.5ms,distance,42.195085,53.398265449934144
2.5ms,distance,42.236903,53.40351220561368
2.5ms,distance,42.280082,53.4089911082447
2.5ms,distance,42.320792,53.415071381022635
2.5ms,distance,42.366534,53.421903221807895
2.5ms,distance,42.404836,53.42720704857327
2.5ms,distance,42.446422,53.43278378602664
2.5ms,distance,42.488455,53.42826404818321
2.5ms,distance,42.530383,53.39496875816377
2.5ms,distance,42.572289,53.361690886454916
2.5ms,distance,42.615139,53.3575424885929
2.5ms,distance,42.657629,53.3575424885929
2.5ms,power,0.0,7694.616624627895
2.5ms,power,0.042225,8427.120267327387
2.5ms,power,0.089267,7401.634008784817
2.5ms,power,0.125933,7695.058479309953
2.5ms,power,0.168538,7015.743011256897
2.5ms,power,0.212264,6777.110372422747
2.5ms,power,0.254582,7642.707635386821
2.5ms,power,0.294575,6409.474003379684
2.5ms,power,0.336473,5739.877524825769
2.5ms,power,0.378518,6027.587991891947
2.5ms,power,0.420419,5087.890820369478
2.5ms,power,1.012272,4959.549173059988
2.5ms,power,1.04865,6504.241846672063
2.5ms,power,1.090638,5683.204465792164
2.5ms,power,1.132508,6276.82881716556
2.5ms,power,1.174465,6732.133391429495
2.5ms,power,1.217975,6309.779710893241
2.5ms,power,1.258376,5761.118033854193
2.5ms,power,1.300332,4883.362775792926
2.5ms,power,1.3422,4486.896477522074
2.5ms,power,1.384111,4822.721638245359
2.5ms,power,1.426115,3829.2195027185367
2.5ms,power,2.017448,5043.285040526661
2.5ms,power,2.05532,5377.008926903507
2.5ms,power,2.097162,5060.1981186510875
2.5ms,power,2.139052,4469.567316866365
2.5ms,power,2.180985,3812.5336719824522
2.5ms,power,2.22305,4169.012472996453
2.5ms,power,2.265013,4111.162487666961
2.5ms,power,2.306928,3940.931488874173
2.5ms,power,2.348881,3710.690636525767
2.5ms,power,2.390792,3538.3612025908265
2.5ms,power,2.977947,4897.7892972238
2.5ms,power,3.019958,4927.717930239109
2.5ms,power,3.067617,4254.2243711398205
2.5ms,power,3.105041,4435.093009171284
2.5ms,power,3.146037,3078.423135308075
2.5ms,power,3.187783,3498.1186372105794
2.5ms,power,3.23061,3432.442861869663
2.5ms,power,3.273102,1951.5135151978834
2.5ms,power,3.313705,2584.3250569539427
2.5ms,power,3.355523,2024.6197173790438
2.5ms,power,3.397458,1419.0352356442738
2.5ms,power,3.984635,4030.6696714069735
2.5ms,power,4.032439,4019.678718504751
2.5ms,power,4.069649,3681.0988848440347
2.5ms,power,4.110495,4512.7819579501065
2.5ms,power,4.152405,4273.623755081862
2.5ms,power,4.19439,4263.109194003831
2.5ms,power,4.23928,4278.490037384685
2.5ms,power,4.278297,4234.274672243169
2.5ms,power,4.320843,4248.411585522288
2.5ms,power,4.362035,4131.961761681732
2.5ms,power,4.404015,4806.289733255789
2.5ms,power,4.991238,2842.4427874629246
2.5ms,power,5.033185,1582.1697127678815
2.5ms,power,5.076606,3239.968209720583
2.5ms,power,5.11704,2891.718693095855
2.5ms,power,5.15895,2919.5725714563087
2.5ms,power,5.20103,2474.5686492801124
2.5ms,power,5.242958,2657.988148957779
2.5ms,power,5.284832,3302.744616224512
2.5ms,power,5.327038,2897.613673352609
2.5ms,power,5.368765,3655.057044698482
2.5ms,power,5.410744,3946.413054914551
2.5ms,power,5.997975,5387.252824956334
2.5ms,power,6.039964,4529.854964565643
2.5ms,power,6.082163,4392.334800536043
2.5ms,power,6.124033,4811.330377348868
2.5ms,power,6.165883,4285.092414406018
2.5ms,power,6.207951,5024.492213149503
2.5ms,power,6.249708,4438.4596427139
2.5ms,power,6.291765,4778.473814932964
2.5ms,power,6.333844,4535.612968497202
2.5ms,power,6.375615,4810.684046993732
2.5ms,power,6.418211,4132.567361822431
2.5ms,power,7.004562,2316.2135048393097
2.5ms,power,7.046529,2848.950684023857
2.5ms,power,7.088463,2918.3803727410177
2.5ms,power,7.1319,2698.8949590526863
2.5ms,power,7.173782,3433.9088514402943
2.5ms,power,7.215885,4150.186983739408
2.5ms,power,7.256267,3790.2319190255366
2.5ms,power,7.302355,4189.760136332388
2.5ms,power,7.34007,3968.0940009027004
2.5ms,power,7.382041,3566.235690472518
2.5ms,power,7.423997,4704.386251149028
2.5ms,power,8.011068,4197.7827480707
2.5ms,power,8.052996,4378.0223845933
2.5ms,power,8.096275,4054.260228451055
2.5ms,power,8.136998,4671.279268037825
2.5ms,power,8.178927,4444.235029788591
2.5ms,power,8.220905,3745.6219777227916
2.5ms,power,8.26282,3471.740197653044
2.5ms,power,8.304834,3493.251350819176
2.5ms,power,8.352245,3230.2897702837745
2.5ms,power,8.388633,2517.665784015027
2.5ms,power,8.97583,5398.979996258552
2.5ms,power,9.017784,5120.959675685798
2.5ms,power,9.059698,5503.6788605441
2.5ms,power,9.101789,5642.042626567084
2.5ms,power,9.143632,6319.023975267066
2.5ms,power,9.186966,6075.745304075871
2.5ms,power,9.227569,5554.096506183521
2.5ms,power,9.269485,6414.850426939041
2.5ms,power,9.312846,6389.515865854001
2.5ms,power,9.354791,6746.789532807437
2.5ms,power,9.396694,6526.786728551807
2.5ms,power,9.982518,6383.881656171267
2.5ms,power,10.024553,6182.283154304728
2.5ms,power,10.066421,5954.202885357537
2.5ms,power,10.108346,6874.5892240918665
2.5ms,power,10.151606,6858.0088218082665
2.5ms,power,10.192074,6660.912925417957
2.5ms,power,10.23405,6562.674835766282
2.5ms,power,10.276234,7626.868623491558
2.5ms,power,10.318069,7780.332126586884
2.5ms,power,10.360089,7067.656259326709
2.5ms,power,10.403575,6848.459388796871
2.5ms,power,10.989077,11675.081926907407
2.5ms,power,11.030991,12151.739669693388
2.5ms,power,11.073071,11830.095392683865
2.5ms,power,11.115138,12055.234962455108
2.5ms,power,11.157078,12377.400454053346
2.5ms,power,11.198982,12450.891454028502
2.5ms,power,11.24619,12537.006022172916
2.5ms,power,11.28273,12121.464639225742
2.5ms,power,11.324666,12081.9609335571
2.5ms,power,11.366627,11504.65231982262
2.5ms,power,11.408622,12965.091052514827
2.5ms,power,11.995732,14773.000947674782
2.5ms,power,12.03769,14934.266135301059
2.5ms,power,12.079777,14389.428341668057
2.5ms,power,12.121757,14247.497639936635
2.5ms,power,12.163549,14757.379509926552
2.5ms,power,12.211096,14799.147340303089
2.5ms,power,12.247484,14287.916293147857
2.5ms,power,12.289376,15652.233067521069
2.5ms,power,12.331249,16994.704734122333
2.5ms,power,12.373231,16311.743162519451
2.5ms,power,12.416694,17120.40566108175
2.5ms,power,13.002441,22964.939995567158
2.5ms,power,13.044352,23577.99705233674
2.5ms,power,13.086222,23694.648551941005
2.5ms,power,13.128126,24956.953820528663
2.5ms,power,13.170067,24864.682624155892
2.5ms,power,13.214032,25592.316522737838
2.5ms,power,13.264334,24920.303549515604
2.5ms,power,13.296587,26201.60500809063
2.5ms,power,13.342634,26268.277788998654
2.5ms,power,13.381254,27099.3955836657
2.5ms,power,13.422427,27338.803265688133
2.5ms,power,14.00909,35022.2362792555
2.5ms,power,14.051563,35753.288813758096
2.5ms,power,14.093054,35904.58135113123
2.5ms,power,14.134922,36533.78614378751
2.5ms,power,14.176872,38476.667345288624
2.5ms,power,14.218819,39326.25636899602
2.5ms,power,14.260743,40495.31855659368
2.5ms,power,14.302686,42564.26588113555
2.5ms,power,14.344624,41578.201368024565
2.5ms,power,14.386494,43623.71998122122
2.5ms,power,14.973718,45049.54158479307
2.5ms,power,15.021676,44543.962744686294
2.5ms,power,15.057834,45044.69927749546
2.5ms,power,15.099686,44371.38233140815
2.5ms,power,15.141519,44790.87552169526
2.5ms,power,15.183459,43626.59230331885
2.5ms,power,15.225435,44675.85393699823
2.5ms,power,15.26728,43791.57897358806
2.5ms,power,15.309226,44023.681354471024
2.5ms,power,15.35117,44496.12632578256
2.5ms,power,15.393108,45832.10474110916
2.5ms,power,15.980397,43986.51743432298
2.5ms,power,16.022246,42393.35684986505
2.5ms,power,16.06421,42665.30704213905
2.5ms,power,16.106129,41165.7503879135
2.5ms,power,16.148025,41687.24459591927
2.5ms,power,16.190106,41469.1554772942
2.5ms,power,16.232028,41562.421981881664
2.5ms,power,16.275325,39667.204590190115
2.5ms,power,16.316064,40343.67729892753
2.5ms,power,16.358848,40667.41355188451
2.5ms,power,16.400886,40626.47934537276
2.5ms,power,16.986951,31530.841298639658
2.5ms,power,17.028908,32058.08872967944
2.5ms,power,17.077029,30525.94244245376
2.5ms,power,17.113428,30224.366081028067
2.5ms,power,17.155344,31344.22557665128
2.5ms,power,17.196747,30189.975157326644
2.5ms,power,17.23908,30787.491697116217
2.5ms,power,17.280551,30184.494297569407
2.5ms,power,17.322645,29551.366804261357
2.5ms,power,17.364492,29650.68641701234
2.5ms,power,17.406428,28347.46990473753
2.5ms,power,17.995072,23443.5988918084
2.5ms,power,18.03564,22070.712267618368
2.5ms,power,18.077556,21839.62421837885
2.5ms,power,18.119522,19791.69320699975
2.5ms,power,18.161345,19443.33471912676
2.5ms,power,18.203358,18815.302309556442
2.5ms,power,18.246705,19245.992751739257
2.5ms,power,18.28712,18735.83795830867
2.5ms,power,18.329044,17685.68879065783
2.5ms,power,18.376842,19209.039799011298
2.5ms,power,18.413016,18353.428126647075
2.5ms,power,19.00159,16744.356661275466
2.5ms,power,19.0421,16398.167245152734
2.5ms,power,19.084053,15367.435830352442
2.5ms,power,19.131238,15187.401785690663
2.5ms,power,19.168017,14733.827235311264
2.5ms,power,19.209911,13845.392374360503
2.5ms,power,19.255852,13357.000598936871
2.5ms,power,19.295972,13620.19221597111
2.5ms,power,19.335872,13888.99049607278
2.5ms,power,19.378249,14956.847963391217
2.5ms,power,19.419861,13698.591934939883
2.5ms,power,20.006784,5778.444859994772
2.5ms,power,20.048857,4444.953318090079
2.5ms,power,20.090726,4236.769642074018
2.5ms,power,20.132659,3232.222919292542
2.5ms,power,20.174655,3540.4955867787776
2.5ms,power,20.21656,3062.0493137766416
2.5ms,power,20.25854,3351.6111051254143
2.5ms,power,20.305986,4194.338207631807
2.5ms,power,20.342416,4833.93773232548
2.5ms,power,20.384358,4961.561246220789
2.5ms,power,20.426148,4432.047833676889
2.5ms,power,20.971551,5345.869901147988
2.5ms,power,21.013546,5303.961726860403
2.5ms,power,21.060944,4590.161870784079
2.5ms,power,21.097774,4976.717191080884
2.5ms,power,21.139631,5535.648110203539
2.5ms,power,21.181216,6223.097942343507
2.5ms,power,21.223143,5663.325259951082
2.5ms,power,21.266027,5358.293198398162
2.5ms,power,21.312438,4377.628695995128
2.5ms,power,21.349025,4889.481056308533
2.5ms,power,21.396416,3675.136596100885
2.5ms,power,21.978235,770.7197934398728
2.5ms,power,22.020117,1199.9770831145067
2.5ms,power,22.061969,747.9204503154062
2.5ms,power,22.10403,1978.2944674643356
2.5ms,power,22.145929,1442.7647070815115
2.5ms,power,22.187899,1652.564673469695
2.5ms,power,22.229853,1847.7277938051373
2.5ms,power,22.27608,3008.0134640656115
2.5ms,power,22.313917,2637.3670582609466
2.5ms,power,22.355851,2697.7472083203056
2.5ms,power,22.397633,2829.1065727540204
2.5ms,power,22.984884,700.1514121959622
2.5ms,power,23.026762,584.455301969278
2.5ms,power,23.068704,1215.7927454957116
2.5ms,power,23.116031,1718.2979951102777
2.5ms,power,23.152621,1469.8574760839908
2.5ms,power,23.194557,1709.3255980064184
2.5ms,power,23.236491,2493.7074808405255
2.5ms,power,23.278514,2380.232131536754
2.5ms,power,23.320343,2834.1224391334963
2.5ms,power,23.362481,2455.1712771210077
2.5ms,power,23.404137,2713.008846281191
2.5ms,power,23.991492,3915.7755298280313
2.5ms,power,24.033416,4155.7084835199885
2.5ms,power,24.080828,3533.79470258248
2.5ms,power,24.117419,3287.550455886571
2.5ms,power,24.159159,2243.27350093563
2.5ms,power,24.20114,1918.4496344705015
2.5ms,power,24.243054,2271.588871252895
2.5ms,power,24.285029,2627.194701578092
2.5ms,power,24.327083,3145.495986327117
2.5ms,power,24.368912,2416.881461718799
2.5ms,power,24.416566,2515.5428837529284
2.5ms,power,24.998058,4672.048158998364
2.5ms,power,25.040874,5288.236946279922
2.5ms,power,25.082019,6033.02328853453
2.5ms,power,25.129972,5602.576996347307
2.5ms,power,25.166455,5258.0547733929125
2.5ms,power,25.207829,4859.84073813124
2.5ms,power,25.249735,5389.1164396401755
2.5ms,power,25.292062,5372.335897912565
2.5ms,power,25.333705,5205.851515362304
2.5ms,power,25.376943,4869.55531850702
2.5ms,power,25.417535,3482.4798635455163
2.5ms,power,26.004695,5461.347818991207
2.5ms,power,26.046659,6086.671093463159
2.5ms,power,26.088607,5859.726700111532
2.5ms,power,26.136207,5696.42870577698
2.5ms,power,26.176423,6055.266550697831
2.5ms,power,26.214503,6330.0209320349
2.5ms,power,26.256379,6004.707819702804
2.5ms,power,26.298401,6129.158261947558
2.5ms,power,26.340169,5146.895957759395
2.5ms,power,26.382135,6136.879500202037
2.5ms,power,26.429634,6081.7236043740095
2.5ms,power,26.96971,5241.926840389896
2.5ms,power,27.011447,5165.307541666808
2.5ms,power,27.053259,5328.153901681144
2.5ms,power,27.095637,5767.812236888437
2.5ms,power,27.141175,6206.348523890679
2.5ms,power,27.181155,6716.536681951495
2.5ms,power,27.221019,6426.192963178121
2.5ms,power,27.262943,4962.6328697577455
2.5ms,power,27.306181,5899.157990764445
2.5ms,power,27.348117,4631.91461492977
2.5ms,power,27.388809,5025.770488193825
2.5ms,power,27.977369,5281.615283225388
2.5ms,power,28.023667,6315.757515927919
2.5ms,power,28.059971,5838.6548108275765
2.5ms,power,28.101908,5498.063750085116
2.5ms,power,28.143833,5309.009417961132
2.5ms,power,28.191643,6398.746830434848
2.5ms,power,28.227809,5802.882904212354
2.5ms,power,28.269916,5514.592006667401
2.5ms,power,28.312625,5963.47423906568
2.5ms,power,28.354995,5728.384152621051
2.5ms,power,28.397003,4405.013620864299
2.5ms,power,28.982683,6730.209060645888
2.5ms,power,29.026125,6942.657992440647
2.5ms,power,29.066609,7694.757760969478
2.5ms,power,29.108543,7921.5902443890645
2.5ms,power,29.151647,8040.745052543327
2.5ms,power,29.192396,7186.087739514456
2.5ms,power,29.234338,8141.369970711318
2.5ms,power,29.277549,8365.86456978596
2.5ms,power,29.318273,8341.792732980124
2.5ms,power,29.360158,8033.635789603608
2.5ms,power,29.402091,8689.203070477753
2.5ms,power,29.989302,10887.342559137192
2.5ms,power,30.031219,11313.038539667405
2.5ms,power,30.073166,12419.133383614173
2.5ms,power,30.116676,11575.512818013724
2.5ms,power,30.157139,11530.002992193888
2.5ms,power,30.199085,12320.94383559961
2.5ms,power,30.241035,13349.371370967247
2.5ms,power,30.288629,13221.373983062427
2.5ms,power,30.324712,12159.236530308965
2.5ms,power,30.366821,13437.115948000152
2.5ms,power,30.40869,13500.75023841268
2.5ms,power,30.995956,14789.138751124081
2.5ms,power,31.043584,14614.618195491801
2.5ms,power,31.079884,14667.940687090333
2.5ms,power,31.121779,14398.640283026729
2.5ms,power,31.163705,15218.2491765643
2.5ms,power,31.21112,13815.948212120658
2.5ms,power,31.247646,15807.416993297797
2.5ms,power,31.289582,16331.22007077242
2.5ms,power,31.331656,15768.207824607083
2.5ms,power,31.373414,16401.913607869054
2.5ms,power,31.415488,16989.199863442656
2.5ms,power,32.002606,23326.088506219814
2.5ms,power,32.044587,23361.977399184343
2.5ms,power,32.086516,23846.01570493486
2.5ms,power,32.128394,24225.61557525422
2.5ms,power,32.170367,24457.84111486539
2.5ms,power,32.216367,24322.90042326367
2.5ms,power,32.256187,24396.363192082546
2.5ms,power,32.296182,25539.780186994565
2.5ms,power,32.338041,25401.663823458497
2.5ms,power,32.385557,26424.34623599986
2.5ms,power,32.425939,26699.057380364575
2.5ms,power,32.967226,33455.17696859486
2.5ms,power,33.009175,35990.479421647055
2.5ms,power,33.052652,36170.009261818
2.5ms,power,33.093084,35394.3788192419
2.5ms,power,33.135145,36229.74203606755
2.5ms,power,33.176982,36074.84954923583
2.5ms,power,33.220265,36702.85581531769
2.5ms,power,33.260853,37592.69111143814
2.5ms,power,33.302883,39024.59742265127
2.5ms,power,33.344757,37095.671297336026
2.5ms,power,33.38762,39132.08721752521
2.5ms,power,33.97396,46340.18946875379
2.5ms,power,34.021238,45480.196624465025
2.5ms,power,34.057859,46425.195971584224
2.5ms,power,34.105097,46333.02257569649
2.5ms,power,34.141721,46873.872519773744
2.5ms,power,34.183719,47305.439264422865
2.5ms,power,34.225588,48434.93104155306
2.5ms,power,34.26762,47635.839753278204
2.5ms,power,34.309931,48544.10791228942
2.5ms,power,34.353993,48433.059659699386
2.5ms,power,34.393493,49223.25841510292
2.5ms,power,34.980761,45384.00878062668
2.5ms,power,35.022548,45010.52971250172
2.5ms,power,35.064538,45678.85949758378
2.5ms,power,35.107792,43640.40338951967
2.5ms,power,35.14987,43970.310551552844
2.5ms,power,35.190314,43182.40939317768
2.5ms,power,35.232191,43038.082485166546
2.5ms,power,35.274071,43045.3562187607
2.5ms,power,35.322086,42104.85825887554
2.5ms,power,35.358227,42180.31627430027
2.5ms,power,35.408904,43254.99292567275
2.5ms,power,35.987694,37214.36819294397
2.5ms,power,36.029105,35903.65230725142
2.5ms,power,36.071051,34675.3160908448
2.5ms,power,36.114511,34325.00209759644
2.5ms,power,36.155051,33781.171101665495
2.5ms,power,36.196894,32354.256906935752
2.5ms,power,36.23892,31914.199222289753
2.5ms,power,36.286511,31103.676711925873
2.5ms,power,36.322832,30218.262689969455
2.5ms,power,36.364702,29989.131447909593
2.5ms,power,36.406654,28942.44664847808
2.5ms,power,36.993902,23006.898378529862
2.5ms,power,37.036158,23068.542758483898
2.5ms,power,37.078224,22059.268641548388
2.5ms,power,37.119839,21156.034789156496
2.5ms,power,37.161934,20499.886950907803
2.5ms,power,37.203817,18187.052235037983
2.5ms,power,37.24569,18327.619594480893
2.5ms,power,37.291537,17468.361857941916
2.5ms,power,37.334735,16185.249241207255
2.5ms,power,37.371895,16466.557047543363
2.5ms,power,37.413571,15446.19597182426
2.5ms,power,38.005987,14662.08256012767
2.5ms,power,38.042643,13261.10195270363
2.5ms,power,38.090609,13931.85601418562
2.5ms,power,38.126561,12510.10331691949
2.5ms,power,38.175102,13021.115927600062
2.5ms,power,38.210414,12507.011833367713
2.5ms,power,38.261048,12124.734141415225
2.5ms,power,38.294187,11808.665038860236
2.5ms,power,38.342027,10809.223515128178
2.5ms,power,38.378196,11747.326674609845
2.5ms,power,38.42031,11227.97826859315
2.5ms,power,38.967568,8798.488336072282
2.5ms,power,39.007296,9626.407689268099
2.5ms,power,39.050743,9548.898261056089
2.5ms,power,39.090972,9820.298366139392
2.5ms,power,39.133401,10294.035408915204
2.5ms,power,39.174947,10239.320924748867
2.5ms,power,39.217868,10973.616814888335
2.5ms,power,39.270837,11380.816183385092
2.5ms,power,39.301754,11488.023024002
2.5ms,power,39.342754,11127.773586841171
2.5ms,power,39.385831,10283.610309614032
2.5ms,power,39.973092,9509.896424251949
2.5ms,power,40.014184,9193.612565254205
2.5ms,power,40.056185,9123.669930461097
2.5ms,power,40.110488,8640.398717651866
2.5ms,power,40.139832,8564.709919197496
2.5ms,power,40.18167,6689.019360115502
2.5ms,power,40.223925,6607.598656092848
2.5ms,power,40.266006,5828.608924949417
2.5ms,power,40.309034,5264.392462573435
2.5ms,power,40.350738,5776.573811525306
2.5ms,power,40.391379,5314.8592643643915
2.5ms,power,40.980262,3342.064332115706
2.5ms,power,41.020679,4314.97126294023
2.5ms,power,41.07453,5157.82667409443
2.5ms,power,41.104714,4143.278532756397
2.5ms,power,41.146318,4756.647243595009
2.5ms,power,41.198232,5211.22643914079
2.5ms,power,41.230169,3705.657971265022
2.5ms,power,41.278336,2473.0202182756207
2.5ms,power,41.31412,1917.3327828001065
2.5ms,power,41.356487,2532.1542212116547
2.5ms,power,41.404052,1727.6029636464507
2.5ms,power,41.985095,2025.777134829989
2.5ms,power,42.034153,1706.6891925596763
2.5ms,power,42.069074,2026.2174118292437
2.5ms,power,42.116915,2158.4431889674556
2.5ms,power,42.154257,2509.191303986207
2.5ms,power,42.195085,1257.6326967759705
2.5ms,power,42.236903,1551.0099935203511
2.5ms,power,42.280082,2283.705760381578
2.5ms,power,42.320792,1729.6696216329867
2.5ms,power,42.366534,2306.858686612598
2.5ms,power,42.404836,1610.1409876156808
2.5ms,power,42.446422,1278.7196721721302
2.5ms,power,42.488455,0.0
2.5ms,power,42.530383,0.0
2.5ms,power,42.572289,0.0
2.5ms,power,42.615139,0.0
2.5ms,power,42.657629,0.0
